"../../../Engine/Plugins/2D/Paper2D/Content/PlaceholderTextures/DummySpriteTexture.ubulk" 0
"../../../Engine/Plugins/2D/Paper2D/Content/PlaceholderTextures/DummySpriteTexture.uasset" 1
"../../../Engine/Plugins/2D/Paper2D/Content/PlaceholderTextures/DummySpriteTexture.uexp" 2
"../../../Engine/Plugins/2D/Paper2D/Content/DummySprite.uasset" 3
"../../../Engine/Plugins/2D/Paper2D/Content/DummySprite.uexp" 4
"../../../Engine/Plugins/2D/Paper2D/Content/DefaultPaperTerrainMaterial.uasset" 5
"../../../Engine/Plugins/2D/Paper2D/Content/DefaultPaperTerrainMaterial.uexp" 6
"../../../Engine/Plugins/2D/Paper2D/Content/DefaultSpriteMaterial.uasset" 7
"../../../Engine/Plugins/2D/Paper2D/Content/DefaultSpriteMaterial.uexp" 8
"../../../Engine/Plugins/2D/Paper2D/Content/MaskedUnlitSpriteMaterial.uasset" 9
"../../../Engine/Plugins/2D/Paper2D/Content/MaskedUnlitSpriteMaterial.uexp" 10
"../../../Engine/Plugins/2D/Paper2D/Content/OpaqueUnlitSpriteMaterial.uasset" 11
"../../../Engine/Plugins/2D/Paper2D/Content/OpaqueUnlitSpriteMaterial.uexp" 12
"../../../Engine/Plugins/Animation/ACLPlugin/Content/ACLAnimBoneCompressionSettings.uasset" 13
"../../../Engine/Plugins/Animation/ACLPlugin/Content/ACLAnimBoneCompressionSettings.uexp" 14
"../../../Engine/Plugins/Animation/ACLPlugin/Content/ACLAnimCurveCompressionSettings.uasset" 15
"../../../Engine/Plugins/Animation/ACLPlugin/Content/ACLAnimCurveCompressionSettings.uexp" 16
"../../../Engine/Content/Functions/Engine_MaterialFunctions02/WorldPositionOffset/CameraOffset.uasset" 17
"../../../Engine/Content/Functions/Engine_MaterialFunctions02/WorldPositionOffset/CameraOffset.uexp" 18
"../../../Engine/Plugins/Animation/ControlRig/Content/M_Manip.uasset" 19
"../../../Engine/Plugins/Animation/ControlRig/Content/M_Manip.uexp" 20
"../../../Engine/Content/EngineMaterials/T_Default_Material_Grid_M.ubulk" 21
"../../../Engine/Content/EngineMaterials/T_Default_Material_Grid_M.uasset" 22
"../../../Engine/Content/EngineMaterials/T_Default_Material_Grid_M.uexp" 23
"../../../Engine/Content/EngineMaterials/T_Default_Material_Grid_N.ubulk" 24
"../../../Engine/Content/EngineMaterials/T_Default_Material_Grid_N.uasset" 25
"../../../Engine/Content/EngineMaterials/T_Default_Material_Grid_N.uexp" 26
"../../../Engine/Content/Functions/Engine_MaterialFunctions01/Opacity/CameraDepthFade.uasset" 27
"../../../Engine/Content/Functions/Engine_MaterialFunctions01/Opacity/CameraDepthFade.uexp" 28
"../../../Engine/Content/EngineMaterials/WorldGridMaterial.uasset" 29
"../../../Engine/Content/EngineMaterials/WorldGridMaterial.uexp" 30
"../../../Engine/Plugins/Media/MediaPlate/Content/SM_MediaPlateScreen.ubulk" 31
"../../../Engine/Plugins/Media/MediaPlate/Content/SM_MediaPlateScreen.uasset" 32
"../../../Engine/Plugins/Media/MediaPlate/Content/SM_MediaPlateScreen.uexp" 33
"../../../Engine/Plugins/NNE/NNEDenoiser/Content/NNEDIM_ColorAlbedoNormal_Alpha.uasset" 34
"../../../Engine/Plugins/NNE/NNEDenoiser/Content/NNEDIM_ColorAlbedoNormal_Alpha.uexp" 35
"../../../Engine/Plugins/NNE/NNEDenoiser/Content/NNEDIM_ColorAlbedoNormal_Default.uasset" 36
"../../../Engine/Plugins/NNE/NNEDenoiser/Content/NNEDIM_ColorAlbedoNormal_Default.uexp" 37
"../../../Engine/Plugins/NNE/NNEDenoiser/Content/NNEDIM_HighQuality_Alpha.uasset" 38
"../../../Engine/Plugins/NNE/NNEDenoiser/Content/NNEDIM_HighQuality_Alpha.uexp" 39
"../../../Engine/Plugins/NNE/NNEDenoiser/Content/NNEDIM_HighQuality_Default.uasset" 40
"../../../Engine/Plugins/NNE/NNEDenoiser/Content/NNEDIM_HighQuality_Default.uexp" 41
"../../../Engine/Plugins/NNE/NNEDenoiser/Content/NNEDOM_Output_Alpha.uasset" 42
"../../../Engine/Plugins/NNE/NNEDenoiser/Content/NNEDOM_Output_Alpha.uexp" 43
"../../../Engine/Plugins/NNE/NNEDenoiser/Content/NNEDOM_Output_Default.uasset" 44
"../../../Engine/Plugins/NNE/NNEDenoiser/Content/NNEDOM_Output_Default.uexp" 45
"../../../Engine/Plugins/NNE/NNEDenoiser/Content/NNEDTIM_ColorAlbedoNormal_Alpha.uasset" 46
"../../../Engine/Plugins/NNE/NNEDenoiser/Content/NNEDTIM_ColorAlbedoNormal_Alpha.uexp" 47
"../../../Engine/Plugins/NNE/NNEDenoiser/Content/NNEDTIM_ColorAlbedoNormal_Default.uasset" 48
"../../../Engine/Plugins/NNE/NNEDenoiser/Content/NNEDTIM_ColorAlbedoNormal_Default.uexp" 49
"../../../Engine/Plugins/NNE/NNEDenoiser/Content/NNEDTOM_Output_Alpha.uasset" 50
"../../../Engine/Plugins/NNE/NNEDenoiser/Content/NNEDTOM_Output_Alpha.uexp" 51
"../../../Engine/Plugins/NNE/NNEDenoiser/Content/NNEDTOM_Output_Default.uasset" 52
"../../../Engine/Plugins/NNE/NNEDenoiser/Content/NNEDTOM_Output_Default.uexp" 53
"../../../Engine/Plugins/NNE/NNEDenoiser/Content/NNEDT_Oidn2-3_Balanced.uasset" 54
"../../../Engine/Plugins/NNE/NNEDenoiser/Content/NNEDT_Oidn2-3_Balanced.uexp" 55
"../../../Engine/Plugins/NNE/NNEDenoiser/Content/NNEDT_Oidn2-3_Balanced_Alpha.uasset" 56
"../../../Engine/Plugins/NNE/NNEDenoiser/Content/NNEDT_Oidn2-3_Balanced_Alpha.uexp" 57
"../../../Engine/Plugins/NNE/NNEDenoiser/Content/NNED_Oidn2-3_Balanced.uasset" 58
"../../../Engine/Plugins/NNE/NNEDenoiser/Content/NNED_Oidn2-3_Balanced.uexp" 59
"../../../Engine/Plugins/NNE/NNEDenoiser/Content/NNED_Oidn2-3_Balanced_Alpha.uasset" 60
"../../../Engine/Plugins/NNE/NNEDenoiser/Content/NNED_Oidn2-3_Balanced_Alpha.uexp" 61
"../../../Engine/Plugins/NNE/NNEDenoiser/Content/NNED_Oidn2-3_Fast.uasset" 62
"../../../Engine/Plugins/NNE/NNEDenoiser/Content/NNED_Oidn2-3_Fast.uexp" 63
"../../../Engine/Plugins/NNE/NNEDenoiser/Content/NNED_Oidn2-3_Fast_Alpha.uasset" 64
"../../../Engine/Plugins/NNE/NNEDenoiser/Content/NNED_Oidn2-3_Fast_Alpha.uexp" 65
"../../../Engine/Plugins/NNE/NNEDenoiser/Content/NNED_Oidn2-3_HighQuality.uasset" 66
"../../../Engine/Plugins/NNE/NNEDenoiser/Content/NNED_Oidn2-3_HighQuality.uexp" 67
"../../../Engine/Plugins/NNE/NNEDenoiser/Content/NNED_Oidn2-3_HighQuality_Alpha.uasset" 68
"../../../Engine/Plugins/NNE/NNEDenoiser/Content/NNED_Oidn2-3_HighQuality_Alpha.uexp" 69
"../../../Engine/Plugins/NNE/NNEDenoiser/Content/NNE_oidn2-3-0_rt_hdr_alb_nrm_small__dyn__fp16_opset11_DenoiseAlpha.uasset" 70
"../../../Engine/Plugins/NNE/NNEDenoiser/Content/NNE_oidn2-3-0_rt_hdr_alb_nrm_small__dyn__fp16_opset11_DenoiseAlpha.uexp" 71
"../../../Engine/Plugins/NNE/NNEDenoiser/Content/NNE_oidn2-3-0_rt_hdr_alb_nrm_small__dyn__fp16_opset11_ForwardAlpha.uasset" 72
"../../../Engine/Plugins/NNE/NNEDenoiser/Content/NNE_oidn2-3-0_rt_hdr_alb_nrm_small__dyn__fp16_opset11_ForwardAlpha.uexp" 73
"../../../Engine/Plugins/NNE/NNEDenoiser/Content/NNE_oidn2-3-0_rt_hdr_alb_nrm__dyn__fp16_opset11_DenoiseAlpha.uasset" 74
"../../../Engine/Plugins/NNE/NNEDenoiser/Content/NNE_oidn2-3-0_rt_hdr_alb_nrm__dyn__fp16_opset11_DenoiseAlpha.uexp" 75
"../../../Engine/Plugins/NNE/NNEDenoiser/Content/NNE_oidn2-3-0_rt_hdr_alb_nrm__dyn__fp16_opset11_ForwardAlpha.uasset" 76
"../../../Engine/Plugins/NNE/NNEDenoiser/Content/NNE_oidn2-3-0_rt_hdr_alb_nrm__dyn__fp16_opset11_ForwardAlpha.uexp" 77
"../../../Engine/Content/EditorLandscapeResources/DefaultAlphaTexture.uasset" 78
"../../../Engine/Content/EditorLandscapeResources/DefaultAlphaTexture.uexp" 79
"../../../Engine/Content/EditorLandscapeResources/ColorMaskBrushMaterial.uasset" 80
"../../../Engine/Content/EditorLandscapeResources/ColorMaskBrushMaterial.uexp" 81
"../../../Engine/Content/EditorLandscapeResources/ColorMaskBrushMaterial_MaskedRegion.uasset" 82
"../../../Engine/Content/EditorLandscapeResources/ColorMaskBrushMaterial_MaskedRegion.uexp" 83
"../../../Engine/Content/EditorLandscapeResources/LandscapeDirtyMaterial.uasset" 84
"../../../Engine/Content/EditorLandscapeResources/LandscapeDirtyMaterial.uexp" 85
"../../../Engine/Content/EngineMaterials/DefaultDiffuse.ubulk" 86
"../../../Engine/Content/EngineMaterials/DefaultDiffuse.uasset" 87
"../../../Engine/Content/EngineMaterials/DefaultDiffuse.uexp" 88
"../../../Engine/Content/Functions/Engine_MaterialFunctions01/Texturing/TextureCropping.uasset" 89
"../../../Engine/Content/Functions/Engine_MaterialFunctions01/Texturing/TextureCropping.uexp" 90
"../../../Engine/Content/Functions/Engine_MaterialFunctions02/ExampleContent/DebugNumberStrip.uasset" 91
"../../../Engine/Content/Functions/Engine_MaterialFunctions02/ExampleContent/DebugNumberStrip.uexp" 92
"../../../Engine/Content/Functions/Engine_MaterialFunctions01/Debug/DebugIntValues.uasset" 93
"../../../Engine/Content/Functions/Engine_MaterialFunctions01/Debug/DebugIntValues.uexp" 94
"../../../Engine/Content/Functions/Engine_MaterialFunctions02/Utility/BreakOutFloat2Components.uasset" 95
"../../../Engine/Content/Functions/Engine_MaterialFunctions02/Utility/BreakOutFloat2Components.uexp" 96
"../../../Engine/Content/Functions/Engine_MaterialFunctions01/Texturing/ScaleUVsByCenter.uasset" 97
"../../../Engine/Content/Functions/Engine_MaterialFunctions01/Texturing/ScaleUVsByCenter.uexp" 98
"../../../Engine/Content/Functions/Engine_MaterialFunctions02/WorldPositionOffset/LocalPosition.uasset" 99
"../../../Engine/Content/Functions/Engine_MaterialFunctions02/WorldPositionOffset/LocalPosition.uexp" 100
"../../../Engine/Content/EditorLandscapeResources/LandscapeLayerUsageMaterial.uasset" 101
"../../../Engine/Content/EditorLandscapeResources/LandscapeLayerUsageMaterial.uexp" 102
"../../../Engine/Content/EditorResources/S_Solver.ubulk" 103
"../../../Engine/Content/EditorResources/S_Solver.uasset" 104
"../../../Engine/Content/EditorResources/S_Solver.uexp" 105
"../../../Engine/Content/EditorResources/S_Terrain.ubulk" 106
"../../../Engine/Content/EditorResources/S_Terrain.uasset" 107
"../../../Engine/Content/EditorResources/S_Terrain.uexp" 108
"../../../Engine/Content/EditorLandscapeResources/WhiteSquareTexture.uasset" 109
"../../../Engine/Content/EditorLandscapeResources/WhiteSquareTexture.uexp" 110
"../../../Engine/Content/EditorLandscapeResources/LayerVisMaterial.uasset" 111
"../../../Engine/Content/EditorLandscapeResources/LayerVisMaterial.uexp" 112
"../../../Engine/Content/Functions/Engine_MaterialFunctions02/Utility/MakeFloat3.uasset" 113
"../../../Engine/Content/Functions/Engine_MaterialFunctions02/Utility/MakeFloat3.uexp" 114
"../../../Engine/Content/Functions/Engine_MaterialFunctions03/Math/WithinRangeFloat2.uasset" 115
"../../../Engine/Content/Functions/Engine_MaterialFunctions03/Math/WithinRangeFloat2.uexp" 116
"../../../Engine/Content/EditorLandscapeResources/MaskBrushMaterial.uasset" 117
"../../../Engine/Content/EditorLandscapeResources/MaskBrushMaterial.uexp" 118
"../../../Engine/Content/EditorLandscapeResources/MaskBrushMaterial_MaskedRegion.uasset" 119
"../../../Engine/Content/EditorLandscapeResources/MaskBrushMaterial_MaskedRegion.uexp" 120
"../../../Engine/Content/EditorResources/S_Trigger.ubulk" 121
"../../../Engine/Content/EditorResources/S_Trigger.uasset" 122
"../../../Engine/Content/EditorResources/S_Trigger.uexp" 123
"../../../Engine/Content/EditorResources/S_TriggerBox.uasset" 124
"../../../Engine/Content/EditorResources/S_TriggerBox.uexp" 125
"../../../Engine/Content/EditorResources/S_TriggerCapsule.uasset" 126
"../../../Engine/Content/EditorResources/S_TriggerCapsule.uexp" 127
"../../../Engine/Content/EditorLandscapeResources/SelectBrushMaterial.uasset" 128
"../../../Engine/Content/EditorLandscapeResources/SelectBrushMaterial.uexp" 129
"../../../Engine/Content/EditorLandscapeResources/SelectBrushMaterial_Selected.uasset" 130
"../../../Engine/Content/EditorLandscapeResources/SelectBrushMaterial_Selected.uexp" 131
"../../../Engine/Content/EditorLandscapeResources/SelectBrushMaterial_SelectedRegion.uasset" 132
"../../../Engine/Content/EditorLandscapeResources/SelectBrushMaterial_SelectedRegion.uexp" 133
"../../../Engine/Content/EditorResources/S_TriggerSphere.uasset" 134
"../../../Engine/Content/EditorResources/S_TriggerSphere.uexp" 135
"../../../Engine/Content/EditorLandscapeResources/SplineEditorMeshMat.uasset" 136
"../../../Engine/Content/EditorLandscapeResources/SplineEditorMeshMat.uexp" 137
"../../../Engine/Content/EditorLandscapeResources/SplineEditorMesh.ubulk" 138
"../../../Engine/Content/EditorLandscapeResources/SplineEditorMesh.uasset" 139
"../../../Engine/Content/EditorLandscapeResources/SplineEditorMesh.uexp" 140
"../../../Engine/Content/EngineMaterials/DefaultBloomKernel.uasset" 141
"../../../Engine/Content/EngineMaterials/DefaultBloomKernel.uexp" 142
"../../../Engine/Content/EngineMaterials/DefaultBokeh.uasset" 143
"../../../Engine/Content/EngineMaterials/DefaultBokeh.uexp" 144
"../../../Engine/Content/EngineMaterials/RemoveSurfaceMaterial.uasset" 145
"../../../Engine/Content/EngineMaterials/RemoveSurfaceMaterial.uexp" 146
"../../../Engine/Content/EngineMaterials/SMAAAreaTex.uasset" 147
"../../../Engine/Content/EngineMaterials/SMAAAreaTex.uexp" 148
"../../../Engine/Content/EngineMaterials/SMAASearchTex.uasset" 149
"../../../Engine/Content/EngineMaterials/SMAASearchTex.uexp" 150
"../../../Engine/Content/EngineDamageTypes/DmgTypeBP_Environmental.uasset" 151
"../../../Engine/Content/EngineDamageTypes/DmgTypeBP_Environmental.uexp" 152
"../../../Engine/Content/EngineMaterials/DefaultDeferredDecalMaterial.uasset" 153
"../../../Engine/Content/EngineMaterials/DefaultDeferredDecalMaterial.uexp" 154
"../../../Engine/Content/EngineMaterials/DefaultDestructiblePhysicalMaterial.uasset" 155
"../../../Engine/Content/EngineMaterials/DefaultDestructiblePhysicalMaterial.uexp" 156
"../../../Engine/Content/EngineSounds/Master.uasset" 157
"../../../Engine/Content/EngineSounds/Master.uexp" 158
"../../../Engine/Content/EngineMaterials/DefaultLightFunctionMaterial.uasset" 159
"../../../Engine/Content/EngineMaterials/DefaultLightFunctionMaterial.uexp" 160
"../../../Engine/Plugins/Animation/ControlRig/Content/Controls/ControlRig_Box_solid.ubulk" 161
"../../../Engine/Plugins/Animation/ControlRig/Content/Controls/ControlRig_Box_solid.uasset" 162
"../../../Engine/Plugins/Animation/ControlRig/Content/Controls/ControlRig_Box_solid.uexp" 163
"../../../Engine/Plugins/Animation/ControlRig/Content/Controls/ControlRig_Circle_1mm.ubulk" 164
"../../../Engine/Plugins/Animation/ControlRig/Content/Controls/ControlRig_Circle_1mm.uasset" 165
"../../../Engine/Plugins/Animation/ControlRig/Content/Controls/ControlRig_Circle_1mm.uexp" 166
"../../../Engine/Content/EngineMaterials/DefaultPhysicalMaterial.uasset" 167
"../../../Engine/Content/EngineMaterials/DefaultPhysicalMaterial.uexp" 168
"../../../Engine/Content/EngineDebugMaterials/DebugEditorMaterial.uasset" 169
"../../../Engine/Content/EngineDebugMaterials/DebugEditorMaterial.uexp" 170
"../../../Engine/Content/EngineMaterials/DefaultPostProcessMaterial.uasset" 171
"../../../Engine/Content/EngineMaterials/DefaultPostProcessMaterial.uexp" 172
"../../../Engine/Plugins/Animation/ControlRig/Content/Controls/ControlRig_Circle_3mm.ubulk" 173
"../../../Engine/Plugins/Animation/ControlRig/Content/Controls/ControlRig_Circle_3mm.uasset" 174
"../../../Engine/Plugins/Animation/ControlRig/Content/Controls/ControlRig_Circle_3mm.uexp" 175
"../../../Engine/Content/EngineFonts/RobotoDistanceField.uasset" 176
"../../../Engine/Content/EngineFonts/RobotoDistanceField.uexp" 177
"../../../Engine/Content/EngineMaterials/DefaultTextMaterialOpaque.uasset" 178
"../../../Engine/Content/EngineMaterials/DefaultTextMaterialOpaque.uexp" 179
"../../../Engine/Plugins/Animation/ControlRig/Content/Controls/ControlRig_Circle_solid.ubulk" 180
"../../../Engine/Plugins/Animation/ControlRig/Content/Controls/ControlRig_Circle_solid.uasset" 181
"../../../Engine/Plugins/Animation/ControlRig/Content/Controls/ControlRig_Circle_solid.uexp" 182
"../../../Engine/Content/EngineDebugMaterials/DebugMeshMaterial.uasset" 183
"../../../Engine/Content/EngineDebugMaterials/DebugMeshMaterial.uexp" 184
"../../../Engine/Plugins/Animation/ControlRig/Content/Controls/ControlRig_Diamond_1mm.ubulk" 185
"../../../Engine/Plugins/Animation/ControlRig/Content/Controls/ControlRig_Diamond_1mm.uasset" 186
"../../../Engine/Plugins/Animation/ControlRig/Content/Controls/ControlRig_Diamond_1mm.uexp" 187
"../../../Engine/Content/EngineMaterials/DefaultWhiteGrid.ubulk" 188
"../../../Engine/Content/EngineMaterials/DefaultWhiteGrid.uasset" 189
"../../../Engine/Content/EngineMaterials/DefaultWhiteGrid.uexp" 190
"../../../Engine/Plugins/Animation/ControlRig/Content/Controls/ControlRig_Diamond_3mm.ubulk" 191
"../../../Engine/Plugins/Animation/ControlRig/Content/Controls/ControlRig_Diamond_3mm.uasset" 192
"../../../Engine/Plugins/Animation/ControlRig/Content/Controls/ControlRig_Diamond_3mm.uexp" 193
"../../../Engine/Plugins/Animation/ControlRig/Content/Controls/ControlRig_Diamond_solid.ubulk" 194
"../../../Engine/Plugins/Animation/ControlRig/Content/Controls/ControlRig_Diamond_solid.uasset" 195
"../../../Engine/Plugins/Animation/ControlRig/Content/Controls/ControlRig_Diamond_solid.uexp" 196
"../../../Engine/Content/EngineMaterials/DefaultWhiteGrid_Low.uasset" 197
"../../../Engine/Content/EngineMaterials/DefaultWhiteGrid_Low.uexp" 198
"../../../Engine/Content/EngineMaterials/EmissiveMeshMaterial.uasset" 199
"../../../Engine/Content/EngineMaterials/EmissiveMeshMaterial.uexp" 200
"../../../Engine/Content/EngineMaterials/WeightMapPlaceholderTexture.uasset" 201
"../../../Engine/Content/EngineMaterials/WeightMapPlaceholderTexture.uexp" 202
"../../../Engine/Content/EngineMaterials/WeightMapArrayPlaceholderTexture.uasset" 203
"../../../Engine/Content/EngineMaterials/WeightMapArrayPlaceholderTexture.uexp" 204
"../../../Engine/Plugins/Animation/ControlRig/Content/Controls/ControlRig_HalfCircle_1mm.ubulk" 205
"../../../Engine/Plugins/Animation/ControlRig/Content/Controls/ControlRig_HalfCircle_1mm.uasset" 206
"../../../Engine/Plugins/Animation/ControlRig/Content/Controls/ControlRig_HalfCircle_1mm.uexp" 207
"../../../Engine/Plugins/Animation/ControlRig/Content/Controls/ControlRig_HalfCircle_3mm.ubulk" 208
"../../../Engine/Plugins/Animation/ControlRig/Content/Controls/ControlRig_HalfCircle_3mm.uasset" 209
"../../../Engine/Plugins/Animation/ControlRig/Content/Controls/ControlRig_HalfCircle_3mm.uexp" 210
"../../../Engine/Content/EngineMaterials/FastBlueNoise_scalar_128x128x64.uasset" 211
"../../../Engine/Content/EngineMaterials/FastBlueNoise_scalar_128x128x64.uexp" 212
"../../../Engine/Plugins/Animation/ControlRig/Content/Controls/ControlRig_HalfCircle_solid.ubulk" 213
"../../../Engine/Plugins/Animation/ControlRig/Content/Controls/ControlRig_HalfCircle_solid.uasset" 214
"../../../Engine/Plugins/Animation/ControlRig/Content/Controls/ControlRig_HalfCircle_solid.uexp" 215
"../../../Engine/Content/EngineResources/WhiteSquareTexture.uasset" 216
"../../../Engine/Content/EngineResources/WhiteSquareTexture.uexp" 217
"../../../Engine/Content/EngineMaterials/Widget3DPassThrough.uasset" 218
"../../../Engine/Content/EngineMaterials/Widget3DPassThrough.uexp" 219
"../../../Engine/Content/EngineMaterials/Widget3DPassThrough_Masked.uasset" 220
"../../../Engine/Content/EngineMaterials/Widget3DPassThrough_Masked.uexp" 221
"../../../Engine/Content/EngineMaterials/FastBlueNoise_scalar_128x128x8.uasset" 222
"../../../Engine/Content/EngineMaterials/FastBlueNoise_scalar_128x128x8.uexp" 223
"../../../Engine/Content/EngineMaterials/Widget3DPassThrough_Opaque.uasset" 224
"../../../Engine/Content/EngineMaterials/Widget3DPassThrough_Opaque.uexp" 225
"../../../Engine/Content/EngineMaterials/Widget3DPassThrough_Masked_OneSided.uasset" 226
"../../../Engine/Content/EngineMaterials/Widget3DPassThrough_Masked_OneSided.uexp" 227
"../../../Engine/Content/EngineMaterials/Widget3DPassThrough_Opaque_OneSided.uasset" 228
"../../../Engine/Content/EngineMaterials/Widget3DPassThrough_Opaque_OneSided.uexp" 229
"../../../Engine/Plugins/Animation/ControlRig/Content/Controls/ControlRig_Hexagon_1mm.ubulk" 230
"../../../Engine/Plugins/Animation/ControlRig/Content/Controls/ControlRig_Hexagon_1mm.uasset" 231
"../../../Engine/Plugins/Animation/ControlRig/Content/Controls/ControlRig_Hexagon_1mm.uexp" 232
"../../../Engine/Content/EngineMaterials/FastBlueNoise_vec2_128x128x64.uasset" 233
"../../../Engine/Content/EngineMaterials/FastBlueNoise_vec2_128x128x64.uexp" 234
"../../../Engine/Plugins/Animation/ControlRig/Content/Controls/ControlRig_Hexagon_3mm.ubulk" 235
"../../../Engine/Plugins/Animation/ControlRig/Content/Controls/ControlRig_Hexagon_3mm.uasset" 236
"../../../Engine/Plugins/Animation/ControlRig/Content/Controls/ControlRig_Hexagon_3mm.uexp" 237
"../../../Engine/Content/EngineMaterials/Widget3DPassThrough_Translucent.uasset" 238
"../../../Engine/Content/EngineMaterials/Widget3DPassThrough_Translucent.uexp" 239
"../../../Engine/Content/EngineMaterials/Widget3DPassThrough_Translucent_OneSided.uasset" 240
"../../../Engine/Content/EngineMaterials/Widget3DPassThrough_Translucent_OneSided.uexp" 241
"../../../Engine/Content/EngineMaterials/BaseFlattenDiffuseMap.uasset" 242
"../../../Engine/Content/EngineMaterials/BaseFlattenDiffuseMap.uexp" 243
"../../../Engine/Content/EngineMaterials/BaseFlattenEmissiveMap.uasset" 244
"../../../Engine/Content/EngineMaterials/BaseFlattenEmissiveMap.uexp" 245
"../../../Engine/Content/EngineMaterials/BaseFlattenGrayscaleMap.uasset" 246
"../../../Engine/Content/EngineMaterials/BaseFlattenGrayscaleMap.uexp" 247
"../../../Engine/Content/EngineMaterials/BaseFlattenLinearColor.uasset" 248
"../../../Engine/Content/EngineMaterials/BaseFlattenLinearColor.uexp" 249
"../../../Engine/Content/EngineMaterials/BaseFlattenNormalMap.uasset" 250
"../../../Engine/Content/EngineMaterials/BaseFlattenNormalMap.uexp" 251
"../../../Engine/Content/Functions/Engine_MaterialFunctions02/PivotPainter2/Black_1x1_EXR_Texture.uasset" 252
"../../../Engine/Content/Functions/Engine_MaterialFunctions02/PivotPainter2/Black_1x1_EXR_Texture.uexp" 253
"../../../Engine/Content/EngineMaterials/FlattenMaterial.uasset" 254
"../../../Engine/Content/EngineMaterials/FlattenMaterial.uexp" 255
"../../../Engine/Plugins/Animation/ControlRig/Content/Controls/ControlRig_Hexagon_solid.ubulk" 256
"../../../Engine/Plugins/Animation/ControlRig/Content/Controls/ControlRig_Hexagon_solid.uasset" 257
"../../../Engine/Plugins/Animation/ControlRig/Content/Controls/ControlRig_Hexagon_solid.uexp" 258
"../../../Engine/Content/EngineMaterials/BaseFlattenDiffuseMap_VT.ubulk" 259
"../../../Engine/Content/EngineMaterials/BaseFlattenDiffuseMap_VT.uasset" 260
"../../../Engine/Content/EngineMaterials/BaseFlattenDiffuseMap_VT.uexp" 261
"../../../Engine/Content/EngineMaterials/BaseFlattenEmissiveMap_VT.ubulk" 262
"../../../Engine/Content/EngineMaterials/BaseFlattenEmissiveMap_VT.uasset" 263
"../../../Engine/Content/EngineMaterials/BaseFlattenEmissiveMap_VT.uexp" 264
"../../../Engine/Content/EngineMaterials/BaseFlattenGrayscaleMap_VT.ubulk" 265
"../../../Engine/Content/EngineMaterials/BaseFlattenGrayscaleMap_VT.uasset" 266
"../../../Engine/Content/EngineMaterials/BaseFlattenGrayscaleMap_VT.uexp" 267
"../../../Engine/Content/EngineMaterials/BaseFlattenLinearColor_VT.ubulk" 268
"../../../Engine/Content/EngineMaterials/BaseFlattenLinearColor_VT.uasset" 269
"../../../Engine/Content/EngineMaterials/BaseFlattenLinearColor_VT.uexp" 270
"../../../Engine/Content/EngineMaterials/BaseFlattenNormalMap_VT.ubulk" 271
"../../../Engine/Content/EngineMaterials/BaseFlattenNormalMap_VT.uasset" 272
"../../../Engine/Content/EngineMaterials/BaseFlattenNormalMap_VT.uexp" 273
"../../../Engine/Content/EngineMaterials/Black_1x1_EXR_Texture_VT.ubulk" 274
"../../../Engine/Content/EngineMaterials/Black_1x1_EXR_Texture_VT.uasset" 275
"../../../Engine/Content/EngineMaterials/Black_1x1_EXR_Texture_VT.uexp" 276
"../../../Engine/Content/EngineMaterials/FlattenMaterial_VT.uasset" 277
"../../../Engine/Content/EngineMaterials/FlattenMaterial_VT.uexp" 278
"../../../Engine/Content/EngineMaterials/FlattenMaterial_WS_Normal_VT.uasset" 279
"../../../Engine/Content/EngineMaterials/FlattenMaterial_WS_Normal_VT.uexp" 280
"../../../Engine/Plugins/Animation/ControlRig/Content/Controls/ControlRig_Octagon_1mm.ubulk" 281
"../../../Engine/Plugins/Animation/ControlRig/Content/Controls/ControlRig_Octagon_1mm.uasset" 282
"../../../Engine/Plugins/Animation/ControlRig/Content/Controls/ControlRig_Octagon_1mm.uexp" 283
"../../../Engine/Content/EngineDebugMaterials/M_SimpleUnlitTranslucent.uasset" 284
"../../../Engine/Content/EngineDebugMaterials/M_SimpleUnlitTranslucent.uexp" 285
"../../../Engine/Content/EngineMaterials/GizmoMaterial.uasset" 286
"../../../Engine/Content/EngineMaterials/GizmoMaterial.uexp" 287
"../../../Engine/Content/Functions/Engine_MaterialFunctions02/Utility/CameraDirectionVector.uasset" 288
"../../../Engine/Content/Functions/Engine_MaterialFunctions02/Utility/CameraDirectionVector.uexp" 289
"../../../Engine/Content/EngineDebugMaterials/VolumeToRender.uasset" 290
"../../../Engine/Content/EngineDebugMaterials/VolumeToRender.uexp" 291
"../../../Engine/Content/EngineDebugMaterials/M_VolumeRenderSphereTracePP.uasset" 292
"../../../Engine/Content/EngineDebugMaterials/M_VolumeRenderSphereTracePP.uexp" 293
"../../../Engine/Plugins/Animation/ControlRig/Content/Controls/ControlRig_Octagon_3mm.ubulk" 294
"../../../Engine/Plugins/Animation/ControlRig/Content/Controls/ControlRig_Octagon_3mm.uasset" 295
"../../../Engine/Plugins/Animation/ControlRig/Content/Controls/ControlRig_Octagon_3mm.uexp" 296
"../../../Engine/Plugins/Animation/ControlRig/Content/Controls/ControlRig_Octagon_solid.ubulk" 297
"../../../Engine/Plugins/Animation/ControlRig/Content/Controls/ControlRig_Octagon_solid.uasset" 298
"../../../Engine/Plugins/Animation/ControlRig/Content/Controls/ControlRig_Octagon_solid.uexp" 299
"../../../Engine/Plugins/Animation/ControlRig/Content/Controls/ControlRig_Pyramid_1mm.ubulk" 300
"../../../Engine/Plugins/Animation/ControlRig/Content/Controls/ControlRig_Pyramid_1mm.uasset" 301
"../../../Engine/Plugins/Animation/ControlRig/Content/Controls/ControlRig_Pyramid_1mm.uexp" 302
"../../../Engine/Plugins/Animation/ControlRig/Content/Controls/ControlRig_Pyramid_3mm.ubulk" 303
"../../../Engine/Plugins/Animation/ControlRig/Content/Controls/ControlRig_Pyramid_3mm.uasset" 304
"../../../Engine/Plugins/Animation/ControlRig/Content/Controls/ControlRig_Pyramid_3mm.uexp" 305
"../../../Engine/Plugins/Animation/ControlRig/Content/Controls/ControlRig_Pyramid_solid.ubulk" 306
"../../../Engine/Plugins/Animation/ControlRig/Content/Controls/ControlRig_Pyramid_solid.uasset" 307
"../../../Engine/Plugins/Animation/ControlRig/Content/Controls/ControlRig_Pyramid_solid.uexp" 308
"../../../Engine/Plugins/Animation/ControlRig/Content/Controls/ControlRig_QuarterCircle_1mm.ubulk" 309
"../../../Engine/Plugins/Animation/ControlRig/Content/Controls/ControlRig_QuarterCircle_1mm.uasset" 310
"../../../Engine/Plugins/Animation/ControlRig/Content/Controls/ControlRig_QuarterCircle_1mm.uexp" 311
"../../../Engine/Plugins/Animation/ControlRig/Content/Controls/ControlRig_QuarterCircle_3mm.ubulk" 312
"../../../Engine/Plugins/Animation/ControlRig/Content/Controls/ControlRig_QuarterCircle_3mm.uasset" 313
"../../../Engine/Plugins/Animation/ControlRig/Content/Controls/ControlRig_QuarterCircle_3mm.uexp" 314
"../../../Engine/Plugins/Animation/ControlRig/Content/Controls/ControlRig_QuarterCircle_solid.ubulk" 315
"../../../Engine/Plugins/Animation/ControlRig/Content/Controls/ControlRig_QuarterCircle_solid.uasset" 316
"../../../Engine/Plugins/Animation/ControlRig/Content/Controls/ControlRig_QuarterCircle_solid.uexp" 317
"../../../Engine/Content/EngineMeshes/Sphere.ubulk" 318
"../../../Engine/Content/EngineMeshes/Sphere.uasset" 319
"../../../Engine/Content/EngineMeshes/Sphere.uexp" 320
"../../../Engine/Plugins/Animation/ControlRig/Content/Controls/ControlRig_RoundedSquare_1mm.ubulk" 321
"../../../Engine/Plugins/Animation/ControlRig/Content/Controls/ControlRig_RoundedSquare_1mm.uasset" 322
"../../../Engine/Plugins/Animation/ControlRig/Content/Controls/ControlRig_RoundedSquare_1mm.uexp" 323
"../../../Engine/Plugins/Animation/ControlRig/Content/Controls/ControlRig_RoundedSquare_3mm.ubulk" 324
"../../../Engine/Plugins/Animation/ControlRig/Content/Controls/ControlRig_RoundedSquare_3mm.uasset" 325
"../../../Engine/Plugins/Animation/ControlRig/Content/Controls/ControlRig_RoundedSquare_3mm.uexp" 326
"../../../Engine/Content/EngineMaterials/MiniFont.uasset" 327
"../../../Engine/Content/EngineMaterials/MiniFont.uexp" 328
"../../../Engine/Content/EngineMaterials/InvalidLightmapSettings.ubulk" 329
"../../../Engine/Content/EngineMaterials/InvalidLightmapSettings.uasset" 330
"../../../Engine/Content/EngineMaterials/InvalidLightmapSettings.uexp" 331
"../../../Engine/Content/EngineMaterials/M_InvalidLightmapSettings.uasset" 332
"../../../Engine/Content/EngineMaterials/M_InvalidLightmapSettings.uexp" 333
"../../../Engine/Plugins/Animation/ControlRig/Content/Controls/ControlRig_RoundedSquare_solid.ubulk" 334
"../../../Engine/Plugins/Animation/ControlRig/Content/Controls/ControlRig_RoundedSquare_solid.uasset" 335
"../../../Engine/Plugins/Animation/ControlRig/Content/Controls/ControlRig_RoundedSquare_solid.uexp" 336
"../../../Engine/Content/EngineMaterials/NaniteHiddenSectionMaterial.uasset" 337
"../../../Engine/Content/EngineMaterials/NaniteHiddenSectionMaterial.uexp" 338
"../../../Engine/Plugins/Animation/ControlRig/Content/Controls/ControlRig_RoundedTriangle_1mm.ubulk" 339
"../../../Engine/Plugins/Animation/ControlRig/Content/Controls/ControlRig_RoundedTriangle_1mm.uasset" 340
"../../../Engine/Plugins/Animation/ControlRig/Content/Controls/ControlRig_RoundedTriangle_1mm.uexp" 341
"../../../Engine/Plugins/Animation/ControlRig/Content/Controls/ControlRig_RoundedTriangle_3mm.ubulk" 342
"../../../Engine/Plugins/Animation/ControlRig/Content/Controls/ControlRig_RoundedTriangle_3mm.uasset" 343
"../../../Engine/Plugins/Animation/ControlRig/Content/Controls/ControlRig_RoundedTriangle_3mm.uexp" 344
"../../../Engine/Content/EngineFonts/Faces/DroidSansFallback.uexp" 345
"../../../Engine/Content/EngineFonts/Faces/DroidSansFallback.uasset" 346
"../../../Engine/Content/EngineFonts/Faces/DroidSansFallback.ufont" 347
"../../../Engine/Content/EngineFonts/Faces/RobotoBold.uexp" 348
"../../../Engine/Content/EngineFonts/Faces/RobotoBold.uasset" 349
"../../../Engine/Content/EngineFonts/Faces/RobotoBold.ufont" 350
"../../../Engine/Content/EngineFonts/Faces/RobotoBoldItalic.uexp" 351
"../../../Engine/Content/EngineFonts/Faces/RobotoBoldItalic.uasset" 352
"../../../Engine/Content/EngineFonts/Faces/RobotoBoldItalic.ufont" 353
"../../../Engine/Content/EngineFonts/Faces/RobotoItalic.uexp" 354
"../../../Engine/Content/EngineFonts/Faces/RobotoItalic.uasset" 355
"../../../Engine/Content/EngineFonts/Faces/RobotoItalic.ufont" 356
"../../../Engine/Content/EngineFonts/Faces/RobotoLight.uexp" 357
"../../../Engine/Content/EngineFonts/Faces/RobotoLight.uasset" 358
"../../../Engine/Content/EngineFonts/Faces/RobotoLight.ufont" 359
"../../../Engine/Content/EngineFonts/Faces/RobotoRegular.uexp" 360
"../../../Engine/Content/EngineFonts/Faces/RobotoRegular.uasset" 361
"../../../Engine/Content/EngineFonts/Faces/RobotoRegular.ufont" 362
"../../../Engine/Content/EngineFonts/Roboto.uasset" 363
"../../../Engine/Content/EngineFonts/Roboto.uexp" 364
"../../../Engine/Plugins/Animation/ControlRig/Content/Controls/ControlRig_RoundedTriangle_solid.ubulk" 365
"../../../Engine/Plugins/Animation/ControlRig/Content/Controls/ControlRig_RoundedTriangle_solid.uasset" 366
"../../../Engine/Plugins/Animation/ControlRig/Content/Controls/ControlRig_RoundedTriangle_solid.uexp" 367
"../../../Engine/Plugins/Animation/ControlRig/Content/Controls/ControlRig_Sphere_1mm.ubulk" 368
"../../../Engine/Plugins/Animation/ControlRig/Content/Controls/ControlRig_Sphere_1mm.uasset" 369
"../../../Engine/Plugins/Animation/ControlRig/Content/Controls/ControlRig_Sphere_1mm.uexp" 370
"../../../Engine/Content/EngineMaterials/PhAT_JointLimitMaterial.uasset" 371
"../../../Engine/Content/EngineMaterials/PhAT_JointLimitMaterial.uexp" 372
"../../../Engine/Plugins/Animation/ControlRig/Content/Controls/ControlRig_Sphere_3mm.ubulk" 373
"../../../Engine/Plugins/Animation/ControlRig/Content/Controls/ControlRig_Sphere_3mm.uasset" 374
"../../../Engine/Plugins/Animation/ControlRig/Content/Controls/ControlRig_Sphere_3mm.uexp" 375
"../../../Engine/Content/EngineMaterials/DefaultCalibrationColor.uasset" 376
"../../../Engine/Content/EngineMaterials/DefaultCalibrationColor.uexp" 377
"../../../Engine/Content/EngineMaterials/PPM_DefaultCalibrationColor.uasset" 378
"../../../Engine/Content/EngineMaterials/PPM_DefaultCalibrationColor.uexp" 379
"../../../Engine/Content/EngineMaterials/DefaultCalibrationGrayscale.uasset" 380
"../../../Engine/Content/EngineMaterials/DefaultCalibrationGrayscale.uexp" 381
"../../../Engine/Content/EngineMaterials/PPM_DefaultCalibrationGrayscale.uasset" 382
"../../../Engine/Content/EngineMaterials/PPM_DefaultCalibrationGrayscale.uexp" 383
"../../../Engine/Plugins/Animation/ControlRig/Content/Controls/ControlRig_Sphere_solid.ubulk" 384
"../../../Engine/Plugins/Animation/ControlRig/Content/Controls/ControlRig_Sphere_solid.uasset" 385
"../../../Engine/Plugins/Animation/ControlRig/Content/Controls/ControlRig_Sphere_solid.uexp" 386
"../../../Engine/Plugins/Animation/ControlRig/Content/Controls/ControlRig_Square_1mm.ubulk" 387
"../../../Engine/Plugins/Animation/ControlRig/Content/Controls/ControlRig_Square_1mm.uasset" 388
"../../../Engine/Plugins/Animation/ControlRig/Content/Controls/ControlRig_Square_1mm.uexp" 389
"../../../Engine/Plugins/Animation/ControlRig/Content/Controls/ControlRig_Square_3mm.ubulk" 390
"../../../Engine/Plugins/Animation/ControlRig/Content/Controls/ControlRig_Square_3mm.uasset" 391
"../../../Engine/Plugins/Animation/ControlRig/Content/Controls/ControlRig_Square_3mm.uexp" 392
"../../../Engine/Content/EngineMaterials/PreintegratedSkinBRDF.uasset" 393
"../../../Engine/Content/EngineMaterials/PreintegratedSkinBRDF.uexp" 394
"../../../Engine/Content/EngineResources/DefaultTexture.ubulk" 395
"../../../Engine/Content/EngineResources/DefaultTexture.uasset" 396
"../../../Engine/Content/EngineResources/DefaultTexture.uexp" 397
"../../../Engine/Plugins/Animation/ControlRig/Content/Controls/ControlRig_Square_solid.ubulk" 398
"../../../Engine/Plugins/Animation/ControlRig/Content/Controls/ControlRig_Square_solid.uasset" 399
"../../../Engine/Plugins/Animation/ControlRig/Content/Controls/ControlRig_Square_solid.uexp" 400
"../../../Engine/Plugins/Animation/ControlRig/Content/Controls/ControlRig_Star4_1mm.ubulk" 401
"../../../Engine/Plugins/Animation/ControlRig/Content/Controls/ControlRig_Star4_1mm.uasset" 402
"../../../Engine/Plugins/Animation/ControlRig/Content/Controls/ControlRig_Star4_1mm.uexp" 403
"../../../Engine/Content/EngineResources/DefaultTextureCube.uasset" 404
"../../../Engine/Content/EngineResources/DefaultTextureCube.uexp" 405
"../../../Engine/Plugins/Animation/ControlRig/Content/Controls/ControlRig_Star4_3mm.ubulk" 406
"../../../Engine/Plugins/Animation/ControlRig/Content/Controls/ControlRig_Star4_3mm.uasset" 407
"../../../Engine/Plugins/Animation/ControlRig/Content/Controls/ControlRig_Star4_3mm.uexp" 408
"../../../Engine/Plugins/Animation/ControlRig/Content/Controls/ControlRig_Star4_solid.ubulk" 409
"../../../Engine/Plugins/Animation/ControlRig/Content/Controls/ControlRig_Star4_solid.uasset" 410
"../../../Engine/Plugins/Animation/ControlRig/Content/Controls/ControlRig_Star4_solid.uexp" 411
"../../../Engine/Plugins/Animation/ControlRig/Content/Controls/ControlRig_Triangle_1mm.ubulk" 412
"../../../Engine/Plugins/Animation/ControlRig/Content/Controls/ControlRig_Triangle_1mm.uasset" 413
"../../../Engine/Plugins/Animation/ControlRig/Content/Controls/ControlRig_Triangle_1mm.uexp" 414
"../../../Engine/Plugins/Animation/ControlRig/Content/Controls/ControlRig_Triangle_3mm.ubulk" 415
"../../../Engine/Plugins/Animation/ControlRig/Content/Controls/ControlRig_Triangle_3mm.uasset" 416
"../../../Engine/Plugins/Animation/ControlRig/Content/Controls/ControlRig_Triangle_3mm.uexp" 417
"../../../Engine/Content/EngineResources/GradientTexture0.uasset" 418
"../../../Engine/Content/EngineResources/GradientTexture0.uexp" 419
"../../../Engine/Plugins/Animation/ControlRig/Content/Controls/ControlRig_Triangle_solid.ubulk" 420
"../../../Engine/Plugins/Animation/ControlRig/Content/Controls/ControlRig_Triangle_solid.uasset" 421
"../../../Engine/Plugins/Animation/ControlRig/Content/Controls/ControlRig_Triangle_solid.uexp" 422
"../../../Engine/Plugins/Animation/ControlRig/Content/Controls/ControlRig_Wedge_1mm.ubulk" 423
"../../../Engine/Plugins/Animation/ControlRig/Content/Controls/ControlRig_Wedge_1mm.uasset" 424
"../../../Engine/Plugins/Animation/ControlRig/Content/Controls/ControlRig_Wedge_1mm.uexp" 425
"../../../Engine/Plugins/Animation/ControlRig/Content/Controls/ControlRig_Wedge_3mm.ubulk" 426
"../../../Engine/Plugins/Animation/ControlRig/Content/Controls/ControlRig_Wedge_3mm.uasset" 427
"../../../Engine/Plugins/Animation/ControlRig/Content/Controls/ControlRig_Wedge_3mm.uexp" 428
"../../../Engine/Plugins/Animation/ControlRig/Content/Controls/ControlRig_Wedge_solid.ubulk" 429
"../../../Engine/Plugins/Animation/ControlRig/Content/Controls/ControlRig_Wedge_solid.uasset" 430
"../../../Engine/Plugins/Animation/ControlRig/Content/Controls/ControlRig_Wedge_solid.uexp" 431
"../../../Engine/Content/EngineResources/LandscapeVisibilityLayerInfo.uasset" 432
"../../../Engine/Content/EngineResources/LandscapeVisibilityLayerInfo.uexp" 433
"../../../Engine/Plugins/Animation/ControlRig/Content/Controls/DefaultGizmoLibraryNormalized.uasset" 434
"../../../Engine/Plugins/Animation/ControlRig/Content/Controls/DefaultGizmoLibraryNormalized.uexp" 435
"../../../Engine/Content/Functions/Engine_MaterialFunctions02/SplitComponents.uasset" 436
"../../../Engine/Content/Functions/Engine_MaterialFunctions02/SplitComponents.uexp" 437
"../../../Engine/Content/Functions/Engine_MaterialFunctions02/Utility/BreakOutFloat3Components.uasset" 438
"../../../Engine/Content/Functions/Engine_MaterialFunctions02/Utility/BreakOutFloat3Components.uexp" 439
"../../../Engine/Content/Functions/Engine_MaterialFunctions02/Math/Transform3x3Matrix.uasset" 440
"../../../Engine/Content/Functions/Engine_MaterialFunctions02/Math/Transform3x3Matrix.uexp" 441
"../../../Engine/Content/VREditor/SnapGrid/SnapGridMaterial.uasset" 442
"../../../Engine/Content/VREditor/SnapGrid/SnapGridMaterial.uexp" 443
"../../../Engine/Content/VREditor/SnapGrid/SnapGridPlaneMesh.ubulk" 444
"../../../Engine/Content/VREditor/SnapGrid/SnapGridPlaneMesh.uasset" 445
"../../../Engine/Content/VREditor/SnapGrid/SnapGridPlaneMesh.uexp" 446
"../../../Engine/Content/VREditor/LaserPointer/VR_LaserPower_01.ubulk" 447
"../../../Engine/Content/VREditor/LaserPointer/VR_LaserPower_01.uasset" 448
"../../../Engine/Content/VREditor/LaserPointer/VR_LaserPower_01.uexp" 449
"../../../Engine/Content/VREditor/TransformGizmo/TransformGizmoMaterial.uasset" 450
"../../../Engine/Content/VREditor/TransformGizmo/TransformGizmoMaterial.uexp" 451
"../../../Engine/Content/VREditor/TransformGizmo/TranslucentTransformGizmoMaterial.uasset" 452
"../../../Engine/Content/VREditor/TransformGizmo/TranslucentTransformGizmoMaterial.uexp" 453
"../../../Engine/Content/VREditor/TransformGizmo/PlaneTranslationHandle.ubulk" 454
"../../../Engine/Content/VREditor/TransformGizmo/PlaneTranslationHandle.uasset" 455
"../../../Engine/Content/VREditor/TransformGizmo/PlaneTranslationHandle.uexp" 456
"../../../Engine/Content/VREditor/TransformGizmo/RotationHandleFull.ubulk" 457
"../../../Engine/Content/VREditor/TransformGizmo/RotationHandleFull.uasset" 458
"../../../Engine/Content/VREditor/TransformGizmo/RotationHandleFull.uexp" 459
"../../../Engine/Content/VREditor/TransformGizmo/RotationHandleIndicator.ubulk" 460
"../../../Engine/Content/VREditor/TransformGizmo/RotationHandleIndicator.uasset" 461
"../../../Engine/Content/VREditor/TransformGizmo/RotationHandleIndicator.uexp" 462
"../../../Engine/Content/VREditor/TransformGizmo/RotationHandleQuarter.ubulk" 463
"../../../Engine/Content/VREditor/TransformGizmo/RotationHandleQuarter.uasset" 464
"../../../Engine/Content/VREditor/TransformGizmo/RotationHandleQuarter.uexp" 465
"../../../Engine/Content/VREditor/TransformGizmo/StartRotationHandleIndicator.ubulk" 466
"../../../Engine/Content/VREditor/TransformGizmo/StartRotationHandleIndicator.uasset" 467
"../../../Engine/Content/VREditor/TransformGizmo/StartRotationHandleIndicator.uexp" 468
"../../../Engine/Content/VREditor/TransformGizmo/TranslucentTransformGizmoMaterial_Inst.uasset" 469
"../../../Engine/Content/VREditor/TransformGizmo/TranslucentTransformGizmoMaterial_Inst.uexp" 470
"../../../Engine/Content/VREditor/TransformGizmo/TransformGizmoFreeRotation.ubulk" 471
"../../../Engine/Content/VREditor/TransformGizmo/TransformGizmoFreeRotation.uasset" 472
"../../../Engine/Content/VREditor/TransformGizmo/TransformGizmoFreeRotation.uexp" 473
"../../../Engine/Content/VREditor/TransformGizmo/TransformGizmoMaterial_Inst.uasset" 474
"../../../Engine/Content/VREditor/TransformGizmo/TransformGizmoMaterial_Inst.uexp" 475
"../../../Engine/Content/VREditor/TransformGizmo/TranslateArrowHandle.ubulk" 476
"../../../Engine/Content/VREditor/TransformGizmo/TranslateArrowHandle.uasset" 477
"../../../Engine/Content/VREditor/TransformGizmo/TranslateArrowHandle.uexp" 478
"../../../Engine/Content/VREditor/TransformGizmo/UniformScaleHandle.ubulk" 479
"../../../Engine/Content/VREditor/TransformGizmo/UniformScaleHandle.uasset" 480
"../../../Engine/Content/VREditor/TransformGizmo/UniformScaleHandle.uexp" 481
"../../../Engine/Content/VREditor/Sounds/UI/Drop_Item_From_ContentBrowser.ubulk" 482
"../../../Engine/Content/VREditor/Sounds/UI/Drop_Item_From_ContentBrowser.uasset" 483
"../../../Engine/Content/VREditor/Sounds/UI/Drop_Item_From_ContentBrowser.uexp" 484
"../../../Engine/Content/VREditor/Sounds/UI/Gizmo_Handle_Clicked.ubulk" 485
"../../../Engine/Content/VREditor/Sounds/UI/Gizmo_Handle_Clicked.uasset" 486
"../../../Engine/Content/VREditor/Sounds/UI/Gizmo_Handle_Clicked.uexp" 487
"../../../Engine/Content/VREditor/Sounds/UI/Object_PickUp.ubulk" 488
"../../../Engine/Content/VREditor/Sounds/UI/Object_PickUp.uasset" 489
"../../../Engine/Content/VREditor/Sounds/UI/Object_PickUp.uexp" 490
"../../../Engine/Content/VREditor/Sounds/UI/Object_Snaps_To_Another_Actor.ubulk" 491
"../../../Engine/Content/VREditor/Sounds/UI/Object_Snaps_To_Another_Actor.uasset" 492
"../../../Engine/Content/VREditor/Sounds/UI/Object_Snaps_To_Another_Actor.uexp" 493
"../../../Engine/Content/VREditor/Sounds/UI/Object_Snaps_To_Grid.ubulk" 494
"../../../Engine/Content/VREditor/Sounds/UI/Object_Snaps_To_Grid.uasset" 495
"../../../Engine/Content/VREditor/Sounds/UI/Object_Snaps_To_Grid.uexp" 496
"../../../Engine/Content/VREditor/Sounds/UI/Scaling_Down.ubulk" 497
"../../../Engine/Content/VREditor/Sounds/UI/Scaling_Down.uasset" 498
"../../../Engine/Content/VREditor/Sounds/UI/Scaling_Down.uexp" 499
"../../../Engine/Content/VREditor/Sounds/UI/Scaling_Up.ubulk" 500
"../../../Engine/Content/VREditor/Sounds/UI/Scaling_Up.uasset" 501
"../../../Engine/Content/VREditor/Sounds/UI/Scaling_Up.uexp" 502
"../../../Engine/Content/VREditor/Sounds/UI/Selection_Changes.ubulk" 503
"../../../Engine/Content/VREditor/Sounds/UI/Selection_Changes.uasset" 504
"../../../Engine/Content/VREditor/Sounds/UI/Selection_Changes.uexp" 505
"../../../Engine/Plugins/Animation/ControlRig/Content/Controls/ControlRigGizmoMaterial.uasset" 506
"../../../Engine/Plugins/Animation/ControlRig/Content/Controls/ControlRigGizmoMaterial.uexp" 507
"../../../Engine/Plugins/Animation/ControlRig/Content/Controls/ControlRigXRayMaterial.uasset" 508
"../../../Engine/Plugins/Animation/ControlRig/Content/Controls/ControlRigXRayMaterial.uexp" 509
"../../../Engine/Plugins/Animation/ControlRig/Content/Controls/ControlRig_Arrow2_1mm.ubulk" 510
"../../../Engine/Plugins/Animation/ControlRig/Content/Controls/ControlRig_Arrow2_1mm.uasset" 511
"../../../Engine/Plugins/Animation/ControlRig/Content/Controls/ControlRig_Arrow2_1mm.uexp" 512
"../../../Engine/Plugins/Animation/ControlRig/Content/Controls/ControlRig_Arrow2_3mm.ubulk" 513
"../../../Engine/Plugins/Animation/ControlRig/Content/Controls/ControlRig_Arrow2_3mm.uasset" 514
"../../../Engine/Plugins/Animation/ControlRig/Content/Controls/ControlRig_Arrow2_3mm.uexp" 515
"../../../Engine/Content/Functions/Engine_MaterialFunctions02/Utility/VectorLength.uasset" 516
"../../../Engine/Content/Functions/Engine_MaterialFunctions02/Utility/VectorLength.uexp" 517
"../../../Engine/Plugins/Experimental/MeshModelingToolsetExp/Content/Materials/GetDisplacementVectorForDepthBias.uasset" 518
"../../../Engine/Plugins/Experimental/MeshModelingToolsetExp/Content/Materials/GetDisplacementVectorForDepthBias.uexp" 519
"../../../Engine/Content/Functions/Engine_MaterialFunctions03/Viewport/MF_OrthoWidth.uasset" 520
"../../../Engine/Content/Functions/Engine_MaterialFunctions03/Viewport/MF_OrthoWidth.uexp" 521
"../../../Engine/Content/Functions/Engine_MaterialFunctions02/WorldPositionOffset/V2/ObjectScale.uasset" 522
"../../../Engine/Content/Functions/Engine_MaterialFunctions02/WorldPositionOffset/V2/ObjectScale.uexp" 523
"../../../Engine/Content/Functions/Engine_MaterialFunctions02/Utility/FOV.uasset" 524
"../../../Engine/Content/Functions/Engine_MaterialFunctions02/Utility/FOV.uexp" 525
"../../../Engine/Plugins/Experimental/MeshModelingToolsetExp/Content/Materials/PointSetOverlaidComponentMaterial.uasset" 526
"../../../Engine/Plugins/Experimental/MeshModelingToolsetExp/Content/Materials/PointSetOverlaidComponentMaterial.uexp" 527
"../../../Engine/Plugins/Animation/ControlRig/Content/Controls/ControlRig_Arrow2_solid.ubulk" 528
"../../../Engine/Plugins/Animation/ControlRig/Content/Controls/ControlRig_Arrow2_solid.uasset" 529
"../../../Engine/Plugins/Animation/ControlRig/Content/Controls/ControlRig_Arrow2_solid.uexp" 530
"../../../Engine/Plugins/Animation/ControlRig/Content/Controls/ControlRig_Arrow4_1mm.ubulk" 531
"../../../Engine/Plugins/Animation/ControlRig/Content/Controls/ControlRig_Arrow4_1mm.uasset" 532
"../../../Engine/Plugins/Animation/ControlRig/Content/Controls/ControlRig_Arrow4_1mm.uexp" 533
"../../../Engine/Plugins/Animation/ControlRig/Content/Controls/ControlRig_Arrow4_3mm.ubulk" 534
"../../../Engine/Plugins/Animation/ControlRig/Content/Controls/ControlRig_Arrow4_3mm.uasset" 535
"../../../Engine/Plugins/Animation/ControlRig/Content/Controls/ControlRig_Arrow4_3mm.uexp" 536
"../../../Engine/Plugins/Animation/ControlRig/Content/Controls/ControlRig_Arrow4_solid.ubulk" 537
"../../../Engine/Plugins/Animation/ControlRig/Content/Controls/ControlRig_Arrow4_solid.uasset" 538
"../../../Engine/Plugins/Animation/ControlRig/Content/Controls/ControlRig_Arrow4_solid.uexp" 539
"../../../Engine/Plugins/Animation/ControlRig/Content/Controls/ControlRig_Arrow_1mm.ubulk" 540
"../../../Engine/Plugins/Animation/ControlRig/Content/Controls/ControlRig_Arrow_1mm.uasset" 541
"../../../Engine/Plugins/Animation/ControlRig/Content/Controls/ControlRig_Arrow_1mm.uexp" 542
"../../../Engine/Plugins/Animation/ControlRig/Content/Controls/ControlRig_Arrow_3mm.ubulk" 543
"../../../Engine/Plugins/Animation/ControlRig/Content/Controls/ControlRig_Arrow_3mm.uasset" 544
"../../../Engine/Plugins/Animation/ControlRig/Content/Controls/ControlRig_Arrow_3mm.uexp" 545
"../../../Engine/Plugins/Animation/ControlRig/Content/Controls/ControlRig_Arrow_solid.ubulk" 546
"../../../Engine/Plugins/Animation/ControlRig/Content/Controls/ControlRig_Arrow_solid.uasset" 547
"../../../Engine/Plugins/Animation/ControlRig/Content/Controls/ControlRig_Arrow_solid.uexp" 548
"../../../Engine/Plugins/Animation/ControlRig/Content/Controls/ControlRig_Box_1mm.ubulk" 549
"../../../Engine/Plugins/Animation/ControlRig/Content/Controls/ControlRig_Box_1mm.uasset" 550
"../../../Engine/Plugins/Animation/ControlRig/Content/Controls/ControlRig_Box_1mm.uexp" 551
"../../../Engine/Plugins/Animation/ControlRig/Content/Controls/ControlRig_Box_3mm.ubulk" 552
"../../../Engine/Plugins/Animation/ControlRig/Content/Controls/ControlRig_Box_3mm.uasset" 553
"../../../Engine/Plugins/Animation/ControlRig/Content/Controls/ControlRig_Box_3mm.uexp" 554
"../../../Engine/Plugins/Interchange/Assets/Content/Functions/MX_MeasuredEDF.uasset" 555
"../../../Engine/Plugins/Interchange/Assets/Content/Functions/MX_MeasuredEDF.uexp" 556
"../../../Engine/Plugins/Interchange/Assets/Content/Functions/MF_IridescenceNoLUT.uasset" 557
"../../../Engine/Plugins/Interchange/Assets/Content/Functions/MF_IridescenceNoLUT.uexp" 558
"../../../Engine/Plugins/Interchange/Assets/Content/Functions/MX_StandardSurface.uasset" 559
"../../../Engine/Plugins/Interchange/Assets/Content/Functions/MX_StandardSurface.uexp" 560
"../../../Engine/Plugins/Interchange/Assets/Content/Functions/MX_OpenPBR_Opaque.uasset" 561
"../../../Engine/Plugins/Interchange/Assets/Content/Functions/MX_OpenPBR_Opaque.uexp" 562
"../../../Engine/Plugins/Interchange/Assets/Content/Functions/MX_TransmissionSurface.uasset" 563
"../../../Engine/Plugins/Interchange/Assets/Content/Functions/MX_TransmissionSurface.uexp" 564
"../../../Engine/Plugins/Interchange/Assets/Content/Functions/MX_OpenPBR_Translucent.uasset" 565
"../../../Engine/Plugins/Interchange/Assets/Content/Functions/MX_OpenPBR_Translucent.uexp" 566
"../../../Engine/Plugins/Interchange/Runtime/Content/Pipelines/DefaultAssetsPipeline.uasset" 567
"../../../Engine/Plugins/Interchange/Runtime/Content/Pipelines/DefaultAssetsPipeline.uexp" 568
"../../../Engine/Plugins/Interchange/Runtime/Content/Pipelines/DefaultAudioPipeline.uasset" 569
"../../../Engine/Plugins/Interchange/Runtime/Content/Pipelines/DefaultAudioPipeline.uexp" 570
"../../../Engine/Plugins/Interchange/Runtime/Content/Pipelines/DefaultGLTFAssetsPipeline.uasset" 571
"../../../Engine/Plugins/Interchange/Runtime/Content/Pipelines/DefaultGLTFAssetsPipeline.uexp" 572
"../../../Engine/Plugins/Interchange/Runtime/Content/Pipelines/DefaultGLTFPipeline.uasset" 573
"../../../Engine/Plugins/Interchange/Runtime/Content/Pipelines/DefaultGLTFPipeline.uexp" 574
"../../../Engine/Plugins/Interchange/Runtime/Content/Pipelines/DefaultGLTFSceneAssetsPipeline.uasset" 575
"../../../Engine/Plugins/Interchange/Runtime/Content/Pipelines/DefaultGLTFSceneAssetsPipeline.uexp" 576
"../../../Engine/Plugins/Interchange/Runtime/Content/Pipelines/DefaultMaterialPipeline.uasset" 577
"../../../Engine/Plugins/Interchange/Runtime/Content/Pipelines/DefaultMaterialPipeline.uexp" 578
"../../../Engine/Plugins/Interchange/Runtime/Content/Pipelines/DefaultMaterialXPipeline.uasset" 579
"../../../Engine/Plugins/Interchange/Runtime/Content/Pipelines/DefaultMaterialXPipeline.uexp" 580
"../../../Engine/Plugins/Interchange/Runtime/Content/Pipelines/DefaultSceneAssetsPipeline.uasset" 581
"../../../Engine/Plugins/Interchange/Runtime/Content/Pipelines/DefaultSceneAssetsPipeline.uexp" 582
"../../../Engine/Plugins/Interchange/Runtime/Content/Pipelines/DefaultSceneLevelPipeline.uasset" 583
"../../../Engine/Plugins/Interchange/Runtime/Content/Pipelines/DefaultSceneLevelPipeline.uexp" 584
"../../../Engine/Plugins/Interchange/Runtime/Content/Pipelines/DefaultTexturePipeline.uasset" 585
"../../../Engine/Plugins/Interchange/Runtime/Content/Pipelines/DefaultTexturePipeline.uexp" 586
"../../../Engine/Plugins/Interchange/Assets/Content/Functions/MX_OrenNayarBSDF.uasset" 587
"../../../Engine/Plugins/Interchange/Assets/Content/Functions/MX_OrenNayarBSDF.uexp" 588
"../../../Engine/Plugins/Interchange/Assets/Content/Functions/MX_SheenBSDF.uasset" 589
"../../../Engine/Plugins/Interchange/Assets/Content/Functions/MX_SheenBSDF.uexp" 590
"../../../Engine/Plugins/Interchange/Assets/Content/Functions/MX_SubsurfaceBSDF.uasset" 591
"../../../Engine/Plugins/Interchange/Assets/Content/Functions/MX_SubsurfaceBSDF.uexp" 592
"../../../Engine/Plugins/Interchange/Assets/Content/Functions/MX_Surface.uasset" 593
"../../../Engine/Plugins/Interchange/Assets/Content/Functions/MX_Surface.uexp" 594
"../../../Engine/Plugins/Interchange/Assets/Content/Functions/MX_SurfaceUnlit.uasset" 595
"../../../Engine/Plugins/Interchange/Assets/Content/Functions/MX_SurfaceUnlit.uexp" 596
"../../../Engine/Plugins/Interchange/Assets/Content/Functions/MX_TranslucentBSDF.uasset" 597
"../../../Engine/Plugins/Interchange/Assets/Content/Functions/MX_TranslucentBSDF.uexp" 598
"../../../Engine/Plugins/Interchange/Assets/Content/Functions/MX_UniformEDF.uasset" 599
"../../../Engine/Plugins/Interchange/Assets/Content/Functions/MX_UniformEDF.uexp" 600
"../../../Engine/Plugins/Interchange/Assets/Content/Functions/MX_UsdPreviewSurface.uasset" 601
"../../../Engine/Plugins/Interchange/Assets/Content/Functions/MX_UsdPreviewSurface.uexp" 602
"../../../Engine/Plugins/Runtime/AudioWidgets/Content/Resources/ScrubHandleDown_Clamped.uasset" 603
"../../../Engine/Plugins/Runtime/AudioWidgets/Content/Resources/ScrubHandleDown_Clamped.uexp" 604
"../../../Engine/Plugins/Interchange/Assets/Content/Substrate/MX_SimpleVolume.uasset" 605
"../../../Engine/Plugins/Interchange/Assets/Content/Substrate/MX_SimpleVolume.uexp" 606
"../../../Engine/Content/EditorMaterials/ParticleSystems/PSysThumbnail_NoImage.ubulk" 607
"../../../Engine/Content/EditorMaterials/ParticleSystems/PSysThumbnail_NoImage.uasset" 608
"../../../Engine/Content/EditorMaterials/ParticleSystems/PSysThumbnail_NoImage.uexp" 609
"../../../Engine/Content/EditorMaterials/ParticleSystems/PSysThumbnail_OOD.ubulk" 610
"../../../Engine/Content/EditorMaterials/ParticleSystems/PSysThumbnail_OOD.uasset" 611
"../../../Engine/Content/EditorMaterials/ParticleSystems/PSysThumbnail_OOD.uexp" 612
"../../../Engine/Content/EditorMaterials/Camera/CineMat.uasset" 613
"../../../Engine/Content/EditorMaterials/Camera/CineMat.uexp" 614
"../../../Engine/Content/EditorMaterials/Camera/MI_CineMat_Rig.uasset" 615
"../../../Engine/Content/EditorMaterials/Camera/MI_CineMat_Rig.uexp" 616
"../../../Engine/Content/EditorMeshes/Camera/SM_CraneRig_Arm.ubulk" 617
"../../../Engine/Content/EditorMeshes/Camera/SM_CraneRig_Arm.uasset" 618
"../../../Engine/Content/EditorMeshes/Camera/SM_CraneRig_Arm.uexp" 619
"../../../Engine/Plugins/Interchange/Assets/Content/Functions/MX_AbsorptionVDF.uasset" 620
"../../../Engine/Plugins/Interchange/Assets/Content/Functions/MX_AbsorptionVDF.uexp" 621
"../../../Engine/Content/EditorMeshes/Camera/SM_CraneRig_Base.ubulk" 622
"../../../Engine/Content/EditorMeshes/Camera/SM_CraneRig_Base.uasset" 623
"../../../Engine/Content/EditorMeshes/Camera/SM_CraneRig_Base.uexp" 624
"../../../Engine/Content/EditorMeshes/Camera/SM_CraneRig_Body.ubulk" 625
"../../../Engine/Content/EditorMeshes/Camera/SM_CraneRig_Body.uasset" 626
"../../../Engine/Content/EditorMeshes/Camera/SM_CraneRig_Body.uexp" 627
"../../../Engine/Content/EditorMeshes/Camera/SM_CraneRig_Mount.ubulk" 628
"../../../Engine/Content/EditorMeshes/Camera/SM_CraneRig_Mount.uasset" 629
"../../../Engine/Content/EditorMeshes/Camera/SM_CraneRig_Mount.uexp" 630
"../../../Engine/Content/EditorMeshes/Camera/SM_RailRig_Mount.ubulk" 631
"../../../Engine/Content/EditorMeshes/Camera/SM_RailRig_Mount.uasset" 632
"../../../Engine/Content/EditorMeshes/Camera/SM_RailRig_Mount.uexp" 633
"../../../Engine/Plugins/Interchange/Assets/Content/Functions/MX_AnisotropicVDF.uasset" 634
"../../../Engine/Plugins/Interchange/Assets/Content/Functions/MX_AnisotropicVDF.uexp" 635
"../../../Engine/Content/EditorMeshes/Camera/SM_RailRig_Track.ubulk" 636
"../../../Engine/Content/EditorMeshes/Camera/SM_RailRig_Track.uasset" 637
"../../../Engine/Content/EditorMeshes/Camera/SM_RailRig_Track.uexp" 638
"../../../Engine/Plugins/Interchange/Assets/Content/Functions/MX_BurleyDiffuseBSDF.uasset" 639
"../../../Engine/Plugins/Interchange/Assets/Content/Functions/MX_BurleyDiffuseBSDF.uexp" 640
"../../../Engine/Content/EditorMaterials/Dataflow/DataflowTwoSidedVertexMaterial.uasset" 641
"../../../Engine/Content/EditorMaterials/Dataflow/DataflowTwoSidedVertexMaterial.uexp" 642
"../../../Engine/Plugins/Interchange/Assets/Content/Functions/MX_ChiangHairBSDF.uasset" 643
"../../../Engine/Plugins/Interchange/Assets/Content/Functions/MX_ChiangHairBSDF.uexp" 644
"../../../Engine/Content/EditorMaterials/Dataflow/DataflowVertexMaterial.uasset" 645
"../../../Engine/Content/EditorMaterials/Dataflow/DataflowVertexMaterial.uexp" 646
"../../../Engine/Plugins/Runtime/HairStrands/Content/Materials/HairCardsDefaultMaterial.uasset" 647
"../../../Engine/Plugins/Runtime/HairStrands/Content/Materials/HairCardsDefaultMaterial.uexp" 648
"../../../Engine/Plugins/Interchange/Assets/Content/Functions/MX_ConductorBSDF.uasset" 649
"../../../Engine/Plugins/Interchange/Assets/Content/Functions/MX_ConductorBSDF.uexp" 650
"../../../Engine/Plugins/Interchange/Assets/Content/Functions/MX_ConicalEDF.uasset" 651
"../../../Engine/Plugins/Interchange/Assets/Content/Functions/MX_ConicalEDF.uexp" 652
"../../../Engine/Content/Functions/Engine_MaterialFunctions02/Utility/MakeFloat2.uasset" 653
"../../../Engine/Content/Functions/Engine_MaterialFunctions02/Utility/MakeFloat2.uexp" 654
"../../../Engine/Content/EngineMaterials/HairColorMap.uasset" 655
"../../../Engine/Content/EngineMaterials/HairColorMap.uexp" 656
"../../../Engine/Content/EngineMaterials/HairDebugColor.uasset" 657
"../../../Engine/Content/EngineMaterials/HairDebugColor.uexp" 658
"../../../Engine/Plugins/Runtime/HairStrands/Content/Materials/HairGroupColors.uasset" 659
"../../../Engine/Plugins/Runtime/HairStrands/Content/Materials/HairGroupColors.uexp" 660
"../../../Engine/Plugins/Runtime/HairStrands/Content/Materials/HairDebugMaterial.uasset" 661
"../../../Engine/Plugins/Runtime/HairStrands/Content/Materials/HairDebugMaterial.uexp" 662
"../../../Engine/Plugins/Runtime/HairStrands/Content/Materials/HairDefaultMaterial.uasset" 663
"../../../Engine/Plugins/Runtime/HairStrands/Content/Materials/HairDefaultMaterial.uexp" 664
"../../../Engine/Plugins/Interchange/Assets/Content/Functions/MX_DielectricBSDF.uasset" 665
"../../../Engine/Plugins/Interchange/Assets/Content/Functions/MX_DielectricBSDF.uexp" 666
"../../../Engine/Content/Functions/Engine_MaterialFunctions02/Utility/BlendAngleCorrectedNormals.uasset" 667
"../../../Engine/Content/Functions/Engine_MaterialFunctions02/Utility/BlendAngleCorrectedNormals.uexp" 668
"../../../Engine/Plugins/Interchange/Assets/Content/Functions/MX_Displacement.uasset" 669
"../../../Engine/Plugins/Interchange/Assets/Content/Functions/MX_Displacement.uexp" 670
"../../../Engine/Plugins/Runtime/HairStrands/Content/Materials/HairMeshesDefaultMaterial.uasset" 671
"../../../Engine/Plugins/Runtime/HairStrands/Content/Materials/HairMeshesDefaultMaterial.uexp" 672
"../../../Engine/Plugins/Interchange/Assets/Content/Functions/MX_GeneralizedSchlickBSDF.uasset" 673
"../../../Engine/Plugins/Interchange/Assets/Content/Functions/MX_GeneralizedSchlickBSDF.uexp" 674
"../../../Engine/Plugins/Animation/DeformerGraph/Content/DeformerFunctions/DG_Function_LinearBlendSkin_Morph_Cloth.uasset" 675
"../../../Engine/Plugins/Animation/DeformerGraph/Content/DeformerFunctions/DG_Function_LinearBlendSkin_Morph_Cloth.uexp" 676
"../../../Engine/Plugins/Animation/DeformerGraph/Content/Deformers/DG_LinearBlendSkin_Morph_Cloth.uasset" 677
"../../../Engine/Plugins/Animation/DeformerGraph/Content/Deformers/DG_LinearBlendSkin_Morph_Cloth.uexp" 678
"../../../Engine/Plugins/Animation/DeformerGraph/Content/DeformerFunctions/DG_Function_ComputeNormalsTangents.uasset" 679
"../../../Engine/Plugins/Animation/DeformerGraph/Content/DeformerFunctions/DG_Function_ComputeNormalsTangents.uexp" 680
"../../../Engine/Plugins/Animation/DeformerGraph/Content/DeformerFunctions/DG_Function_LinearBlendSkin_Morph_Cloth_PositionOnly.uasset" 681
"../../../Engine/Plugins/Animation/DeformerGraph/Content/DeformerFunctions/DG_Function_LinearBlendSkin_Morph_Cloth_PositionOnly.uexp" 682
"../../../Engine/Plugins/Animation/DeformerGraph/Content/Deformers/DG_LinearBlendSkin_Morph_Cloth_RecomputeNormals.uasset" 683
"../../../Engine/Plugins/Animation/DeformerGraph/Content/Deformers/DG_LinearBlendSkin_Morph_Cloth_RecomputeNormals.uexp" 684
"../../../Engine/Content/EngineMaterials/EnergyConservation/Diffuse_Energy.uasset" 685
"../../../Engine/Content/EngineMaterials/EnergyConservation/Diffuse_Energy.uexp" 686
"../../../Engine/Content/EditorResources/SequenceRecorder/Countdown.uasset" 687
"../../../Engine/Content/EditorResources/SequenceRecorder/Countdown.uexp" 688
"../../../Engine/Content/EngineMaterials/EnergyConservation/GGX_ReflectionEnergy.uasset" 689
"../../../Engine/Content/EngineMaterials/EnergyConservation/GGX_ReflectionEnergy.uexp" 690
"../../../Engine/Content/EditorResources/SequenceRecorder/RecordingIndicator.uasset" 691
"../../../Engine/Content/EditorResources/SequenceRecorder/RecordingIndicator.uexp" 692
"../../../Engine/Content/Functions/Engine_MaterialFunctions02/WorldPositionOffset/ObjectScale.uasset" 693
"../../../Engine/Content/Functions/Engine_MaterialFunctions02/WorldPositionOffset/ObjectScale.uexp" 694
"../../../Engine/Plugins/Editor/SpeedTreeImporter/Content/SpeedTree9/Empty.uasset" 695
"../../../Engine/Plugins/Editor/SpeedTreeImporter/Content/SpeedTree9/Empty.uexp" 696
"../../../Engine/Plugins/Editor/SpeedTreeImporter/Content/SpeedTree9/EmptyNormal.uasset" 697
"../../../Engine/Plugins/Editor/SpeedTreeImporter/Content/SpeedTree9/EmptyNormal.uexp" 698
"../../../Engine/Plugins/Editor/SpeedTreeImporter/Content/SpeedTree9/game_wind_noise.ubulk" 699
"../../../Engine/Plugins/Editor/SpeedTreeImporter/Content/SpeedTree9/game_wind_noise.uasset" 700
"../../../Engine/Plugins/Editor/SpeedTreeImporter/Content/SpeedTree9/game_wind_noise.uexp" 701
"../../../Engine/Plugins/Editor/SpeedTreeImporter/Content/SpeedTree9/SpeedTreeBillboard.uasset" 702
"../../../Engine/Plugins/Editor/SpeedTreeImporter/Content/SpeedTree9/SpeedTreeBillboard.uexp" 703
"../../../Engine/Content/Functions/Engine_MaterialFunctions02/SafeNormalize.uasset" 704
"../../../Engine/Content/Functions/Engine_MaterialFunctions02/SafeNormalize.uexp" 705
"../../../Engine/Plugins/Editor/SpeedTreeImporter/Content/SpeedTree9/SpeedTreeWindMotion.uasset" 706
"../../../Engine/Plugins/Editor/SpeedTreeImporter/Content/SpeedTree9/SpeedTreeWindMotion.uexp" 707
"../../../Engine/Plugins/Editor/SpeedTreeImporter/Content/SpeedTree9/UnpackDirection.uasset" 708
"../../../Engine/Plugins/Editor/SpeedTreeImporter/Content/SpeedTree9/UnpackDirection.uexp" 709
"../../../Engine/Plugins/Editor/SpeedTreeImporter/Content/SpeedTree9/UnpackInteger3.uasset" 710
"../../../Engine/Plugins/Editor/SpeedTreeImporter/Content/SpeedTree9/UnpackInteger3.uexp" 711
"../../../Engine/Plugins/Editor/SpeedTreeImporter/Content/SpeedTree9/SpeedTreeBranchMotion.uasset" 712
"../../../Engine/Plugins/Editor/SpeedTreeImporter/Content/SpeedTree9/SpeedTreeBranchMotion.uexp" 713
"../../../Engine/Content/Functions/Engine_MaterialFunctions02/ObjectLocalBounds.uasset" 714
"../../../Engine/Content/Functions/Engine_MaterialFunctions02/ObjectLocalBounds.uexp" 715
"../../../Engine/Content/Functions/Engine_MaterialFunctions02/UVs/BoundingBoxBased_0-1_UVW.uasset" 716
"../../../Engine/Content/Functions/Engine_MaterialFunctions02/UVs/BoundingBoxBased_0-1_UVW.uexp" 717
"../../../Engine/Plugins/Editor/SpeedTreeImporter/Content/SpeedTree9/SpeedTreeWind.uasset" 718
"../../../Engine/Plugins/Editor/SpeedTreeImporter/Content/SpeedTree9/SpeedTreeWind.uexp" 719
"../../../Engine/Plugins/Editor/SpeedTreeImporter/Content/SpeedTree9/SpeedTreeBillboardMaster.uasset" 720
"../../../Engine/Plugins/Editor/SpeedTreeImporter/Content/SpeedTree9/SpeedTreeBillboardMaster.uexp" 721
"../../../Engine/Content/EngineMaterials/EnergyConservation/GGX_TransmissionEnergyArray.uasset" 722
"../../../Engine/Content/EngineMaterials/EnergyConservation/GGX_TransmissionEnergyArray.uexp" 723
"../../../Engine/Plugins/Editor/SpeedTreeImporter/Content/SpeedTree9/SpeedTreeCameraFacing.uasset" 724
"../../../Engine/Plugins/Editor/SpeedTreeImporter/Content/SpeedTree9/SpeedTreeCameraFacing.uexp" 725
"../../../Engine/Plugins/Editor/SpeedTreeImporter/Content/SpeedTree9/SpeedTreeMaster.uasset" 726
"../../../Engine/Plugins/Editor/SpeedTreeImporter/Content/SpeedTree9/SpeedTreeMaster.uexp" 727
"../../../Engine/Content/EngineMaterials/EnergyConservation/SheenLegacy_Energy.uasset" 728
"../../../Engine/Content/EngineMaterials/EnergyConservation/SheenLegacy_Energy.uexp" 729
"../../../Engine/Content/EngineMaterials/EnergyConservation/Sheen_Energy.uasset" 730
"../../../Engine/Content/EngineMaterials/EnergyConservation/Sheen_Energy.uexp" 731
"../../../Engine/Content/EngineMaterials/LTC/GGX_LTCAmp.uasset" 732
"../../../Engine/Content/EngineMaterials/LTC/GGX_LTCAmp.uexp" 733
"../../../Engine/Content/EngineMaterials/LTC/GGX_LTCMat.uasset" 734
"../../../Engine/Content/EngineMaterials/LTC/GGX_LTCMat.uexp" 735
"../../../Engine/Content/EngineMaterials/LTC/Sheen_LTC.uasset" 736
"../../../Engine/Content/EngineMaterials/LTC/Sheen_LTC.uexp" 737
"../../../Engine/Content/EngineResources/Development/ZenLogo_64.uasset" 738
"../../../Engine/Content/EngineResources/Development/ZenLogo_64.uexp" 739
"../../../Engine/Content/EngineResources/FilmGrains/Marcie_Grain_v3_128_M2_000.uasset" 740
"../../../Engine/Content/EngineResources/FilmGrains/Marcie_Grain_v3_128_M2_000.uexp" 741
"../../../Engine/Content/EditorMaterials/PhAT_NoCollisionMaterial.uasset" 742
"../../../Engine/Content/EditorMaterials/PhAT_NoCollisionMaterial.uexp" 743
"../../../Engine/Content/EditorMaterials/PhAT_UnselectedMaterial.uasset" 744
"../../../Engine/Content/EditorMaterials/PhAT_UnselectedMaterial.uexp" 745
"../../../Engine/Content/EditorMaterials/PreviewShadowIndicator.ubulk" 746
"../../../Engine/Content/EditorMaterials/PreviewShadowIndicator.uasset" 747
"../../../Engine/Content/EditorMaterials/PreviewShadowIndicator.uexp" 748
"../../../Engine/Content/EditorMaterials/PreviewShadowIndicatorMaterial.uasset" 749
"../../../Engine/Content/EditorMaterials/PreviewShadowIndicatorMaterial.uexp" 750
"../../../Engine/Content/MobileResources/HUD/VirtualJoystick_Background.uasset" 751
"../../../Engine/Content/MobileResources/HUD/VirtualJoystick_Background.uexp" 752
"../../../Engine/Content/MobileResources/HUD/VirtualJoystick_Thumb.uasset" 753
"../../../Engine/Content/MobileResources/HUD/VirtualJoystick_Thumb.uexp" 754
"../../../Engine/Content/MobileResources/HUD/DefaultVirtualJoysticks.uasset" 755
"../../../Engine/Content/MobileResources/HUD/DefaultVirtualJoysticks.uexp" 756
"../../../Engine/Content/VREditor/TransformGizmo/BoundingBoxCorner.ubulk" 757
"../../../Engine/Content/VREditor/TransformGizmo/BoundingBoxCorner.uasset" 758
"../../../Engine/Content/VREditor/TransformGizmo/BoundingBoxCorner.uexp" 759
"../../../Engine/Content/VREditor/TransformGizmo/BoundingBoxEdge.ubulk" 760
"../../../Engine/Content/VREditor/TransformGizmo/BoundingBoxEdge.uasset" 761
"../../../Engine/Content/VREditor/TransformGizmo/BoundingBoxEdge.uexp" 762
"../../../Engine/Content/EditorResources/BSPVertex.uasset" 763
"../../../Engine/Content/EditorResources/BSPVertex.uexp" 764
"../../../Engine/Content/Functions/Engine_MaterialFunctions01/Texturing/FlattenNormal.uasset" 765
"../../../Engine/Content/Functions/Engine_MaterialFunctions01/Texturing/FlattenNormal.uexp" 766
"../../../Engine/Plugins/Interchange/Assets/Content/Utilities/New_LUT.uasset" 767
"../../../Engine/Plugins/Interchange/Assets/Content/Utilities/New_LUT.uexp" 768
"../../../Engine/Content/Functions/Engine_MaterialFunctions03/Math/RemapValueRange.uasset" 769
"../../../Engine/Content/Functions/Engine_MaterialFunctions03/Math/RemapValueRange.uexp" 770
"../../../Engine/Plugins/Interchange/Assets/Content/Functions/MF_Iridescence.uasset" 771
"../../../Engine/Plugins/Interchange/Assets/Content/Functions/MF_Iridescence.uexp" 772
"../../../Engine/Plugins/Interchange/Assets/Content/gltf/Textures/T_White_srgb.uasset" 773
"../../../Engine/Plugins/Interchange/Assets/Content/gltf/Textures/T_White_srgb.uexp" 774
"../../../Engine/Plugins/Interchange/Assets/Content/gltf/MaterialFunctions/MF_BaseColor.uasset" 775
"../../../Engine/Plugins/Interchange/Assets/Content/gltf/MaterialFunctions/MF_BaseColor.uexp" 776
"../../../Engine/Plugins/Interchange/Assets/Content/gltf/MaterialFunctions/MF_RotateNormals_TS.uasset" 777
"../../../Engine/Plugins/Interchange/Assets/Content/gltf/MaterialFunctions/MF_RotateNormals_TS.uexp" 778
"../../../Engine/Plugins/Interchange/Assets/Content/gltf/Textures/T_Generic_N.uasset" 779
"../../../Engine/Plugins/Interchange/Assets/Content/gltf/Textures/T_Generic_N.uexp" 780
"../../../Engine/Plugins/Interchange/Assets/Content/gltf/Textures/T_White_Linear.uasset" 781
"../../../Engine/Plugins/Interchange/Assets/Content/gltf/Textures/T_White_Linear.uexp" 782
"../../../Engine/Plugins/Interchange/Assets/Content/gltf/MaterialFunctions/MF_Clearcoat.uasset" 783
"../../../Engine/Plugins/Interchange/Assets/Content/gltf/MaterialFunctions/MF_Clearcoat.uexp" 784
"../../../Engine/Plugins/Interchange/Assets/Content/gltf/MaterialFunctions/MF_Emissive.uasset" 785
"../../../Engine/Plugins/Interchange/Assets/Content/gltf/MaterialFunctions/MF_Emissive.uexp" 786
"../../../Engine/Plugins/Interchange/Assets/Content/gltf/MaterialFunctions/MF_IOR.uasset" 787
"../../../Engine/Plugins/Interchange/Assets/Content/gltf/MaterialFunctions/MF_IOR.uexp" 788
"../../../Engine/Plugins/Interchange/Assets/Content/gltf/MaterialFunctions/MF_Iridescence.uasset" 789
"../../../Engine/Plugins/Interchange/Assets/Content/gltf/MaterialFunctions/MF_Iridescence.uexp" 790
"../../../Engine/Plugins/Interchange/Assets/Content/gltf/MaterialFunctions/MF_MetallicRoughness.uasset" 791
"../../../Engine/Plugins/Interchange/Assets/Content/gltf/MaterialFunctions/MF_MetallicRoughness.uexp" 792
"../../../Engine/Plugins/Interchange/Assets/Content/gltf/MaterialFunctions/MF_ScaleNormal.uasset" 793
"../../../Engine/Plugins/Interchange/Assets/Content/gltf/MaterialFunctions/MF_ScaleNormal.uexp" 794
"../../../Engine/Plugins/Interchange/Assets/Content/gltf/MaterialFunctions/MF_Normals.uasset" 795
"../../../Engine/Plugins/Interchange/Assets/Content/gltf/MaterialFunctions/MF_Normals.uexp" 796
"../../../Engine/Plugins/Interchange/Assets/Content/gltf/MaterialFunctions/MF_Occlusion.uasset" 797
"../../../Engine/Plugins/Interchange/Assets/Content/gltf/MaterialFunctions/MF_Occlusion.uexp" 798
"../../../Engine/Plugins/Interchange/Assets/Content/gltf/MaterialFunctions/MF_Specular.uasset" 799
"../../../Engine/Plugins/Interchange/Assets/Content/gltf/MaterialFunctions/MF_Specular.uexp" 800
"../../../Engine/Plugins/Interchange/Assets/Content/gltf/Textures/T_Anisotropy_Direction_Linear.uasset" 801
"../../../Engine/Plugins/Interchange/Assets/Content/gltf/Textures/T_Anisotropy_Direction_Linear.uexp" 802
"../../../Engine/Plugins/Interchange/Assets/Content/gltf/MaterialFunctions/MF_SpecularAnisotropy.uasset" 803
"../../../Engine/Plugins/Interchange/Assets/Content/gltf/MaterialFunctions/MF_SpecularAnisotropy.uexp" 804
"../../../Engine/Plugins/Interchange/Assets/Content/gltf/MaterialFunctions/MF_RotateV2.uasset" 805
"../../../Engine/Plugins/Interchange/Assets/Content/gltf/MaterialFunctions/MF_RotateV2.uexp" 806
"../../../Engine/Plugins/Interchange/Assets/Content/gltf/MaterialFunctions/MF_TransformUVs.uasset" 807
"../../../Engine/Plugins/Interchange/Assets/Content/gltf/MaterialFunctions/MF_TransformUVs.uexp" 808
"../../../Engine/Plugins/Interchange/Assets/Content/gltf/MaterialBodies/MF_ClearCoat_Body.uasset" 809
"../../../Engine/Plugins/Interchange/Assets/Content/gltf/MaterialBodies/MF_ClearCoat_Body.uexp" 810
"../../../Engine/Plugins/Interchange/Assets/Content/gltf/M_ClearCoat.uasset" 811
"../../../Engine/Plugins/Interchange/Assets/Content/gltf/M_ClearCoat.uexp" 812
"../../../Engine/Plugins/Interchange/Assets/Content/gltf/MaterialInstances/MI_ClearCoat_Mask.uasset" 813
"../../../Engine/Plugins/Interchange/Assets/Content/gltf/MaterialInstances/MI_ClearCoat_Mask.uexp" 814
"../../../Engine/Content/EditorResources/S_Actor.ubulk" 815
"../../../Engine/Content/EditorResources/S_Actor.uasset" 816
"../../../Engine/Content/EditorResources/S_Actor.uexp" 817
"../../../Engine/Plugins/Interchange/Assets/Content/gltf/MaterialInstances/MI_ClearCoat_Mask_DS.uasset" 818
"../../../Engine/Plugins/Interchange/Assets/Content/gltf/MaterialInstances/MI_ClearCoat_Mask_DS.uexp" 819
"../../../Engine/Plugins/Interchange/Assets/Content/gltf/MaterialInstances/MI_ClearCoat_Opaque.uasset" 820
"../../../Engine/Plugins/Interchange/Assets/Content/gltf/MaterialInstances/MI_ClearCoat_Opaque.uexp" 821
"../../../Engine/Plugins/Interchange/Assets/Content/gltf/MaterialInstances/MI_ClearCoat_Opaque_DS.uasset" 822
"../../../Engine/Plugins/Interchange/Assets/Content/gltf/MaterialInstances/MI_ClearCoat_Opaque_DS.uexp" 823
"../../../Engine/Plugins/Interchange/Assets/Content/gltf/MaterialBodies/MF_Default_Body.uasset" 824
"../../../Engine/Plugins/Interchange/Assets/Content/gltf/MaterialBodies/MF_Default_Body.uexp" 825
"../../../Engine/Plugins/Interchange/Assets/Content/gltf/M_Default.uasset" 826
"../../../Engine/Plugins/Interchange/Assets/Content/gltf/M_Default.uexp" 827
"../../../Engine/Plugins/Interchange/Assets/Content/gltf/MaterialInstances/MI_Default_Blend.uasset" 828
"../../../Engine/Plugins/Interchange/Assets/Content/gltf/MaterialInstances/MI_Default_Blend.uexp" 829
"../../../Engine/Plugins/Interchange/Assets/Content/gltf/MaterialInstances/MI_Default_Blend_DS.uasset" 830
"../../../Engine/Plugins/Interchange/Assets/Content/gltf/MaterialInstances/MI_Default_Blend_DS.uexp" 831
"../../../Engine/Content/EditorResources/S_BoxReflectionCapture.uasset" 832
"../../../Engine/Content/EditorResources/S_BoxReflectionCapture.uexp" 833
"../../../Engine/Plugins/Interchange/Assets/Content/gltf/MaterialInstances/MI_Default_Mask_DS.uasset" 834
"../../../Engine/Plugins/Interchange/Assets/Content/gltf/MaterialInstances/MI_Default_Mask_DS.uexp" 835
"../../../Engine/Plugins/Interchange/Assets/Content/gltf/MaterialInstances/MI_Default_Opaque_DS.uasset" 836
"../../../Engine/Plugins/Interchange/Assets/Content/gltf/MaterialInstances/MI_Default_Opaque_DS.uexp" 837
"../../../Engine/Plugins/Interchange/Assets/Content/gltf/MaterialFunctions/MF_Sheen.uasset" 838
"../../../Engine/Plugins/Interchange/Assets/Content/gltf/MaterialFunctions/MF_Sheen.uexp" 839
"../../../Engine/Plugins/Interchange/Assets/Content/gltf/MaterialBodies/MF_Sheen_Body.uasset" 840
"../../../Engine/Plugins/Interchange/Assets/Content/gltf/MaterialBodies/MF_Sheen_Body.uexp" 841
"../../../Engine/Plugins/Interchange/Assets/Content/gltf/M_Sheen.uasset" 842
"../../../Engine/Plugins/Interchange/Assets/Content/gltf/M_Sheen.uexp" 843
"../../../Engine/Plugins/Interchange/Assets/Content/gltf/MaterialInstances/MI_Sheen_Blend.uasset" 844
"../../../Engine/Plugins/Interchange/Assets/Content/gltf/MaterialInstances/MI_Sheen_Blend.uexp" 845
"../../../Engine/Plugins/Interchange/Assets/Content/gltf/MaterialInstances/MI_Sheen_Blend_DS.uasset" 846
"../../../Engine/Plugins/Interchange/Assets/Content/gltf/MaterialInstances/MI_Sheen_Blend_DS.uexp" 847
"../../../Engine/Plugins/Interchange/Assets/Content/gltf/MaterialInstances/MI_Sheen_Mask.uasset" 848
"../../../Engine/Plugins/Interchange/Assets/Content/gltf/MaterialInstances/MI_Sheen_Mask.uexp" 849
"../../../Engine/Plugins/Interchange/Assets/Content/gltf/MaterialInstances/MI_Sheen_Mask_DS.uasset" 850
"../../../Engine/Plugins/Interchange/Assets/Content/gltf/MaterialInstances/MI_Sheen_Mask_DS.uexp" 851
"../../../Engine/Plugins/Interchange/Assets/Content/gltf/MaterialInstances/MI_Sheen_Opaque.uasset" 852
"../../../Engine/Plugins/Interchange/Assets/Content/gltf/MaterialInstances/MI_Sheen_Opaque.uexp" 853
"../../../Engine/Plugins/Interchange/Assets/Content/gltf/MaterialInstances/MI_Sheen_Opaque_DS.uasset" 854
"../../../Engine/Plugins/Interchange/Assets/Content/gltf/MaterialInstances/MI_Sheen_Opaque_DS.uexp" 855
"../../../Engine/Plugins/Interchange/Assets/Content/gltf/MaterialFunctions/MF_DiffuseSpecGloss.uasset" 856
"../../../Engine/Plugins/Interchange/Assets/Content/gltf/MaterialFunctions/MF_DiffuseSpecGloss.uexp" 857
"../../../Engine/Plugins/Interchange/Assets/Content/gltf/MaterialFunctions/MF_MaxComponentValue.uasset" 858
"../../../Engine/Plugins/Interchange/Assets/Content/gltf/MaterialFunctions/MF_MaxComponentValue.uexp" 859
"../../../Engine/Content/Functions/Engine_MaterialFunctions02/Math/AddComponents.uasset" 860
"../../../Engine/Content/Functions/Engine_MaterialFunctions02/Math/AddComponents.uexp" 861
"../../../Engine/Plugins/Interchange/Assets/Content/gltf/MaterialFunctions/MF_PerceivedBrightness.uasset" 862
"../../../Engine/Plugins/Interchange/Assets/Content/gltf/MaterialFunctions/MF_PerceivedBrightness.uexp" 863
"../../../Engine/Plugins/Interchange/Assets/Content/gltf/MaterialFunctions/MF_SpecGlossToMetalRoughness.uasset" 864
"../../../Engine/Plugins/Interchange/Assets/Content/gltf/MaterialFunctions/MF_SpecGlossToMetalRoughness.uexp" 865
"../../../Engine/Plugins/Interchange/Assets/Content/gltf/MaterialBodies/MF_SpecularGlossiness_Body.uasset" 866
"../../../Engine/Plugins/Interchange/Assets/Content/gltf/MaterialBodies/MF_SpecularGlossiness_Body.uexp" 867
"../../../Engine/Plugins/Interchange/Assets/Content/gltf/M_SpecularGlossiness.uasset" 868
"../../../Engine/Plugins/Interchange/Assets/Content/gltf/M_SpecularGlossiness.uexp" 869
"../../../Engine/Plugins/Interchange/Assets/Content/gltf/MaterialInstances/MI_SpecularGlossiness_Blend.uasset" 870
"../../../Engine/Plugins/Interchange/Assets/Content/gltf/MaterialInstances/MI_SpecularGlossiness_Blend.uexp" 871
"../../../Engine/Plugins/Interchange/Assets/Content/gltf/MaterialInstances/MI_SpecularGlossiness_Blend_DS.uasset" 872
"../../../Engine/Plugins/Interchange/Assets/Content/gltf/MaterialInstances/MI_SpecularGlossiness_Blend_DS.uexp" 873
"../../../Engine/Plugins/Interchange/Assets/Content/gltf/MaterialInstances/MI_SpecularGlossiness_Mask.uasset" 874
"../../../Engine/Plugins/Interchange/Assets/Content/gltf/MaterialInstances/MI_SpecularGlossiness_Mask.uexp" 875
"../../../Engine/Plugins/Interchange/Assets/Content/gltf/MaterialInstances/MI_SpecularGlossiness_Mask_DS.uasset" 876
"../../../Engine/Plugins/Interchange/Assets/Content/gltf/MaterialInstances/MI_SpecularGlossiness_Mask_DS.uexp" 877
"../../../Engine/Plugins/Interchange/Assets/Content/gltf/MaterialInstances/MI_SpecularGlossiness_Opaque.uasset" 878
"../../../Engine/Plugins/Interchange/Assets/Content/gltf/MaterialInstances/MI_SpecularGlossiness_Opaque.uexp" 879
"../../../Engine/Plugins/Interchange/Assets/Content/gltf/MaterialInstances/MI_SpecularGlossiness_Opaque_DS.uasset" 880
"../../../Engine/Plugins/Interchange/Assets/Content/gltf/MaterialInstances/MI_SpecularGlossiness_Opaque_DS.uexp" 881
"../../../Engine/Content/EngineMaterials/Good64x64TilingNoiseHighFreq.uasset" 882
"../../../Engine/Content/EngineMaterials/Good64x64TilingNoiseHighFreq.uexp" 883
"../../../Engine/Content/Functions/Engine_MaterialFunctions02/Texturing/ScreenAlignedPixelToPixelUVs.uasset" 884
"../../../Engine/Content/Functions/Engine_MaterialFunctions02/Texturing/ScreenAlignedPixelToPixelUVs.uexp" 885
"../../../Engine/Plugins/Interchange/Assets/Content/gltf/MaterialFunctions/MF_Fresnel_DS.uasset" 886
"../../../Engine/Plugins/Interchange/Assets/Content/gltf/MaterialFunctions/MF_Fresnel_DS.uexp" 887
"../../../Engine/Plugins/Interchange/Assets/Content/gltf/MaterialFunctions/MF_Temporal_Blur.uasset" 888
"../../../Engine/Plugins/Interchange/Assets/Content/gltf/MaterialFunctions/MF_Temporal_Blur.uexp" 889
"../../../Engine/Plugins/Interchange/Assets/Content/gltf/MaterialFunctions/MF_Transmission.uasset" 890
"../../../Engine/Plugins/Interchange/Assets/Content/gltf/MaterialFunctions/MF_Transmission.uexp" 891
"../../../Engine/Plugins/Interchange/Assets/Content/gltf/MaterialBodies/MF_Transmission_Body.uasset" 892
"../../../Engine/Plugins/Interchange/Assets/Content/gltf/MaterialBodies/MF_Transmission_Body.uexp" 893
"../../../Engine/Plugins/Interchange/Assets/Content/gltf/M_Transmission.uasset" 894
"../../../Engine/Plugins/Interchange/Assets/Content/gltf/M_Transmission.uexp" 895
"../../../Engine/Plugins/Interchange/Assets/Content/gltf/MaterialInstances/MI_Transmission.uasset" 896
"../../../Engine/Plugins/Interchange/Assets/Content/gltf/MaterialInstances/MI_Transmission.uexp" 897
"../../../Engine/Plugins/Interchange/Assets/Content/gltf/MaterialInstances/MI_Transmission_DS.uasset" 898
"../../../Engine/Plugins/Interchange/Assets/Content/gltf/MaterialInstances/MI_Transmission_DS.uexp" 899
"../../../Engine/Plugins/Interchange/Assets/Content/gltf/MaterialBodies/MF_Unlit_Body.uasset" 900
"../../../Engine/Plugins/Interchange/Assets/Content/gltf/MaterialBodies/MF_Unlit_Body.uexp" 901
"../../../Engine/Plugins/Interchange/Assets/Content/gltf/M_Unlit.uasset" 902
"../../../Engine/Plugins/Interchange/Assets/Content/gltf/M_Unlit.uexp" 903
"../../../Engine/Plugins/Interchange/Assets/Content/gltf/MaterialInstances/MI_Unlit_Blend.uasset" 904
"../../../Engine/Plugins/Interchange/Assets/Content/gltf/MaterialInstances/MI_Unlit_Blend.uexp" 905
"../../../Engine/Plugins/Interchange/Assets/Content/gltf/MaterialInstances/MI_Unlit_Blend_DS.uasset" 906
"../../../Engine/Plugins/Interchange/Assets/Content/gltf/MaterialInstances/MI_Unlit_Blend_DS.uexp" 907
"../../../Engine/Plugins/Interchange/Assets/Content/gltf/MaterialInstances/MI_Unlit_Mask.uasset" 908
"../../../Engine/Plugins/Interchange/Assets/Content/gltf/MaterialInstances/MI_Unlit_Mask.uexp" 909
"../../../Engine/Plugins/Interchange/Assets/Content/gltf/MaterialInstances/MI_Unlit_Mask_DS.uasset" 910
"../../../Engine/Plugins/Interchange/Assets/Content/gltf/MaterialInstances/MI_Unlit_Mask_DS.uexp" 911
"../../../Engine/Plugins/Interchange/Assets/Content/gltf/MaterialInstances/MI_Unlit_Opaque.uasset" 912
"../../../Engine/Plugins/Interchange/Assets/Content/gltf/MaterialInstances/MI_Unlit_Opaque.uexp" 913
"../../../Engine/Plugins/Interchange/Assets/Content/gltf/MaterialInstances/MI_Unlit_Opaque_DS.uasset" 914
"../../../Engine/Plugins/Interchange/Assets/Content/gltf/MaterialInstances/MI_Unlit_Opaque_DS.uexp" 915
"../../../Engine/Content/EngineMaterials/Substrate/GLints/AGlintTex2dArray.uasset" 916
"../../../Engine/Content/EngineMaterials/Substrate/GLints/AGlintTex2dArray.uexp" 917
"../../../Engine/Plugins/Interchange/Assets/Content/gltf/MaterialInstances/MI_ClearCoat_Blend.uasset" 918
"../../../Engine/Plugins/Interchange/Assets/Content/gltf/MaterialInstances/MI_ClearCoat_Blend.uexp" 919
"../../../Engine/Plugins/Interchange/Assets/Content/gltf/MaterialInstances/MI_ClearCoat_Blend_DS.uasset" 920
"../../../Engine/Plugins/Interchange/Assets/Content/gltf/MaterialInstances/MI_ClearCoat_Blend_DS.uexp" 921
"../../../Engine/Content/ArtTools/RenderToTexture/Meshes/S_1_Unit_Plane.ubulk" 922
"../../../Engine/Content/ArtTools/RenderToTexture/Meshes/S_1_Unit_Plane.uasset" 923
"../../../Engine/Content/ArtTools/RenderToTexture/Meshes/S_1_Unit_Plane.uexp" 924
"../../../Engine/Content/EngineMaterials/Substrate/Glints2/AGlintTex2dArray2.uasset" 925
"../../../Engine/Content/EngineMaterials/Substrate/Glints2/AGlintTex2dArray2.uexp" 926
"../../../Engine/Content/EngineMaterials/Substrate/Volume/SubstrateSimpleVolumeEnvLUT3D.uasset" 927
"../../../Engine/Content/EngineMaterials/Substrate/Volume/SubstrateSimpleVolumeEnvLUT3D.uexp" 928
"../../../Engine/Content/EngineMaterials/Substrate/Volume/SubstrateSimpleVolumeLUT3D.uasset" 929
"../../../Engine/Content/EngineMaterials/Substrate/Volume/SubstrateSimpleVolumeLUT3D.uexp" 930
"../../../Engine/Content/Functions/Engine_MaterialFunctions01/Shading/ConvertFromDiffSpec.uasset" 931
"../../../Engine/Content/Functions/Engine_MaterialFunctions01/Shading/ConvertFromDiffSpec.uexp" 932
"../../../Engine/Content/Functions/Engine_MaterialFunctions01/Shading/PowerToRoughness.uasset" 933
"../../../Engine/Content/Functions/Engine_MaterialFunctions01/Shading/PowerToRoughness.uexp" 934
"../../../Engine/Plugins/NNE/NNEDenoiser/Content/NNE_oidn2-3-0_rt_hdr_calb_cnrm_large__dyn__fp16_opset11_DenoiseAlpha.uasset" 935
"../../../Engine/Plugins/NNE/NNEDenoiser/Content/NNE_oidn2-3-0_rt_hdr_calb_cnrm_large__dyn__fp16_opset11_DenoiseAlpha.uexp" 936
"../../../Engine/Plugins/NNE/NNEDenoiser/Content/NNE_oidn2-3-0_rt_hdr_calb_cnrm_large__dyn__fp16_opset11_ForwardAlpha.uasset" 937
"../../../Engine/Plugins/NNE/NNEDenoiser/Content/NNE_oidn2-3-0_rt_hdr_calb_cnrm_large__dyn__fp16_opset11_ForwardAlpha.uexp" 938
"../../../Engine/Content/Animation/DefaultRecorderBoneCompression.uasset" 939
"../../../Engine/Content/Animation/DefaultRecorderBoneCompression.uexp" 940
"../../../Engine/Content/Animation/DefaultVariableFrameStrippingSettings.uasset" 941
"../../../Engine/Content/Animation/DefaultVariableFrameStrippingSettings.uexp" 942
"../../../Engine/Content/EngineMaterials/DefaultMaterial.uasset" 943
"../../../Engine/Content/EngineMaterials/DefaultMaterial.uexp" 944
"../../../Engine/Content/BasicShapes/Cone.ubulk" 945
"../../../Engine/Content/BasicShapes/Cone.uasset" 946
"../../../Engine/Content/BasicShapes/Cone.uexp" 947
"../../../Engine/Content/BasicShapes/Cylinder.ubulk" 948
"../../../Engine/Content/BasicShapes/Cylinder.uasset" 949
"../../../Engine/Content/BasicShapes/Cylinder.uexp" 950
"../../../Engine/Content/Maps/Entry_BuiltData.uasset" 951
"../../../Engine/Content/Maps/Entry_BuiltData.uexp" 952
"../../../Engine/Content/Maps/Entry.uexp" 953
"../../../Engine/Content/Maps/Entry.umap" 954
"../../../Engine/Content/BasicShapes/Cube.ubulk" 955
"../../../Engine/Content/BasicShapes/Cube.uasset" 956
"../../../Engine/Content/BasicShapes/Cube.uexp" 957
"../../../Engine/Content/MapTemplates/SM_Template_Map_Floor.ubulk" 958
"../../../Engine/Content/MapTemplates/SM_Template_Map_Floor.uasset" 959
"../../../Engine/Content/MapTemplates/SM_Template_Map_Floor.uexp" 960
"C:/Users/chauh/OneDrive/Documents/GitHub/STP/UnrealProject/STP/Content/UI/WBP_GameOver.uasset" 961
"C:/Users/chauh/OneDrive/Documents/GitHub/STP/UnrealProject/STP/Content/UI/WBP_GameOver.uexp" 962
"C:/Users/chauh/OneDrive/Documents/GitHub/STP/UnrealProject/STP/Content/Meshes/SM_Truck_01.ubulk" 963
"C:/Users/chauh/OneDrive/Documents/GitHub/STP/UnrealProject/STP/Content/Meshes/SM_Truck_01.uasset" 964
"C:/Users/chauh/OneDrive/Documents/GitHub/STP/UnrealProject/STP/Content/Meshes/SM_Truck_01.uexp" 965
"C:/Users/chauh/OneDrive/Documents/GitHub/STP/UnrealProject/STP/Content/UI/UI_Materiral/M_UI_RadialTimer.uasset" 966
"C:/Users/chauh/OneDrive/Documents/GitHub/STP/UnrealProject/STP/Content/UI/UI_Materiral/M_UI_RadialTimer.uexp" 967
"C:/Users/chauh/OneDrive/Documents/GitHub/STP/UnrealProject/STP/Content/UI/WBP_Timer.uasset" 968
"C:/Users/chauh/OneDrive/Documents/GitHub/STP/UnrealProject/STP/Content/UI/WBP_Timer.uexp" 969
"C:/Users/chauh/OneDrive/Documents/GitHub/STP/UnrealProject/STP/Content/UI/WBP_Truck.uasset" 970
"C:/Users/chauh/OneDrive/Documents/GitHub/STP/UnrealProject/STP/Content/UI/WBP_Truck.uexp" 971
"C:/Users/chauh/OneDrive/Documents/GitHub/STP/UnrealProject/STP/Content/Fab/Scene_Warehouse/Materials/MSPresets/MSVTTextures/BlackPlaceholder.ubulk" 972
"C:/Users/chauh/OneDrive/Documents/GitHub/STP/UnrealProject/STP/Content/Fab/Scene_Warehouse/Materials/MSPresets/MSVTTextures/BlackPlaceholder.uasset" 973
"C:/Users/chauh/OneDrive/Documents/GitHub/STP/UnrealProject/STP/Content/Fab/Scene_Warehouse/Materials/MSPresets/MSVTTextures/BlackPlaceholder.uexp" 974
"C:/Users/chauh/OneDrive/Documents/GitHub/STP/UnrealProject/STP/Content/Fab/Scene_Warehouse/Materials/MSPresets/MSVTTextures/DefaultDiffuse.ubulk" 975
"C:/Users/chauh/OneDrive/Documents/GitHub/STP/UnrealProject/STP/Content/Fab/Scene_Warehouse/Materials/MSPresets/MSVTTextures/DefaultDiffuse.uasset" 976
"C:/Users/chauh/OneDrive/Documents/GitHub/STP/UnrealProject/STP/Content/Fab/Scene_Warehouse/Materials/MSPresets/MSVTTextures/DefaultDiffuse.uexp" 977
"C:/Users/chauh/OneDrive/Documents/GitHub/STP/UnrealProject/STP/Content/Fab/Scene_Warehouse/Materials/MSPresets/MSVTTextures/Placeholder_Normal.ubulk" 978
"C:/Users/chauh/OneDrive/Documents/GitHub/STP/UnrealProject/STP/Content/Fab/Scene_Warehouse/Materials/MSPresets/MSVTTextures/Placeholder_Normal.uasset" 979
"C:/Users/chauh/OneDrive/Documents/GitHub/STP/UnrealProject/STP/Content/Fab/Scene_Warehouse/Materials/MSPresets/MSVTTextures/Placeholder_Normal.uexp" 980
"C:/Users/chauh/OneDrive/Documents/GitHub/STP/UnrealProject/STP/Content/Fab/Scene_Warehouse/Materials/MSPresets/MSVTTextures/WhitePlaceholder.ubulk" 981
"C:/Users/chauh/OneDrive/Documents/GitHub/STP/UnrealProject/STP/Content/Fab/Scene_Warehouse/Materials/MSPresets/MSVTTextures/WhitePlaceholder.uasset" 982
"C:/Users/chauh/OneDrive/Documents/GitHub/STP/UnrealProject/STP/Content/Fab/Scene_Warehouse/Materials/MSPresets/MSVTTextures/WhitePlaceholder.uexp" 983
"C:/Users/chauh/OneDrive/Documents/GitHub/STP/UnrealProject/STP/Content/Fab/Scene_Warehouse/Materials/MSPresets/M_MS_Default_Material_VT/Functions/MF_ObjAdjustments.uasset" 984
"C:/Users/chauh/OneDrive/Documents/GitHub/STP/UnrealProject/STP/Content/Fab/Scene_Warehouse/Materials/MSPresets/M_MS_Default_Material_VT/Functions/MF_ObjAdjustments.uexp" 985
"C:/Users/chauh/OneDrive/Documents/GitHub/STP/UnrealProject/STP/Content/Fab/Scene_Warehouse/Materials/MSPresets/M_MS_Default_Material_VT/M_MS_Default_Material_VT.uasset" 986
"C:/Users/chauh/OneDrive/Documents/GitHub/STP/UnrealProject/STP/Content/Fab/Scene_Warehouse/Materials/MSPresets/M_MS_Default_Material_VT/M_MS_Default_Material_VT.uexp" 987
"C:/Users/chauh/OneDrive/Documents/GitHub/STP/UnrealProject/STP/Content/Fab/Scene_Warehouse/Assets/MS/3D/Ind_War_Strap_Lashing_Weathered_06/T_Ind_War_Strap_Lashing_Weathered_06_D.ubulk" 988
"C:/Users/chauh/OneDrive/Documents/GitHub/STP/UnrealProject/STP/Content/Fab/Scene_Warehouse/Assets/MS/3D/Ind_War_Strap_Lashing_Weathered_06/T_Ind_War_Strap_Lashing_Weathered_06_D.uasset" 989
"C:/Users/chauh/OneDrive/Documents/GitHub/STP/UnrealProject/STP/Content/Fab/Scene_Warehouse/Assets/MS/3D/Ind_War_Strap_Lashing_Weathered_06/T_Ind_War_Strap_Lashing_Weathered_06_D.uexp" 990
"C:/Users/chauh/OneDrive/Documents/GitHub/STP/UnrealProject/STP/Content/Fab/Scene_Warehouse/Assets/MS/3D/Ind_War_Strap_Lashing_Weathered_06/T_Ind_War_Strap_Lashing_Weathered_06_DpR.ubulk" 991
"C:/Users/chauh/OneDrive/Documents/GitHub/STP/UnrealProject/STP/Content/Fab/Scene_Warehouse/Assets/MS/3D/Ind_War_Strap_Lashing_Weathered_06/T_Ind_War_Strap_Lashing_Weathered_06_DpR.uasset" 992
"C:/Users/chauh/OneDrive/Documents/GitHub/STP/UnrealProject/STP/Content/Fab/Scene_Warehouse/Assets/MS/3D/Ind_War_Strap_Lashing_Weathered_06/T_Ind_War_Strap_Lashing_Weathered_06_DpR.uexp" 993
"C:/Users/chauh/OneDrive/Documents/GitHub/STP/UnrealProject/STP/Content/Fab/Scene_Warehouse/Assets/MS/3D/Ind_War_Strap_Lashing_Weathered_06/T_Ind_War_Strap_Lashing_Weathered_06_N.ubulk" 994
"C:/Users/chauh/OneDrive/Documents/GitHub/STP/UnrealProject/STP/Content/Fab/Scene_Warehouse/Assets/MS/3D/Ind_War_Strap_Lashing_Weathered_06/T_Ind_War_Strap_Lashing_Weathered_06_N.uasset" 995
"C:/Users/chauh/OneDrive/Documents/GitHub/STP/UnrealProject/STP/Content/Fab/Scene_Warehouse/Assets/MS/3D/Ind_War_Strap_Lashing_Weathered_06/T_Ind_War_Strap_Lashing_Weathered_06_N.uexp" 996
"C:/Users/chauh/OneDrive/Documents/GitHub/STP/UnrealProject/STP/Content/Fab/Scene_Warehouse/Assets/MS/3D/Ind_War_Strap_Lashing_Weathered_06/MI_Ind_War_Strap_Lashing_Weathered_06_A.uasset" 997
"C:/Users/chauh/OneDrive/Documents/GitHub/STP/UnrealProject/STP/Content/Fab/Scene_Warehouse/Assets/MS/3D/Ind_War_Strap_Lashing_Weathered_06/MI_Ind_War_Strap_Lashing_Weathered_06_A.uexp" 998
"C:/Users/chauh/OneDrive/Documents/GitHub/STP/UnrealProject/STP/Content/Fab/Scene_Warehouse/Assets/MS/3D/Ind_War_Strap_Lashing_Weathered_06/SM_Ind_War_Strap_Lashing_Weathered_06.ubulk" 999
"C:/Users/chauh/OneDrive/Documents/GitHub/STP/UnrealProject/STP/Content/Fab/Scene_Warehouse/Assets/MS/3D/Ind_War_Strap_Lashing_Weathered_06/SM_Ind_War_Strap_Lashing_Weathered_06.uasset" 1000
"C:/Users/chauh/OneDrive/Documents/GitHub/STP/UnrealProject/STP/Content/Fab/Scene_Warehouse/Assets/MS/3D/Ind_War_Strap_Lashing_Weathered_06/SM_Ind_War_Strap_Lashing_Weathered_06.uexp" 1001
"C:/Users/chauh/OneDrive/Documents/GitHub/STP/UnrealProject/STP/Content/Materials/M_UnpackedPackage.uasset" 1002
"C:/Users/chauh/OneDrive/Documents/GitHub/STP/UnrealProject/STP/Content/Materials/M_UnpackedPackage.uexp" 1003
"C:/Users/chauh/OneDrive/Documents/GitHub/STP/UnrealProject/STP/Content/UI/WBP_Package.uasset" 1004
"C:/Users/chauh/OneDrive/Documents/GitHub/STP/UnrealProject/STP/Content/UI/WBP_Package.uexp" 1005
"../../../Engine/Content/BasicShapes/Sphere.ubulk" 1006
"../../../Engine/Content/BasicShapes/Sphere.uasset" 1007
"../../../Engine/Content/BasicShapes/Sphere.uexp" 1008
"../../../Engine/Content/BasicShapes/Plane.ubulk" 1009
"../../../Engine/Content/BasicShapes/Plane.uasset" 1010
"../../../Engine/Content/BasicShapes/Plane.uexp" 1011
"../../../Engine/Content/BasicShapes/BasicShapeMaterial.uasset" 1012
"../../../Engine/Content/BasicShapes/BasicShapeMaterial.uexp" 1013
"C:/Users/chauh/OneDrive/Documents/GitHub/STP/UnrealProject/STP/Content/BP/Interface/BPI_Interactable.uasset" 1014
"C:/Users/chauh/OneDrive/Documents/GitHub/STP/UnrealProject/STP/Content/BP/Interface/BPI_Interactable.uexp" 1015
"C:/Users/chauh/OneDrive/Documents/GitHub/STP/UnrealProject/STP/Content/BP/Interactables/E_PackageState.uasset" 1016
"C:/Users/chauh/OneDrive/Documents/GitHub/STP/UnrealProject/STP/Content/BP/Interactables/E_PackageState.uexp" 1017
"C:/Users/chauh/OneDrive/Documents/GitHub/STP/UnrealProject/STP/Content/BP/Player/IA_Move.uasset" 1018
"C:/Users/chauh/OneDrive/Documents/GitHub/STP/UnrealProject/STP/Content/BP/Player/IA_Move.uexp" 1019
"C:/Users/chauh/OneDrive/Documents/GitHub/STP/UnrealProject/STP/Content/BP/Player/IA_PicknDrop.uasset" 1020
"C:/Users/chauh/OneDrive/Documents/GitHub/STP/UnrealProject/STP/Content/BP/Player/IA_PicknDrop.uexp" 1021
"C:/Users/chauh/OneDrive/Documents/GitHub/STP/UnrealProject/STP/Content/BP/Player/IA_Run.uasset" 1022
"C:/Users/chauh/OneDrive/Documents/GitHub/STP/UnrealProject/STP/Content/BP/Player/IA_Run.uexp" 1023
"C:/Users/chauh/OneDrive/Documents/GitHub/STP/UnrealProject/STP/Content/BP/Player/IA_Throw.uasset" 1024
"C:/Users/chauh/OneDrive/Documents/GitHub/STP/UnrealProject/STP/Content/BP/Player/IA_Throw.uexp" 1025
"C:/Users/chauh/OneDrive/Documents/GitHub/STP/UnrealProject/STP/Content/BP/Player/IMC_Player_1.uasset" 1026
"C:/Users/chauh/OneDrive/Documents/GitHub/STP/UnrealProject/STP/Content/BP/Player/IMC_Player_1.uexp" 1027
"C:/Users/chauh/OneDrive/Documents/GitHub/STP/UnrealProject/STP/Content/BP/Player/BP_Player.uasset" 1028
"C:/Users/chauh/OneDrive/Documents/GitHub/STP/UnrealProject/STP/Content/BP/Player/BP_Player.uexp" 1029
"C:/Users/chauh/OneDrive/Documents/GitHub/STP/UnrealProject/STP/Content/BP/Interactables/E_PackageType.uasset" 1030
"C:/Users/chauh/OneDrive/Documents/GitHub/STP/UnrealProject/STP/Content/BP/Interactables/E_PackageType.uexp" 1031
"../../../Engine/Content/EngineDebugMaterials/HeatmapGradient.ubulk" 1032
"../../../Engine/Content/EngineDebugMaterials/HeatmapGradient.uasset" 1033
"../../../Engine/Content/EngineDebugMaterials/HeatmapGradient.uexp" 1034
"../../../Engine/Content/Functions/Engine_MaterialFunctions02/HueShift.uasset" 1035
"../../../Engine/Content/Functions/Engine_MaterialFunctions02/HueShift.uexp" 1036
"../../../Engine/Content/Functions/Engine_MaterialFunctions01/ImageAdjustment/CheapContrast_RGB.uasset" 1037
"../../../Engine/Content/Functions/Engine_MaterialFunctions01/ImageAdjustment/CheapContrast_RGB.uexp" 1038
"../../../Engine/Content/Functions/Engine_MaterialFunctions02/Utility/DitherTemporalAA.uasset" 1039
"../../../Engine/Content/Functions/Engine_MaterialFunctions02/Utility/DitherTemporalAA.uexp" 1040
"../../../Engine/Content/Functions/Engine_MaterialFunctions01/ImageAdjustment/BlurSampleOffsets.uasset" 1041
"../../../Engine/Content/Functions/Engine_MaterialFunctions01/ImageAdjustment/BlurSampleOffsets.uexp" 1042
"C:/Users/chauh/OneDrive/Documents/GitHub/STP/UnrealProject/STP/Content/Meshes/Textures/1_Textures/BaseTextures/BB_D.uasset" 1043
"C:/Users/chauh/OneDrive/Documents/GitHub/STP/UnrealProject/STP/Content/Meshes/Textures/1_Textures/BaseTextures/BB_D.uexp" 1044
"C:/Users/chauh/OneDrive/Documents/GitHub/STP/UnrealProject/STP/Content/Meshes/Textures/1_Textures/BaseTextures/BG_D.uasset" 1045
"C:/Users/chauh/OneDrive/Documents/GitHub/STP/UnrealProject/STP/Content/Meshes/Textures/1_Textures/BaseTextures/BG_D.uexp" 1046
"C:/Users/chauh/OneDrive/Documents/GitHub/STP/UnrealProject/STP/Content/Meshes/Textures/1_Textures/BaseTextures/B_N.uasset" 1047
"C:/Users/chauh/OneDrive/Documents/GitHub/STP/UnrealProject/STP/Content/Meshes/Textures/1_Textures/BaseTextures/B_N.uexp" 1048
"C:/Users/chauh/OneDrive/Documents/GitHub/STP/UnrealProject/STP/Content/Meshes/Textures/1_Textures/BaseTextures/T_MASK1.ubulk" 1049
"C:/Users/chauh/OneDrive/Documents/GitHub/STP/UnrealProject/STP/Content/Meshes/Textures/1_Textures/BaseTextures/T_MASK1.uasset" 1050
"C:/Users/chauh/OneDrive/Documents/GitHub/STP/UnrealProject/STP/Content/Meshes/Textures/1_Textures/BaseTextures/T_MASK1.uexp" 1051
"C:/Users/chauh/OneDrive/Documents/GitHub/STP/UnrealProject/STP/Content/Meshes/Textures/1_Textures/BaseTextures/T_MASK2.ubulk" 1052
"C:/Users/chauh/OneDrive/Documents/GitHub/STP/UnrealProject/STP/Content/Meshes/Textures/1_Textures/BaseTextures/T_MASK2.uasset" 1053
"C:/Users/chauh/OneDrive/Documents/GitHub/STP/UnrealProject/STP/Content/Meshes/Textures/1_Textures/BaseTextures/T_MASK2.uexp" 1054
"C:/Users/chauh/OneDrive/Documents/GitHub/STP/UnrealProject/STP/Content/Meshes/Materials/1_Materials/BaseMaterial/M_base.uasset" 1055
"C:/Users/chauh/OneDrive/Documents/GitHub/STP/UnrealProject/STP/Content/Meshes/Materials/1_Materials/BaseMaterial/M_base.uexp" 1056
"C:/Users/chauh/OneDrive/Documents/GitHub/STP/UnrealProject/STP/Content/Meshes/Textures/1_Textures/T_Cartonbox01_D.ubulk" 1057
"C:/Users/chauh/OneDrive/Documents/GitHub/STP/UnrealProject/STP/Content/Meshes/Textures/1_Textures/T_Cartonbox01_D.uasset" 1058
"C:/Users/chauh/OneDrive/Documents/GitHub/STP/UnrealProject/STP/Content/Meshes/Textures/1_Textures/T_Cartonbox01_D.uexp" 1059
"C:/Users/chauh/OneDrive/Documents/GitHub/STP/UnrealProject/STP/Content/Meshes/Textures/1_Textures/T_Cartonbox01_N.ubulk" 1060
"C:/Users/chauh/OneDrive/Documents/GitHub/STP/UnrealProject/STP/Content/Meshes/Textures/1_Textures/T_Cartonbox01_N.uasset" 1061
"C:/Users/chauh/OneDrive/Documents/GitHub/STP/UnrealProject/STP/Content/Meshes/Textures/1_Textures/T_Cartonbox01_N.uexp" 1062
"C:/Users/chauh/OneDrive/Documents/GitHub/STP/UnrealProject/STP/Content/Meshes/Textures/1_Textures/T_Cartonbox01_SRM.ubulk" 1063
"C:/Users/chauh/OneDrive/Documents/GitHub/STP/UnrealProject/STP/Content/Meshes/Textures/1_Textures/T_Cartonbox01_SRM.uasset" 1064
"C:/Users/chauh/OneDrive/Documents/GitHub/STP/UnrealProject/STP/Content/Meshes/Textures/1_Textures/T_Cartonbox01_SRM.uexp" 1065
"C:/Users/chauh/OneDrive/Documents/GitHub/STP/UnrealProject/STP/Content/Meshes/Materials/1_Materials/MI_Cartonbox01_1.uasset" 1066
"C:/Users/chauh/OneDrive/Documents/GitHub/STP/UnrealProject/STP/Content/Meshes/Materials/1_Materials/MI_Cartonbox01_1.uexp" 1067
"C:/Users/chauh/OneDrive/Documents/GitHub/STP/UnrealProject/STP/Content/Meshes/StaticMesh/1_Meshes/SM_CartonBox01.ubulk" 1068
"C:/Users/chauh/OneDrive/Documents/GitHub/STP/UnrealProject/STP/Content/Meshes/StaticMesh/1_Meshes/SM_CartonBox01.uasset" 1069
"C:/Users/chauh/OneDrive/Documents/GitHub/STP/UnrealProject/STP/Content/Meshes/StaticMesh/1_Meshes/SM_CartonBox01.uexp" 1070
"C:/Users/chauh/OneDrive/Documents/GitHub/STP/UnrealProject/STP/Content/BP/Interactables/BP_Package.uasset" 1071
"C:/Users/chauh/OneDrive/Documents/GitHub/STP/UnrealProject/STP/Content/BP/Interactables/BP_Package.uexp" 1072
"C:/Users/chauh/OneDrive/Documents/GitHub/STP/UnrealProject/STP/Content/BP/Trucks/BP_Truck.uasset" 1073
"C:/Users/chauh/OneDrive/Documents/GitHub/STP/UnrealProject/STP/Content/BP/Trucks/BP_Truck.uexp" 1074
"C:/Users/chauh/OneDrive/Documents/GitHub/STP/UnrealProject/STP/Content/BP/Trucks/BP_TruckSpawner.uasset" 1075
"C:/Users/chauh/OneDrive/Documents/GitHub/STP/UnrealProject/STP/Content/BP/Trucks/BP_TruckSpawner.uexp" 1076
"C:/Users/chauh/OneDrive/Documents/GitHub/STP/UnrealProject/STP/Content/BP/Trucks/BP_TruckManager.uasset" 1077
"C:/Users/chauh/OneDrive/Documents/GitHub/STP/UnrealProject/STP/Content/BP/Trucks/BP_TruckManager.uexp" 1078
"C:/Users/chauh/OneDrive/Documents/GitHub/STP/UnrealProject/STP/Content/BP/Systems/BP_ScoreManager.uasset" 1079
"C:/Users/chauh/OneDrive/Documents/GitHub/STP/UnrealProject/STP/Content/BP/Systems/BP_ScoreManager.uexp" 1080
"C:/Users/chauh/OneDrive/Documents/GitHub/STP/UnrealProject/STP/Content/Meshes/Textures/T_Default_Basecolor.ubulk" 1081
"C:/Users/chauh/OneDrive/Documents/GitHub/STP/UnrealProject/STP/Content/Meshes/Textures/T_Default_Basecolor.uasset" 1082
"C:/Users/chauh/OneDrive/Documents/GitHub/STP/UnrealProject/STP/Content/Meshes/Textures/T_Default_Basecolor.uexp" 1083
"C:/Users/chauh/OneDrive/Documents/GitHub/STP/UnrealProject/STP/Content/Meshes/Textures/T_Default_MOBR.ubulk" 1084
"C:/Users/chauh/OneDrive/Documents/GitHub/STP/UnrealProject/STP/Content/Meshes/Textures/T_Default_MOBR.uasset" 1085
"C:/Users/chauh/OneDrive/Documents/GitHub/STP/UnrealProject/STP/Content/Meshes/Textures/T_Default_MOBR.uexp" 1086
"C:/Users/chauh/OneDrive/Documents/GitHub/STP/UnrealProject/STP/Content/Meshes/Textures/T_Default_Normal.ubulk" 1087
"C:/Users/chauh/OneDrive/Documents/GitHub/STP/UnrealProject/STP/Content/Meshes/Textures/T_Default_Normal.uasset" 1088
"C:/Users/chauh/OneDrive/Documents/GitHub/STP/UnrealProject/STP/Content/Meshes/Textures/T_Default_Normal.uexp" 1089
"C:/Users/chauh/OneDrive/Documents/GitHub/STP/UnrealProject/STP/Content/Meshes/Materials/M_StandardPBR.uasset" 1090
"C:/Users/chauh/OneDrive/Documents/GitHub/STP/UnrealProject/STP/Content/Meshes/Materials/M_StandardPBR.uexp" 1091
"C:/Users/chauh/OneDrive/Documents/GitHub/STP/UnrealProject/STP/Content/Meshes/Textures/T_Container2K_Clean_MOBR.ubulk" 1092
"C:/Users/chauh/OneDrive/Documents/GitHub/STP/UnrealProject/STP/Content/Meshes/Textures/T_Container2K_Clean_MOBR.uasset" 1093
"C:/Users/chauh/OneDrive/Documents/GitHub/STP/UnrealProject/STP/Content/Meshes/Textures/T_Container2K_Clean_MOBR.uexp" 1094
"C:/Users/chauh/OneDrive/Documents/GitHub/STP/UnrealProject/STP/Content/Meshes/Textures/T_Container2K_Clean_normal.ubulk" 1095
"C:/Users/chauh/OneDrive/Documents/GitHub/STP/UnrealProject/STP/Content/Meshes/Textures/T_Container2K_Clean_normal.uasset" 1096
"C:/Users/chauh/OneDrive/Documents/GitHub/STP/UnrealProject/STP/Content/Meshes/Textures/T_Container2K_Clean_normal.uexp" 1097
"C:/Users/chauh/OneDrive/Documents/GitHub/STP/UnrealProject/STP/Content/Meshes/Textures/T_ContainerBlue2K_basecolor.ubulk" 1098
"C:/Users/chauh/OneDrive/Documents/GitHub/STP/UnrealProject/STP/Content/Meshes/Textures/T_ContainerBlue2K_basecolor.uasset" 1099
"C:/Users/chauh/OneDrive/Documents/GitHub/STP/UnrealProject/STP/Content/Meshes/Textures/T_ContainerBlue2K_basecolor.uexp" 1100
"C:/Users/chauh/OneDrive/Documents/GitHub/STP/UnrealProject/STP/Content/Meshes/Materials/MI_Container_Blue.uasset" 1101
"C:/Users/chauh/OneDrive/Documents/GitHub/STP/UnrealProject/STP/Content/Meshes/Materials/MI_Container_Blue.uexp" 1102
"../../../Engine/Content/EngineMaterials/BlendFunc_DefBase.uasset" 1103
"../../../Engine/Content/EngineMaterials/BlendFunc_DefBase.uexp" 1104
"../../../Engine/Content/EngineMaterials/BlendFunc_DefBlend.uasset" 1105
"../../../Engine/Content/EngineMaterials/BlendFunc_DefBlend.uexp" 1106
"../../../Engine/Content/Functions/Engine_MaterialFunctions02/Math/CreateThirdOrthogonalVector.uasset" 1107
"../../../Engine/Content/Functions/Engine_MaterialFunctions02/Math/CreateThirdOrthogonalVector.uexp" 1108
"../../../Engine/Content/Functions/Engine_MaterialFunctions03/Blends/Blend_Overlay.uasset" 1109
"../../../Engine/Content/Functions/Engine_MaterialFunctions03/Blends/Blend_Overlay.uexp" 1110
"../../../Engine/Content/Functions/Engine_MaterialFunctions02/Math/InverseTransformMatrix.uasset" 1111
"../../../Engine/Content/Functions/Engine_MaterialFunctions02/Math/InverseTransformMatrix.uexp" 1112
"../../../Engine/Content/EngineVolumetrics/Fogsheet/Materials/T_EV_BlankWhite_01.uasset" 1113
"../../../Engine/Content/EngineVolumetrics/Fogsheet/Materials/T_EV_BlankWhite_01.uexp" 1114
"../../../Engine/Content/Functions/Engine_MaterialFunctions02/Math/TransformToZVector.uasset" 1115
"../../../Engine/Content/Functions/Engine_MaterialFunctions02/Math/TransformToZVector.uexp" 1116
"C:/Users/chauh/OneDrive/Documents/GitHub/STP/UnrealProject/STP/Content/Fab/Scene_Warehouse/Materials/MSPresets/M_MS_Decal_Material_VT/MF_QuixelDecalPOM.uasset" 1117
"C:/Users/chauh/OneDrive/Documents/GitHub/STP/UnrealProject/STP/Content/Fab/Scene_Warehouse/Materials/MSPresets/M_MS_Decal_Material_VT/MF_QuixelDecalPOM.uexp" 1118
"C:/Users/chauh/OneDrive/Documents/GitHub/STP/UnrealProject/STP/Content/Fab/Scene_Warehouse/Materials/MSPresets/M_MS_Decal_Material_VT/M_MS_Decal_Material_VT.uasset" 1119
"C:/Users/chauh/OneDrive/Documents/GitHub/STP/UnrealProject/STP/Content/Fab/Scene_Warehouse/Materials/MSPresets/M_MS_Decal_Material_VT/M_MS_Decal_Material_VT.uexp" 1120
"C:/Users/chauh/OneDrive/Documents/GitHub/STP/UnrealProject/STP/Content/Meshes/Textures/T_D_P_01_B.ubulk" 1121
"C:/Users/chauh/OneDrive/Documents/GitHub/STP/UnrealProject/STP/Content/Meshes/Textures/T_D_P_01_B.uasset" 1122
"C:/Users/chauh/OneDrive/Documents/GitHub/STP/UnrealProject/STP/Content/Meshes/Textures/T_D_P_01_B.uexp" 1123
"C:/Users/chauh/OneDrive/Documents/GitHub/STP/UnrealProject/STP/Content/Meshes/Textures/T_D_P_01_DRO.ubulk" 1124
"C:/Users/chauh/OneDrive/Documents/GitHub/STP/UnrealProject/STP/Content/Meshes/Textures/T_D_P_01_DRO.uasset" 1125
"C:/Users/chauh/OneDrive/Documents/GitHub/STP/UnrealProject/STP/Content/Meshes/Textures/T_D_P_01_DRO.uexp" 1126
"C:/Users/chauh/OneDrive/Documents/GitHub/STP/UnrealProject/STP/Content/Meshes/Textures/T_D_P_01_N.ubulk" 1127
"C:/Users/chauh/OneDrive/Documents/GitHub/STP/UnrealProject/STP/Content/Meshes/Textures/T_D_P_01_N.uasset" 1128
"C:/Users/chauh/OneDrive/Documents/GitHub/STP/UnrealProject/STP/Content/Meshes/Textures/T_D_P_01_N.uexp" 1129
"C:/Users/chauh/OneDrive/Documents/GitHub/STP/UnrealProject/STP/Content/Meshes/Materials/MI_Decal_P_Painted_01_B1.uasset" 1130
"C:/Users/chauh/OneDrive/Documents/GitHub/STP/UnrealProject/STP/Content/Meshes/Materials/MI_Decal_P_Painted_01_B1.uexp" 1131
"C:/Users/chauh/OneDrive/Documents/GitHub/STP/UnrealProject/STP/Content/Meshes/Textures/T_ContainerBeige2K_basecolor.ubulk" 1132
"C:/Users/chauh/OneDrive/Documents/GitHub/STP/UnrealProject/STP/Content/Meshes/Textures/T_ContainerBeige2K_basecolor.uasset" 1133
"C:/Users/chauh/OneDrive/Documents/GitHub/STP/UnrealProject/STP/Content/Meshes/Textures/T_ContainerBeige2K_basecolor.uexp" 1134
"C:/Users/chauh/OneDrive/Documents/GitHub/STP/UnrealProject/STP/Content/Meshes/Materials/MI_Container_Beige.uasset" 1135
"C:/Users/chauh/OneDrive/Documents/GitHub/STP/UnrealProject/STP/Content/Meshes/Materials/MI_Container_Beige.uexp" 1136
"C:/Users/chauh/OneDrive/Documents/GitHub/STP/UnrealProject/STP/Content/Meshes/StaticMesh/SM_Container20F.ubulk" 1137
"C:/Users/chauh/OneDrive/Documents/GitHub/STP/UnrealProject/STP/Content/Meshes/StaticMesh/SM_Container20F.uasset" 1138
"C:/Users/chauh/OneDrive/Documents/GitHub/STP/UnrealProject/STP/Content/Meshes/StaticMesh/SM_Container20F.uexp" 1139
"C:/Users/chauh/OneDrive/Documents/GitHub/STP/UnrealProject/STP/Content/Meshes/StaticMesh/SM_Container40F.ubulk" 1140
"C:/Users/chauh/OneDrive/Documents/GitHub/STP/UnrealProject/STP/Content/Meshes/StaticMesh/SM_Container40F.uasset" 1141
"C:/Users/chauh/OneDrive/Documents/GitHub/STP/UnrealProject/STP/Content/Meshes/StaticMesh/SM_Container40F.uexp" 1142
"C:/Users/chauh/OneDrive/Documents/GitHub/STP/UnrealProject/STP/Content/Fab/Scene_Warehouse/Assets/MS/3D/Ind_War_Storage_Box_Cardboard_Set_01/T_Ind_War_Storage_Box_Cardboard_Set_01_D.ubulk" 1143
"C:/Users/chauh/OneDrive/Documents/GitHub/STP/UnrealProject/STP/Content/Fab/Scene_Warehouse/Assets/MS/3D/Ind_War_Storage_Box_Cardboard_Set_01/T_Ind_War_Storage_Box_Cardboard_Set_01_D.uasset" 1144
"C:/Users/chauh/OneDrive/Documents/GitHub/STP/UnrealProject/STP/Content/Fab/Scene_Warehouse/Assets/MS/3D/Ind_War_Storage_Box_Cardboard_Set_01/T_Ind_War_Storage_Box_Cardboard_Set_01_D.uexp" 1145
"C:/Users/chauh/OneDrive/Documents/GitHub/STP/UnrealProject/STP/Content/Fab/Scene_Warehouse/Assets/MS/3D/Ind_War_Storage_Box_Cardboard_Set_01/T_Ind_War_Storage_Box_Cardboard_Set_01_DpR.ubulk" 1146
"C:/Users/chauh/OneDrive/Documents/GitHub/STP/UnrealProject/STP/Content/Fab/Scene_Warehouse/Assets/MS/3D/Ind_War_Storage_Box_Cardboard_Set_01/T_Ind_War_Storage_Box_Cardboard_Set_01_DpR.uasset" 1147
"C:/Users/chauh/OneDrive/Documents/GitHub/STP/UnrealProject/STP/Content/Fab/Scene_Warehouse/Assets/MS/3D/Ind_War_Storage_Box_Cardboard_Set_01/T_Ind_War_Storage_Box_Cardboard_Set_01_DpR.uexp" 1148
"C:/Users/chauh/OneDrive/Documents/GitHub/STP/UnrealProject/STP/Content/Fab/Scene_Warehouse/Assets/MS/3D/Ind_War_Storage_Box_Cardboard_Set_01/T_Ind_War_Storage_Box_Cardboard_Set_01_N.ubulk" 1149
"C:/Users/chauh/OneDrive/Documents/GitHub/STP/UnrealProject/STP/Content/Fab/Scene_Warehouse/Assets/MS/3D/Ind_War_Storage_Box_Cardboard_Set_01/T_Ind_War_Storage_Box_Cardboard_Set_01_N.uasset" 1150
"C:/Users/chauh/OneDrive/Documents/GitHub/STP/UnrealProject/STP/Content/Fab/Scene_Warehouse/Assets/MS/3D/Ind_War_Storage_Box_Cardboard_Set_01/T_Ind_War_Storage_Box_Cardboard_Set_01_N.uexp" 1151
"C:/Users/chauh/OneDrive/Documents/GitHub/STP/UnrealProject/STP/Content/Fab/Scene_Warehouse/Assets/MS/3D/Ind_War_Storage_Box_Cardboard_Set_01/MI_Ind_War_Storage_Box_Cardboard_Set_01.uasset" 1152
"C:/Users/chauh/OneDrive/Documents/GitHub/STP/UnrealProject/STP/Content/Fab/Scene_Warehouse/Assets/MS/3D/Ind_War_Storage_Box_Cardboard_Set_01/MI_Ind_War_Storage_Box_Cardboard_Set_01.uexp" 1153
"C:/Users/chauh/OneDrive/Documents/GitHub/STP/UnrealProject/STP/Content/Fab/Scene_Warehouse/Assets/MS/3D/Ind_War_Storage_Box_Cardboard_Set_01/SM_Ind_War_Storage_Box_Cardboard_Set_01_A.ubulk" 1154
"C:/Users/chauh/OneDrive/Documents/GitHub/STP/UnrealProject/STP/Content/Fab/Scene_Warehouse/Assets/MS/3D/Ind_War_Storage_Box_Cardboard_Set_01/SM_Ind_War_Storage_Box_Cardboard_Set_01_A.uasset" 1155
"C:/Users/chauh/OneDrive/Documents/GitHub/STP/UnrealProject/STP/Content/Fab/Scene_Warehouse/Assets/MS/3D/Ind_War_Storage_Box_Cardboard_Set_01/SM_Ind_War_Storage_Box_Cardboard_Set_01_A.uexp" 1156
"C:/Users/chauh/OneDrive/Documents/GitHub/STP/UnrealProject/STP/Content/Fab/Scene_Warehouse/Assets/MS/3D/Ind_War_Storage_Box_Cardboard_Set_03/T_Ind_War_Storage_Box_Cardboard_Set_03_D.ubulk" 1157
"C:/Users/chauh/OneDrive/Documents/GitHub/STP/UnrealProject/STP/Content/Fab/Scene_Warehouse/Assets/MS/3D/Ind_War_Storage_Box_Cardboard_Set_03/T_Ind_War_Storage_Box_Cardboard_Set_03_D.uasset" 1158
"C:/Users/chauh/OneDrive/Documents/GitHub/STP/UnrealProject/STP/Content/Fab/Scene_Warehouse/Assets/MS/3D/Ind_War_Storage_Box_Cardboard_Set_03/T_Ind_War_Storage_Box_Cardboard_Set_03_D.uexp" 1159
"C:/Users/chauh/OneDrive/Documents/GitHub/STP/UnrealProject/STP/Content/Fab/Scene_Warehouse/Assets/MS/3D/Ind_War_Storage_Box_Cardboard_Set_03/T_Ind_War_Storage_Box_Cardboard_Set_03_DpR.ubulk" 1160
"C:/Users/chauh/OneDrive/Documents/GitHub/STP/UnrealProject/STP/Content/Fab/Scene_Warehouse/Assets/MS/3D/Ind_War_Storage_Box_Cardboard_Set_03/T_Ind_War_Storage_Box_Cardboard_Set_03_DpR.uasset" 1161
"C:/Users/chauh/OneDrive/Documents/GitHub/STP/UnrealProject/STP/Content/Fab/Scene_Warehouse/Assets/MS/3D/Ind_War_Storage_Box_Cardboard_Set_03/T_Ind_War_Storage_Box_Cardboard_Set_03_DpR.uexp" 1162
"C:/Users/chauh/OneDrive/Documents/GitHub/STP/UnrealProject/STP/Content/Fab/Scene_Warehouse/Assets/MS/3D/Ind_War_Storage_Box_Cardboard_Set_03/T_Ind_War_Storage_Box_Cardboard_Set_03_N.ubulk" 1163
"C:/Users/chauh/OneDrive/Documents/GitHub/STP/UnrealProject/STP/Content/Fab/Scene_Warehouse/Assets/MS/3D/Ind_War_Storage_Box_Cardboard_Set_03/T_Ind_War_Storage_Box_Cardboard_Set_03_N.uasset" 1164
"C:/Users/chauh/OneDrive/Documents/GitHub/STP/UnrealProject/STP/Content/Fab/Scene_Warehouse/Assets/MS/3D/Ind_War_Storage_Box_Cardboard_Set_03/T_Ind_War_Storage_Box_Cardboard_Set_03_N.uexp" 1165
"C:/Users/chauh/OneDrive/Documents/GitHub/STP/UnrealProject/STP/Content/Fab/Scene_Warehouse/Assets/MS/3D/Ind_War_Storage_Box_Cardboard_Set_03/MI_Ind_War_Storage_Box_Cardboard_Set_03.uasset" 1166
"C:/Users/chauh/OneDrive/Documents/GitHub/STP/UnrealProject/STP/Content/Fab/Scene_Warehouse/Assets/MS/3D/Ind_War_Storage_Box_Cardboard_Set_03/MI_Ind_War_Storage_Box_Cardboard_Set_03.uexp" 1167
"C:/Users/chauh/OneDrive/Documents/GitHub/STP/UnrealProject/STP/Content/Fab/Scene_Warehouse/Assets/MS/3D/Ind_War_Storage_Box_Cardboard_Set_03/SM_Ind_War_Storage_Box_Cardboard_Set_03_A.ubulk" 1168
"C:/Users/chauh/OneDrive/Documents/GitHub/STP/UnrealProject/STP/Content/Fab/Scene_Warehouse/Assets/MS/3D/Ind_War_Storage_Box_Cardboard_Set_03/SM_Ind_War_Storage_Box_Cardboard_Set_03_A.uasset" 1169
"C:/Users/chauh/OneDrive/Documents/GitHub/STP/UnrealProject/STP/Content/Fab/Scene_Warehouse/Assets/MS/3D/Ind_War_Storage_Box_Cardboard_Set_03/SM_Ind_War_Storage_Box_Cardboard_Set_03_A.uexp" 1170
"C:/Users/chauh/OneDrive/Documents/GitHub/STP/UnrealProject/STP/Content/Fab/Scene_Warehouse/Assets/MS/3D/Ind_War_Storage_Box_Cardboard_Set_01/SM_Ind_War_Storage_Box_Cardboard_Set_01_B.ubulk" 1171
"C:/Users/chauh/OneDrive/Documents/GitHub/STP/UnrealProject/STP/Content/Fab/Scene_Warehouse/Assets/MS/3D/Ind_War_Storage_Box_Cardboard_Set_01/SM_Ind_War_Storage_Box_Cardboard_Set_01_B.uasset" 1172
"C:/Users/chauh/OneDrive/Documents/GitHub/STP/UnrealProject/STP/Content/Fab/Scene_Warehouse/Assets/MS/3D/Ind_War_Storage_Box_Cardboard_Set_01/SM_Ind_War_Storage_Box_Cardboard_Set_01_B.uexp" 1173
"C:/Users/chauh/OneDrive/Documents/GitHub/STP/UnrealProject/STP/Content/Fab/Scene_Warehouse/Assets/MS/3D/Ind_War_Storage_Box_Cardboard_Set_01/SM_Ind_War_Storage_Box_Cardboard_Set_01_C.ubulk" 1174
"C:/Users/chauh/OneDrive/Documents/GitHub/STP/UnrealProject/STP/Content/Fab/Scene_Warehouse/Assets/MS/3D/Ind_War_Storage_Box_Cardboard_Set_01/SM_Ind_War_Storage_Box_Cardboard_Set_01_C.uasset" 1175
"C:/Users/chauh/OneDrive/Documents/GitHub/STP/UnrealProject/STP/Content/Fab/Scene_Warehouse/Assets/MS/3D/Ind_War_Storage_Box_Cardboard_Set_01/SM_Ind_War_Storage_Box_Cardboard_Set_01_C.uexp" 1176
"C:/Users/chauh/OneDrive/Documents/GitHub/STP/UnrealProject/STP/Content/Fab/Scene_Warehouse/Assets/MS/3D/Ind_War_Storage_Box_Cardboard_Set_01/SM_Ind_War_Storage_Box_Cardboard_Set_01_D.ubulk" 1177
"C:/Users/chauh/OneDrive/Documents/GitHub/STP/UnrealProject/STP/Content/Fab/Scene_Warehouse/Assets/MS/3D/Ind_War_Storage_Box_Cardboard_Set_01/SM_Ind_War_Storage_Box_Cardboard_Set_01_D.uasset" 1178
"C:/Users/chauh/OneDrive/Documents/GitHub/STP/UnrealProject/STP/Content/Fab/Scene_Warehouse/Assets/MS/3D/Ind_War_Storage_Box_Cardboard_Set_01/SM_Ind_War_Storage_Box_Cardboard_Set_01_D.uexp" 1179
"C:/Users/chauh/OneDrive/Documents/GitHub/STP/UnrealProject/STP/Content/Fab/Scene_Warehouse/Assets/MS/3D/Ind_War_Storage_Box_Cardboard_Set_01/SM_Ind_War_Storage_Box_Cardboard_Set_01_E.ubulk" 1180
"C:/Users/chauh/OneDrive/Documents/GitHub/STP/UnrealProject/STP/Content/Fab/Scene_Warehouse/Assets/MS/3D/Ind_War_Storage_Box_Cardboard_Set_01/SM_Ind_War_Storage_Box_Cardboard_Set_01_E.uasset" 1181
"C:/Users/chauh/OneDrive/Documents/GitHub/STP/UnrealProject/STP/Content/Fab/Scene_Warehouse/Assets/MS/3D/Ind_War_Storage_Box_Cardboard_Set_01/SM_Ind_War_Storage_Box_Cardboard_Set_01_E.uexp" 1182
"C:/Users/chauh/OneDrive/Documents/GitHub/STP/UnrealProject/STP/Content/Fab/Scene_Warehouse/Assets/MS/3D/Ind_War_Storage_Box_Cardboard_Set_01/SM_Ind_War_Storage_Box_Cardboard_Set_01_F.ubulk" 1183
"C:/Users/chauh/OneDrive/Documents/GitHub/STP/UnrealProject/STP/Content/Fab/Scene_Warehouse/Assets/MS/3D/Ind_War_Storage_Box_Cardboard_Set_01/SM_Ind_War_Storage_Box_Cardboard_Set_01_F.uasset" 1184
"C:/Users/chauh/OneDrive/Documents/GitHub/STP/UnrealProject/STP/Content/Fab/Scene_Warehouse/Assets/MS/3D/Ind_War_Storage_Box_Cardboard_Set_01/SM_Ind_War_Storage_Box_Cardboard_Set_01_F.uexp" 1185
"C:/Users/chauh/OneDrive/Documents/GitHub/STP/UnrealProject/STP/Content/Fab/Scene_Warehouse/Assets/MS/3D/Ind_War_Storage_Box_Cardboard_Set_01/SM_Ind_War_Storage_Box_Cardboard_Set_01_G.ubulk" 1186
"C:/Users/chauh/OneDrive/Documents/GitHub/STP/UnrealProject/STP/Content/Fab/Scene_Warehouse/Assets/MS/3D/Ind_War_Storage_Box_Cardboard_Set_01/SM_Ind_War_Storage_Box_Cardboard_Set_01_G.uasset" 1187
"C:/Users/chauh/OneDrive/Documents/GitHub/STP/UnrealProject/STP/Content/Fab/Scene_Warehouse/Assets/MS/3D/Ind_War_Storage_Box_Cardboard_Set_01/SM_Ind_War_Storage_Box_Cardboard_Set_01_G.uexp" 1188
"C:/Users/chauh/OneDrive/Documents/GitHub/STP/UnrealProject/STP/Content/Fab/Scene_Warehouse/Assets/MS/3D/Ind_War_Storage_Box_Cardboard_Set_02/T_Ind_War_Storage_Box_Cardboard_Set_02_D.ubulk" 1189
"C:/Users/chauh/OneDrive/Documents/GitHub/STP/UnrealProject/STP/Content/Fab/Scene_Warehouse/Assets/MS/3D/Ind_War_Storage_Box_Cardboard_Set_02/T_Ind_War_Storage_Box_Cardboard_Set_02_D.uasset" 1190
"C:/Users/chauh/OneDrive/Documents/GitHub/STP/UnrealProject/STP/Content/Fab/Scene_Warehouse/Assets/MS/3D/Ind_War_Storage_Box_Cardboard_Set_02/T_Ind_War_Storage_Box_Cardboard_Set_02_D.uexp" 1191
"C:/Users/chauh/OneDrive/Documents/GitHub/STP/UnrealProject/STP/Content/Fab/Scene_Warehouse/Assets/MS/3D/Ind_War_Storage_Box_Cardboard_Set_02/T_Ind_War_Storage_Box_Cardboard_Set_02_DpR.ubulk" 1192
"C:/Users/chauh/OneDrive/Documents/GitHub/STP/UnrealProject/STP/Content/Fab/Scene_Warehouse/Assets/MS/3D/Ind_War_Storage_Box_Cardboard_Set_02/T_Ind_War_Storage_Box_Cardboard_Set_02_DpR.uasset" 1193
"C:/Users/chauh/OneDrive/Documents/GitHub/STP/UnrealProject/STP/Content/Fab/Scene_Warehouse/Assets/MS/3D/Ind_War_Storage_Box_Cardboard_Set_02/T_Ind_War_Storage_Box_Cardboard_Set_02_DpR.uexp" 1194
"C:/Users/chauh/OneDrive/Documents/GitHub/STP/UnrealProject/STP/Content/Fab/Scene_Warehouse/Assets/MS/3D/Ind_War_Storage_Box_Cardboard_Set_02/T_Ind_War_Storage_Box_Cardboard_Set_02_N.ubulk" 1195
"C:/Users/chauh/OneDrive/Documents/GitHub/STP/UnrealProject/STP/Content/Fab/Scene_Warehouse/Assets/MS/3D/Ind_War_Storage_Box_Cardboard_Set_02/T_Ind_War_Storage_Box_Cardboard_Set_02_N.uasset" 1196
"C:/Users/chauh/OneDrive/Documents/GitHub/STP/UnrealProject/STP/Content/Fab/Scene_Warehouse/Assets/MS/3D/Ind_War_Storage_Box_Cardboard_Set_02/T_Ind_War_Storage_Box_Cardboard_Set_02_N.uexp" 1197
"C:/Users/chauh/OneDrive/Documents/GitHub/STP/UnrealProject/STP/Content/Fab/Scene_Warehouse/Assets/MS/3D/Ind_War_Storage_Box_Cardboard_Set_02/MI_Ind_War_Storage_Box_Cardboard_Set_02.uasset" 1198
"C:/Users/chauh/OneDrive/Documents/GitHub/STP/UnrealProject/STP/Content/Fab/Scene_Warehouse/Assets/MS/3D/Ind_War_Storage_Box_Cardboard_Set_02/MI_Ind_War_Storage_Box_Cardboard_Set_02.uexp" 1199
"C:/Users/chauh/OneDrive/Documents/GitHub/STP/UnrealProject/STP/Content/Fab/Scene_Warehouse/Assets/MS/3D/Ind_War_Storage_Box_Cardboard_Set_02/SM_Ind_War_Storage_Box_Cardboard_Set_02_A.ubulk" 1200
"C:/Users/chauh/OneDrive/Documents/GitHub/STP/UnrealProject/STP/Content/Fab/Scene_Warehouse/Assets/MS/3D/Ind_War_Storage_Box_Cardboard_Set_02/SM_Ind_War_Storage_Box_Cardboard_Set_02_A.uasset" 1201
"C:/Users/chauh/OneDrive/Documents/GitHub/STP/UnrealProject/STP/Content/Fab/Scene_Warehouse/Assets/MS/3D/Ind_War_Storage_Box_Cardboard_Set_02/SM_Ind_War_Storage_Box_Cardboard_Set_02_A.uexp" 1202
"C:/Users/chauh/OneDrive/Documents/GitHub/STP/UnrealProject/STP/Content/Fab/Scene_Warehouse/Assets/MS/3D/Ind_War_Storage_Box_Cardboard_Set_02/SM_Ind_War_Storage_Box_Cardboard_Set_02_B.ubulk" 1203
"C:/Users/chauh/OneDrive/Documents/GitHub/STP/UnrealProject/STP/Content/Fab/Scene_Warehouse/Assets/MS/3D/Ind_War_Storage_Box_Cardboard_Set_02/SM_Ind_War_Storage_Box_Cardboard_Set_02_B.uasset" 1204
"C:/Users/chauh/OneDrive/Documents/GitHub/STP/UnrealProject/STP/Content/Fab/Scene_Warehouse/Assets/MS/3D/Ind_War_Storage_Box_Cardboard_Set_02/SM_Ind_War_Storage_Box_Cardboard_Set_02_B.uexp" 1205
"C:/Users/chauh/OneDrive/Documents/GitHub/STP/UnrealProject/STP/Content/Fab/Scene_Warehouse/Assets/MS/3D/Ind_War_Storage_Box_Cardboard_Set_02/SM_Ind_War_Storage_Box_Cardboard_Set_02_C.ubulk" 1206
"C:/Users/chauh/OneDrive/Documents/GitHub/STP/UnrealProject/STP/Content/Fab/Scene_Warehouse/Assets/MS/3D/Ind_War_Storage_Box_Cardboard_Set_02/SM_Ind_War_Storage_Box_Cardboard_Set_02_C.uasset" 1207
"C:/Users/chauh/OneDrive/Documents/GitHub/STP/UnrealProject/STP/Content/Fab/Scene_Warehouse/Assets/MS/3D/Ind_War_Storage_Box_Cardboard_Set_02/SM_Ind_War_Storage_Box_Cardboard_Set_02_C.uexp" 1208
"C:/Users/chauh/OneDrive/Documents/GitHub/STP/UnrealProject/STP/Content/Fab/Scene_Warehouse/Assets/MS/3D/Ind_War_Storage_Box_Cardboard_Set_02/SM_Ind_War_Storage_Box_Cardboard_Set_02_D.ubulk" 1209
"C:/Users/chauh/OneDrive/Documents/GitHub/STP/UnrealProject/STP/Content/Fab/Scene_Warehouse/Assets/MS/3D/Ind_War_Storage_Box_Cardboard_Set_02/SM_Ind_War_Storage_Box_Cardboard_Set_02_D.uasset" 1210
"C:/Users/chauh/OneDrive/Documents/GitHub/STP/UnrealProject/STP/Content/Fab/Scene_Warehouse/Assets/MS/3D/Ind_War_Storage_Box_Cardboard_Set_02/SM_Ind_War_Storage_Box_Cardboard_Set_02_D.uexp" 1211
"C:/Users/chauh/OneDrive/Documents/GitHub/STP/UnrealProject/STP/Content/Fab/Scene_Warehouse/Assets/MS/3D/Ind_War_Storage_Box_Cardboard_Set_02/SM_Ind_War_Storage_Box_Cardboard_Set_02_E.ubulk" 1212
"C:/Users/chauh/OneDrive/Documents/GitHub/STP/UnrealProject/STP/Content/Fab/Scene_Warehouse/Assets/MS/3D/Ind_War_Storage_Box_Cardboard_Set_02/SM_Ind_War_Storage_Box_Cardboard_Set_02_E.uasset" 1213
"C:/Users/chauh/OneDrive/Documents/GitHub/STP/UnrealProject/STP/Content/Fab/Scene_Warehouse/Assets/MS/3D/Ind_War_Storage_Box_Cardboard_Set_02/SM_Ind_War_Storage_Box_Cardboard_Set_02_E.uexp" 1214
"C:/Users/chauh/OneDrive/Documents/GitHub/STP/UnrealProject/STP/Content/Fab/Scene_Warehouse/Assets/MS/3D/Ind_War_Storage_Box_Cardboard_Set_02/SM_Ind_War_Storage_Box_Cardboard_Set_02_F.ubulk" 1215
"C:/Users/chauh/OneDrive/Documents/GitHub/STP/UnrealProject/STP/Content/Fab/Scene_Warehouse/Assets/MS/3D/Ind_War_Storage_Box_Cardboard_Set_02/SM_Ind_War_Storage_Box_Cardboard_Set_02_F.uasset" 1216
"C:/Users/chauh/OneDrive/Documents/GitHub/STP/UnrealProject/STP/Content/Fab/Scene_Warehouse/Assets/MS/3D/Ind_War_Storage_Box_Cardboard_Set_02/SM_Ind_War_Storage_Box_Cardboard_Set_02_F.uexp" 1217
"C:/Users/chauh/OneDrive/Documents/GitHub/STP/UnrealProject/STP/Content/Fab/Scene_Warehouse/Assets/MS/3D/Ind_War_Storage_Box_Cardboard_Set_03/SM_Ind_War_Storage_Box_Cardboard_Set_03_B.ubulk" 1218
"C:/Users/chauh/OneDrive/Documents/GitHub/STP/UnrealProject/STP/Content/Fab/Scene_Warehouse/Assets/MS/3D/Ind_War_Storage_Box_Cardboard_Set_03/SM_Ind_War_Storage_Box_Cardboard_Set_03_B.uasset" 1219
"C:/Users/chauh/OneDrive/Documents/GitHub/STP/UnrealProject/STP/Content/Fab/Scene_Warehouse/Assets/MS/3D/Ind_War_Storage_Box_Cardboard_Set_03/SM_Ind_War_Storage_Box_Cardboard_Set_03_B.uexp" 1220
"C:/Users/chauh/OneDrive/Documents/GitHub/STP/UnrealProject/STP/Content/Fab/Scene_Warehouse/Assets/MS/3D/Ind_War_Storage_Box_Cardboard_Set_03/SM_Ind_War_Storage_Box_Cardboard_Set_03_C.ubulk" 1221
"C:/Users/chauh/OneDrive/Documents/GitHub/STP/UnrealProject/STP/Content/Fab/Scene_Warehouse/Assets/MS/3D/Ind_War_Storage_Box_Cardboard_Set_03/SM_Ind_War_Storage_Box_Cardboard_Set_03_C.uasset" 1222
"C:/Users/chauh/OneDrive/Documents/GitHub/STP/UnrealProject/STP/Content/Fab/Scene_Warehouse/Assets/MS/3D/Ind_War_Storage_Box_Cardboard_Set_03/SM_Ind_War_Storage_Box_Cardboard_Set_03_C.uexp" 1223
"C:/Users/chauh/OneDrive/Documents/GitHub/STP/UnrealProject/STP/Content/Fab/Scene_Warehouse/Assets/MS/3D/Ind_War_Storage_Box_Cardboard_Set_03/SM_Ind_War_Storage_Box_Cardboard_Set_03_D.ubulk" 1224
"C:/Users/chauh/OneDrive/Documents/GitHub/STP/UnrealProject/STP/Content/Fab/Scene_Warehouse/Assets/MS/3D/Ind_War_Storage_Box_Cardboard_Set_03/SM_Ind_War_Storage_Box_Cardboard_Set_03_D.uasset" 1225
"C:/Users/chauh/OneDrive/Documents/GitHub/STP/UnrealProject/STP/Content/Fab/Scene_Warehouse/Assets/MS/3D/Ind_War_Storage_Box_Cardboard_Set_03/SM_Ind_War_Storage_Box_Cardboard_Set_03_D.uexp" 1226
"C:/Users/chauh/OneDrive/Documents/GitHub/STP/UnrealProject/STP/Content/Fab/Scene_Warehouse/Assets/MS/3D/Ind_War_Storage_Box_Cardboard_Set_03/SM_Ind_War_Storage_Box_Cardboard_Set_03_E.ubulk" 1227
"C:/Users/chauh/OneDrive/Documents/GitHub/STP/UnrealProject/STP/Content/Fab/Scene_Warehouse/Assets/MS/3D/Ind_War_Storage_Box_Cardboard_Set_03/SM_Ind_War_Storage_Box_Cardboard_Set_03_E.uasset" 1228
"C:/Users/chauh/OneDrive/Documents/GitHub/STP/UnrealProject/STP/Content/Fab/Scene_Warehouse/Assets/MS/3D/Ind_War_Storage_Box_Cardboard_Set_03/SM_Ind_War_Storage_Box_Cardboard_Set_03_E.uexp" 1229
"C:/Users/chauh/OneDrive/Documents/GitHub/STP/UnrealProject/STP/Content/Fab/Scene_Warehouse/Assets/Blueprints/BPP_Ind_War_BoxStack_01.uasset" 1230
"C:/Users/chauh/OneDrive/Documents/GitHub/STP/UnrealProject/STP/Content/Fab/Scene_Warehouse/Assets/Blueprints/BPP_Ind_War_BoxStack_01.uexp" 1231
"C:/Users/chauh/OneDrive/Documents/GitHub/STP/UnrealProject/STP/Content/Fab/Scene_Warehouse/Assets/Blueprints/BPP_Ind_War_BoxStack_02.uasset" 1232
"C:/Users/chauh/OneDrive/Documents/GitHub/STP/UnrealProject/STP/Content/Fab/Scene_Warehouse/Assets/Blueprints/BPP_Ind_War_BoxStack_02.uexp" 1233
"C:/Users/chauh/OneDrive/Documents/GitHub/STP/UnrealProject/STP/Content/Fab/Scene_Warehouse/Assets/MS/3D/Ind_War_Equipment_Handtruck_Metal_Worn_02/T_Ind_War_Equipment_Handtruck_Metal_Worn_02_D.ubulk" 1234
"C:/Users/chauh/OneDrive/Documents/GitHub/STP/UnrealProject/STP/Content/Fab/Scene_Warehouse/Assets/MS/3D/Ind_War_Equipment_Handtruck_Metal_Worn_02/T_Ind_War_Equipment_Handtruck_Metal_Worn_02_D.uasset" 1235
"C:/Users/chauh/OneDrive/Documents/GitHub/STP/UnrealProject/STP/Content/Fab/Scene_Warehouse/Assets/MS/3D/Ind_War_Equipment_Handtruck_Metal_Worn_02/T_Ind_War_Equipment_Handtruck_Metal_Worn_02_D.uexp" 1236
"C:/Users/chauh/OneDrive/Documents/GitHub/STP/UnrealProject/STP/Content/Fab/Scene_Warehouse/Assets/MS/3D/Ind_War_Equipment_Handtruck_Metal_Worn_02/T_Ind_War_Equipment_Handtruck_Metal_Worn_02_DpR.ubulk" 1237
"C:/Users/chauh/OneDrive/Documents/GitHub/STP/UnrealProject/STP/Content/Fab/Scene_Warehouse/Assets/MS/3D/Ind_War_Equipment_Handtruck_Metal_Worn_02/T_Ind_War_Equipment_Handtruck_Metal_Worn_02_DpR.uasset" 1238
"C:/Users/chauh/OneDrive/Documents/GitHub/STP/UnrealProject/STP/Content/Fab/Scene_Warehouse/Assets/MS/3D/Ind_War_Equipment_Handtruck_Metal_Worn_02/T_Ind_War_Equipment_Handtruck_Metal_Worn_02_DpR.uexp" 1239
"C:/Users/chauh/OneDrive/Documents/GitHub/STP/UnrealProject/STP/Content/Fab/Scene_Warehouse/Assets/MS/3D/Ind_War_Equipment_Handtruck_Metal_Worn_02/T_Ind_War_Equipment_Handtruck_Metal_Worn_02_N.ubulk" 1240
"C:/Users/chauh/OneDrive/Documents/GitHub/STP/UnrealProject/STP/Content/Fab/Scene_Warehouse/Assets/MS/3D/Ind_War_Equipment_Handtruck_Metal_Worn_02/T_Ind_War_Equipment_Handtruck_Metal_Worn_02_N.uasset" 1241
"C:/Users/chauh/OneDrive/Documents/GitHub/STP/UnrealProject/STP/Content/Fab/Scene_Warehouse/Assets/MS/3D/Ind_War_Equipment_Handtruck_Metal_Worn_02/T_Ind_War_Equipment_Handtruck_Metal_Worn_02_N.uexp" 1242
"C:/Users/chauh/OneDrive/Documents/GitHub/STP/UnrealProject/STP/Content/Fab/Scene_Warehouse/Assets/MS/3D/Ind_War_Equipment_Handtruck_Metal_Worn_02/MI_Ind_War_Equipment_Handtruck_Metal_Worn_02.uasset" 1243
"C:/Users/chauh/OneDrive/Documents/GitHub/STP/UnrealProject/STP/Content/Fab/Scene_Warehouse/Assets/MS/3D/Ind_War_Equipment_Handtruck_Metal_Worn_02/MI_Ind_War_Equipment_Handtruck_Metal_Worn_02.uexp" 1244
"C:/Users/chauh/OneDrive/Documents/GitHub/STP/UnrealProject/STP/Content/Fab/Scene_Warehouse/Assets/MS/3D/Ind_War_Equipment_Handtruck_Metal_Worn_02/SM_Ind_War_Equipment_Handtruck_Metal_Worn_02_A.ubulk" 1245
"C:/Users/chauh/OneDrive/Documents/GitHub/STP/UnrealProject/STP/Content/Fab/Scene_Warehouse/Assets/MS/3D/Ind_War_Equipment_Handtruck_Metal_Worn_02/SM_Ind_War_Equipment_Handtruck_Metal_Worn_02_A.uasset" 1246
"C:/Users/chauh/OneDrive/Documents/GitHub/STP/UnrealProject/STP/Content/Fab/Scene_Warehouse/Assets/MS/3D/Ind_War_Equipment_Handtruck_Metal_Worn_02/SM_Ind_War_Equipment_Handtruck_Metal_Worn_02_A.uexp" 1247
"C:/Users/chauh/OneDrive/Documents/GitHub/STP/UnrealProject/STP/Content/Fab/Scene_Warehouse/Assets/MS/3D/Ind_War_Equipment_Handtruck_Metal_Worn_02/SM_Ind_War_Equipment_Handtruck_Metal_Worn_02_B.ubulk" 1248
"C:/Users/chauh/OneDrive/Documents/GitHub/STP/UnrealProject/STP/Content/Fab/Scene_Warehouse/Assets/MS/3D/Ind_War_Equipment_Handtruck_Metal_Worn_02/SM_Ind_War_Equipment_Handtruck_Metal_Worn_02_B.uasset" 1249
"C:/Users/chauh/OneDrive/Documents/GitHub/STP/UnrealProject/STP/Content/Fab/Scene_Warehouse/Assets/MS/3D/Ind_War_Equipment_Handtruck_Metal_Worn_02/SM_Ind_War_Equipment_Handtruck_Metal_Worn_02_B.uexp" 1250
"C:/Users/chauh/OneDrive/Documents/GitHub/STP/UnrealProject/STP/Content/Fab/Scene_Warehouse/Assets/MS/3D/Ind_War_Equipment_Handtruck_Metal_Worn_02/SM_Ind_War_Equipment_Handtruck_Metal_Worn_02_C.ubulk" 1251
"C:/Users/chauh/OneDrive/Documents/GitHub/STP/UnrealProject/STP/Content/Fab/Scene_Warehouse/Assets/MS/3D/Ind_War_Equipment_Handtruck_Metal_Worn_02/SM_Ind_War_Equipment_Handtruck_Metal_Worn_02_C.uasset" 1252
"C:/Users/chauh/OneDrive/Documents/GitHub/STP/UnrealProject/STP/Content/Fab/Scene_Warehouse/Assets/MS/3D/Ind_War_Equipment_Handtruck_Metal_Worn_02/SM_Ind_War_Equipment_Handtruck_Metal_Worn_02_C.uexp" 1253
"C:/Users/chauh/OneDrive/Documents/GitHub/STP/UnrealProject/STP/Content/Fab/Scene_Warehouse/Assets/Blueprints/BPP_Ind_War_HandTruck_01.uasset" 1254
"C:/Users/chauh/OneDrive/Documents/GitHub/STP/UnrealProject/STP/Content/Fab/Scene_Warehouse/Assets/Blueprints/BPP_Ind_War_HandTruck_01.uexp" 1255
"C:/Users/chauh/OneDrive/Documents/GitHub/STP/UnrealProject/STP/Content/Fab/Scene_Warehouse/Assets/MS/3D/Ind_War_Storage_Pallet_Wood_Worn_07/T_Ind_War_Storage_Pallet_Wood_Worn_07_D.ubulk" 1256
"C:/Users/chauh/OneDrive/Documents/GitHub/STP/UnrealProject/STP/Content/Fab/Scene_Warehouse/Assets/MS/3D/Ind_War_Storage_Pallet_Wood_Worn_07/T_Ind_War_Storage_Pallet_Wood_Worn_07_D.uasset" 1257
"C:/Users/chauh/OneDrive/Documents/GitHub/STP/UnrealProject/STP/Content/Fab/Scene_Warehouse/Assets/MS/3D/Ind_War_Storage_Pallet_Wood_Worn_07/T_Ind_War_Storage_Pallet_Wood_Worn_07_D.uexp" 1258
"C:/Users/chauh/OneDrive/Documents/GitHub/STP/UnrealProject/STP/Content/Fab/Scene_Warehouse/Assets/MS/3D/Ind_War_Storage_Pallet_Wood_Worn_07/T_Ind_War_Storage_Pallet_Wood_Worn_07_DpR.ubulk" 1259
"C:/Users/chauh/OneDrive/Documents/GitHub/STP/UnrealProject/STP/Content/Fab/Scene_Warehouse/Assets/MS/3D/Ind_War_Storage_Pallet_Wood_Worn_07/T_Ind_War_Storage_Pallet_Wood_Worn_07_DpR.uasset" 1260
"C:/Users/chauh/OneDrive/Documents/GitHub/STP/UnrealProject/STP/Content/Fab/Scene_Warehouse/Assets/MS/3D/Ind_War_Storage_Pallet_Wood_Worn_07/T_Ind_War_Storage_Pallet_Wood_Worn_07_DpR.uexp" 1261
"C:/Users/chauh/OneDrive/Documents/GitHub/STP/UnrealProject/STP/Content/Fab/Scene_Warehouse/Assets/MS/3D/Ind_War_Storage_Pallet_Wood_Worn_07/T_Ind_War_Storage_Pallet_Wood_Worn_07_N.ubulk" 1262
"C:/Users/chauh/OneDrive/Documents/GitHub/STP/UnrealProject/STP/Content/Fab/Scene_Warehouse/Assets/MS/3D/Ind_War_Storage_Pallet_Wood_Worn_07/T_Ind_War_Storage_Pallet_Wood_Worn_07_N.uasset" 1263
"C:/Users/chauh/OneDrive/Documents/GitHub/STP/UnrealProject/STP/Content/Fab/Scene_Warehouse/Assets/MS/3D/Ind_War_Storage_Pallet_Wood_Worn_07/T_Ind_War_Storage_Pallet_Wood_Worn_07_N.uexp" 1264
"C:/Users/chauh/OneDrive/Documents/GitHub/STP/UnrealProject/STP/Content/Fab/Scene_Warehouse/Assets/MS/3D/Ind_War_Storage_Pallet_Wood_Worn_07/MI_Ind_War_Storage_Pallet_Wood_Worn_07.uasset" 1265
"C:/Users/chauh/OneDrive/Documents/GitHub/STP/UnrealProject/STP/Content/Fab/Scene_Warehouse/Assets/MS/3D/Ind_War_Storage_Pallet_Wood_Worn_07/MI_Ind_War_Storage_Pallet_Wood_Worn_07.uexp" 1266
"C:/Users/chauh/OneDrive/Documents/GitHub/STP/UnrealProject/STP/Content/Fab/Scene_Warehouse/Assets/MS/3D/Ind_War_Storage_Pallet_Wood_Worn_07/SM_Ind_War_Storage_Pallet_Wood_Worn_07.ubulk" 1267
"C:/Users/chauh/OneDrive/Documents/GitHub/STP/UnrealProject/STP/Content/Fab/Scene_Warehouse/Assets/MS/3D/Ind_War_Storage_Pallet_Wood_Worn_07/SM_Ind_War_Storage_Pallet_Wood_Worn_07.uasset" 1268
"C:/Users/chauh/OneDrive/Documents/GitHub/STP/UnrealProject/STP/Content/Fab/Scene_Warehouse/Assets/MS/3D/Ind_War_Storage_Pallet_Wood_Worn_07/SM_Ind_War_Storage_Pallet_Wood_Worn_07.uexp" 1269
"C:/Users/chauh/OneDrive/Documents/GitHub/STP/UnrealProject/STP/Content/Fab/Scene_Warehouse/Assets/MS/3D/Ind_War_Pallet_Shelf_Metal_Modular_01/T_Ind_War_Pallet_Shelf_Metal_Modular_01_D.ubulk" 1270
"C:/Users/chauh/OneDrive/Documents/GitHub/STP/UnrealProject/STP/Content/Fab/Scene_Warehouse/Assets/MS/3D/Ind_War_Pallet_Shelf_Metal_Modular_01/T_Ind_War_Pallet_Shelf_Metal_Modular_01_D.uasset" 1271
"C:/Users/chauh/OneDrive/Documents/GitHub/STP/UnrealProject/STP/Content/Fab/Scene_Warehouse/Assets/MS/3D/Ind_War_Pallet_Shelf_Metal_Modular_01/T_Ind_War_Pallet_Shelf_Metal_Modular_01_D.uexp" 1272
"C:/Users/chauh/OneDrive/Documents/GitHub/STP/UnrealProject/STP/Content/Fab/Scene_Warehouse/Assets/MS/3D/Ind_War_Pallet_Shelf_Metal_Modular_01/T_Ind_War_Pallet_Shelf_Metal_Modular_01_DpR.ubulk" 1273
"C:/Users/chauh/OneDrive/Documents/GitHub/STP/UnrealProject/STP/Content/Fab/Scene_Warehouse/Assets/MS/3D/Ind_War_Pallet_Shelf_Metal_Modular_01/T_Ind_War_Pallet_Shelf_Metal_Modular_01_DpR.uasset" 1274
"C:/Users/chauh/OneDrive/Documents/GitHub/STP/UnrealProject/STP/Content/Fab/Scene_Warehouse/Assets/MS/3D/Ind_War_Pallet_Shelf_Metal_Modular_01/T_Ind_War_Pallet_Shelf_Metal_Modular_01_DpR.uexp" 1275
"C:/Users/chauh/OneDrive/Documents/GitHub/STP/UnrealProject/STP/Content/Fab/Scene_Warehouse/Assets/MS/3D/Ind_War_Pallet_Shelf_Metal_Modular_01/T_Ind_War_Pallet_Shelf_Metal_Modular_01_N.ubulk" 1276
"C:/Users/chauh/OneDrive/Documents/GitHub/STP/UnrealProject/STP/Content/Fab/Scene_Warehouse/Assets/MS/3D/Ind_War_Pallet_Shelf_Metal_Modular_01/T_Ind_War_Pallet_Shelf_Metal_Modular_01_N.uasset" 1277
"C:/Users/chauh/OneDrive/Documents/GitHub/STP/UnrealProject/STP/Content/Fab/Scene_Warehouse/Assets/MS/3D/Ind_War_Pallet_Shelf_Metal_Modular_01/T_Ind_War_Pallet_Shelf_Metal_Modular_01_N.uexp" 1278
"C:/Users/chauh/OneDrive/Documents/GitHub/STP/UnrealProject/STP/Content/Fab/Scene_Warehouse/Assets/MS/3D/Ind_War_Pallet_Shelf_Metal_Modular_01/MI_Ind_War_Pallet_Shelf_Metal_Modular_01.uasset" 1279
"C:/Users/chauh/OneDrive/Documents/GitHub/STP/UnrealProject/STP/Content/Fab/Scene_Warehouse/Assets/MS/3D/Ind_War_Pallet_Shelf_Metal_Modular_01/MI_Ind_War_Pallet_Shelf_Metal_Modular_01.uexp" 1280
"C:/Users/chauh/OneDrive/Documents/GitHub/STP/UnrealProject/STP/Content/Fab/Scene_Warehouse/Assets/MS/3D/Ind_War_Pallet_Shelf_Metal_Modular_01/SM_Ind_War_Pallet_Shelf_Metal_Modular_01_A.ubulk" 1281
"C:/Users/chauh/OneDrive/Documents/GitHub/STP/UnrealProject/STP/Content/Fab/Scene_Warehouse/Assets/MS/3D/Ind_War_Pallet_Shelf_Metal_Modular_01/SM_Ind_War_Pallet_Shelf_Metal_Modular_01_A.uasset" 1282
"C:/Users/chauh/OneDrive/Documents/GitHub/STP/UnrealProject/STP/Content/Fab/Scene_Warehouse/Assets/MS/3D/Ind_War_Pallet_Shelf_Metal_Modular_01/SM_Ind_War_Pallet_Shelf_Metal_Modular_01_A.uexp" 1283
"C:/Users/chauh/OneDrive/Documents/GitHub/STP/UnrealProject/STP/Content/Fab/Scene_Warehouse/Assets/MS/3D/Ind_War_Pallet_Shelf_Metal_Modular_01/SM_Ind_War_Pallet_Shelf_Metal_Modular_01_B.ubulk" 1284
"C:/Users/chauh/OneDrive/Documents/GitHub/STP/UnrealProject/STP/Content/Fab/Scene_Warehouse/Assets/MS/3D/Ind_War_Pallet_Shelf_Metal_Modular_01/SM_Ind_War_Pallet_Shelf_Metal_Modular_01_B.uasset" 1285
"C:/Users/chauh/OneDrive/Documents/GitHub/STP/UnrealProject/STP/Content/Fab/Scene_Warehouse/Assets/MS/3D/Ind_War_Pallet_Shelf_Metal_Modular_01/SM_Ind_War_Pallet_Shelf_Metal_Modular_01_B.uexp" 1286
"C:/Users/chauh/OneDrive/Documents/GitHub/STP/UnrealProject/STP/Content/Fab/Scene_Warehouse/Assets/MS/3D/Ind_War_Pallet_Shelf_Metal_Modular_01/SM_Ind_War_Pallet_Shelf_Metal_Modular_01_C.ubulk" 1287
"C:/Users/chauh/OneDrive/Documents/GitHub/STP/UnrealProject/STP/Content/Fab/Scene_Warehouse/Assets/MS/3D/Ind_War_Pallet_Shelf_Metal_Modular_01/SM_Ind_War_Pallet_Shelf_Metal_Modular_01_C.uasset" 1288
"C:/Users/chauh/OneDrive/Documents/GitHub/STP/UnrealProject/STP/Content/Fab/Scene_Warehouse/Assets/MS/3D/Ind_War_Pallet_Shelf_Metal_Modular_01/SM_Ind_War_Pallet_Shelf_Metal_Modular_01_C.uexp" 1289
"C:/Users/chauh/OneDrive/Documents/GitHub/STP/UnrealProject/STP/Content/Fab/Scene_Warehouse/Assets/MS/3D/Ind_War_Pallet_Shelf_Metal_Modular_01/SM_Ind_War_Pallet_Shelf_Metal_Modular_01_D.ubulk" 1290
"C:/Users/chauh/OneDrive/Documents/GitHub/STP/UnrealProject/STP/Content/Fab/Scene_Warehouse/Assets/MS/3D/Ind_War_Pallet_Shelf_Metal_Modular_01/SM_Ind_War_Pallet_Shelf_Metal_Modular_01_D.uasset" 1291
"C:/Users/chauh/OneDrive/Documents/GitHub/STP/UnrealProject/STP/Content/Fab/Scene_Warehouse/Assets/MS/3D/Ind_War_Pallet_Shelf_Metal_Modular_01/SM_Ind_War_Pallet_Shelf_Metal_Modular_01_D.uexp" 1292
"C:/Users/chauh/OneDrive/Documents/GitHub/STP/UnrealProject/STP/Content/Fab/Scene_Warehouse/Assets/MS/3D/Ind_War_Pallet_Shelf_Metal_Modular_01/SM_Ind_War_Pallet_Shelf_Metal_Modular_01_E.ubulk" 1293
"C:/Users/chauh/OneDrive/Documents/GitHub/STP/UnrealProject/STP/Content/Fab/Scene_Warehouse/Assets/MS/3D/Ind_War_Pallet_Shelf_Metal_Modular_01/SM_Ind_War_Pallet_Shelf_Metal_Modular_01_E.uasset" 1294
"C:/Users/chauh/OneDrive/Documents/GitHub/STP/UnrealProject/STP/Content/Fab/Scene_Warehouse/Assets/MS/3D/Ind_War_Pallet_Shelf_Metal_Modular_01/SM_Ind_War_Pallet_Shelf_Metal_Modular_01_E.uexp" 1295
"C:/Users/chauh/OneDrive/Documents/GitHub/STP/UnrealProject/STP/Content/Fab/Scene_Warehouse/Assets/MS/3D/Ind_War_Pallet_Shelf_Metal_Modular_01/SM_Ind_War_Pallet_Shelf_Metal_Modular_01_F.ubulk" 1296
"C:/Users/chauh/OneDrive/Documents/GitHub/STP/UnrealProject/STP/Content/Fab/Scene_Warehouse/Assets/MS/3D/Ind_War_Pallet_Shelf_Metal_Modular_01/SM_Ind_War_Pallet_Shelf_Metal_Modular_01_F.uasset" 1297
"C:/Users/chauh/OneDrive/Documents/GitHub/STP/UnrealProject/STP/Content/Fab/Scene_Warehouse/Assets/MS/3D/Ind_War_Pallet_Shelf_Metal_Modular_01/SM_Ind_War_Pallet_Shelf_Metal_Modular_01_F.uexp" 1298
"C:/Users/chauh/OneDrive/Documents/GitHub/STP/UnrealProject/STP/Content/Fab/Scene_Warehouse/Assets/MS/3D/Ind_War_Pallet_Shelf_Metal_Modular_01/SM_Ind_War_Pallet_Shelf_Metal_Modular_01_G.ubulk" 1299
"C:/Users/chauh/OneDrive/Documents/GitHub/STP/UnrealProject/STP/Content/Fab/Scene_Warehouse/Assets/MS/3D/Ind_War_Pallet_Shelf_Metal_Modular_01/SM_Ind_War_Pallet_Shelf_Metal_Modular_01_G.uasset" 1300
"C:/Users/chauh/OneDrive/Documents/GitHub/STP/UnrealProject/STP/Content/Fab/Scene_Warehouse/Assets/MS/3D/Ind_War_Pallet_Shelf_Metal_Modular_01/SM_Ind_War_Pallet_Shelf_Metal_Modular_01_G.uexp" 1301
"C:/Users/chauh/OneDrive/Documents/GitHub/STP/UnrealProject/STP/Content/Fab/Scene_Warehouse/Assets/MS/3D/Ind_War_Pallet_Shelf_Metal_Modular_01/SM_Ind_War_Pallet_Shelf_Metal_Modular_01_H.ubulk" 1302
"C:/Users/chauh/OneDrive/Documents/GitHub/STP/UnrealProject/STP/Content/Fab/Scene_Warehouse/Assets/MS/3D/Ind_War_Pallet_Shelf_Metal_Modular_01/SM_Ind_War_Pallet_Shelf_Metal_Modular_01_H.uasset" 1303
"C:/Users/chauh/OneDrive/Documents/GitHub/STP/UnrealProject/STP/Content/Fab/Scene_Warehouse/Assets/MS/3D/Ind_War_Pallet_Shelf_Metal_Modular_01/SM_Ind_War_Pallet_Shelf_Metal_Modular_01_H.uexp" 1304
"C:/Users/chauh/OneDrive/Documents/GitHub/STP/UnrealProject/STP/Content/Fab/Scene_Warehouse/Assets/Blueprints/BPP_Ind_War_Rack_01.uasset" 1305
"C:/Users/chauh/OneDrive/Documents/GitHub/STP/UnrealProject/STP/Content/Fab/Scene_Warehouse/Assets/Blueprints/BPP_Ind_War_Rack_01.uexp" 1306
"C:/Users/chauh/OneDrive/Documents/GitHub/STP/UnrealProject/STP/Content/Fab/Scene_Warehouse/Assets/MS/3D/Ind_War_Storage_Pallet_Wood_Worn_04/T_Ind_War_Storage_Pallet_Wood_Worn_04_D.ubulk" 1307
"C:/Users/chauh/OneDrive/Documents/GitHub/STP/UnrealProject/STP/Content/Fab/Scene_Warehouse/Assets/MS/3D/Ind_War_Storage_Pallet_Wood_Worn_04/T_Ind_War_Storage_Pallet_Wood_Worn_04_D.uasset" 1308
"C:/Users/chauh/OneDrive/Documents/GitHub/STP/UnrealProject/STP/Content/Fab/Scene_Warehouse/Assets/MS/3D/Ind_War_Storage_Pallet_Wood_Worn_04/T_Ind_War_Storage_Pallet_Wood_Worn_04_D.uexp" 1309
"C:/Users/chauh/OneDrive/Documents/GitHub/STP/UnrealProject/STP/Content/Fab/Scene_Warehouse/Assets/MS/3D/Ind_War_Storage_Pallet_Wood_Worn_04/T_Ind_War_Storage_Pallet_Wood_Worn_04_DpR.ubulk" 1310
"C:/Users/chauh/OneDrive/Documents/GitHub/STP/UnrealProject/STP/Content/Fab/Scene_Warehouse/Assets/MS/3D/Ind_War_Storage_Pallet_Wood_Worn_04/T_Ind_War_Storage_Pallet_Wood_Worn_04_DpR.uasset" 1311
"C:/Users/chauh/OneDrive/Documents/GitHub/STP/UnrealProject/STP/Content/Fab/Scene_Warehouse/Assets/MS/3D/Ind_War_Storage_Pallet_Wood_Worn_04/T_Ind_War_Storage_Pallet_Wood_Worn_04_DpR.uexp" 1312
"C:/Users/chauh/OneDrive/Documents/GitHub/STP/UnrealProject/STP/Content/Fab/Scene_Warehouse/Assets/MS/3D/Ind_War_Storage_Pallet_Wood_Worn_04/T_Ind_War_Storage_Pallet_Wood_Worn_04_N.ubulk" 1313
"C:/Users/chauh/OneDrive/Documents/GitHub/STP/UnrealProject/STP/Content/Fab/Scene_Warehouse/Assets/MS/3D/Ind_War_Storage_Pallet_Wood_Worn_04/T_Ind_War_Storage_Pallet_Wood_Worn_04_N.uasset" 1314
"C:/Users/chauh/OneDrive/Documents/GitHub/STP/UnrealProject/STP/Content/Fab/Scene_Warehouse/Assets/MS/3D/Ind_War_Storage_Pallet_Wood_Worn_04/T_Ind_War_Storage_Pallet_Wood_Worn_04_N.uexp" 1315
"C:/Users/chauh/OneDrive/Documents/GitHub/STP/UnrealProject/STP/Content/Fab/Scene_Warehouse/Assets/MS/3D/Ind_War_Storage_Pallet_Wood_Worn_04/MI_Ind_War_Storage_Pallet_Wood_Worn_04.uasset" 1316
"C:/Users/chauh/OneDrive/Documents/GitHub/STP/UnrealProject/STP/Content/Fab/Scene_Warehouse/Assets/MS/3D/Ind_War_Storage_Pallet_Wood_Worn_04/MI_Ind_War_Storage_Pallet_Wood_Worn_04.uexp" 1317
"C:/Users/chauh/OneDrive/Documents/GitHub/STP/UnrealProject/STP/Content/Fab/Scene_Warehouse/Assets/MS/3D/Ind_War_Storage_Pallet_Wood_Worn_04/SM_Ind_War_Storage_Pallet_Wood_Worn_04.ubulk" 1318
"C:/Users/chauh/OneDrive/Documents/GitHub/STP/UnrealProject/STP/Content/Fab/Scene_Warehouse/Assets/MS/3D/Ind_War_Storage_Pallet_Wood_Worn_04/SM_Ind_War_Storage_Pallet_Wood_Worn_04.uasset" 1319
"C:/Users/chauh/OneDrive/Documents/GitHub/STP/UnrealProject/STP/Content/Fab/Scene_Warehouse/Assets/MS/3D/Ind_War_Storage_Pallet_Wood_Worn_04/SM_Ind_War_Storage_Pallet_Wood_Worn_04.uexp" 1320
"C:/Users/chauh/OneDrive/Documents/GitHub/STP/UnrealProject/STP/Content/Fab/Scene_Warehouse/Assets/MS/3D/Ind_War_Storage_Box_Cardboard_S_01/T_Ind_War_Storage_Box_Cardboard_S_01_D.ubulk" 1321
"C:/Users/chauh/OneDrive/Documents/GitHub/STP/UnrealProject/STP/Content/Fab/Scene_Warehouse/Assets/MS/3D/Ind_War_Storage_Box_Cardboard_S_01/T_Ind_War_Storage_Box_Cardboard_S_01_D.uasset" 1322
"C:/Users/chauh/OneDrive/Documents/GitHub/STP/UnrealProject/STP/Content/Fab/Scene_Warehouse/Assets/MS/3D/Ind_War_Storage_Box_Cardboard_S_01/T_Ind_War_Storage_Box_Cardboard_S_01_D.uexp" 1323
"C:/Users/chauh/OneDrive/Documents/GitHub/STP/UnrealProject/STP/Content/Fab/Scene_Warehouse/Assets/MS/3D/Ind_War_Storage_Box_Cardboard_S_01/T_Ind_War_Storage_Box_Cardboard_S_01_DpR.ubulk" 1324
"C:/Users/chauh/OneDrive/Documents/GitHub/STP/UnrealProject/STP/Content/Fab/Scene_Warehouse/Assets/MS/3D/Ind_War_Storage_Box_Cardboard_S_01/T_Ind_War_Storage_Box_Cardboard_S_01_DpR.uasset" 1325
"C:/Users/chauh/OneDrive/Documents/GitHub/STP/UnrealProject/STP/Content/Fab/Scene_Warehouse/Assets/MS/3D/Ind_War_Storage_Box_Cardboard_S_01/T_Ind_War_Storage_Box_Cardboard_S_01_DpR.uexp" 1326
"C:/Users/chauh/OneDrive/Documents/GitHub/STP/UnrealProject/STP/Content/Fab/Scene_Warehouse/Assets/MS/3D/Ind_War_Storage_Box_Cardboard_S_01/T_Ind_War_Storage_Box_Cardboard_S_01_N.ubulk" 1327
"C:/Users/chauh/OneDrive/Documents/GitHub/STP/UnrealProject/STP/Content/Fab/Scene_Warehouse/Assets/MS/3D/Ind_War_Storage_Box_Cardboard_S_01/T_Ind_War_Storage_Box_Cardboard_S_01_N.uasset" 1328
"C:/Users/chauh/OneDrive/Documents/GitHub/STP/UnrealProject/STP/Content/Fab/Scene_Warehouse/Assets/MS/3D/Ind_War_Storage_Box_Cardboard_S_01/T_Ind_War_Storage_Box_Cardboard_S_01_N.uexp" 1329
"C:/Users/chauh/OneDrive/Documents/GitHub/STP/UnrealProject/STP/Content/Fab/Scene_Warehouse/Assets/MS/3D/Ind_War_Storage_Box_Cardboard_S_01/MI_Ind_War_Storage_Box_Cardboard_S_01.uasset" 1330
"C:/Users/chauh/OneDrive/Documents/GitHub/STP/UnrealProject/STP/Content/Fab/Scene_Warehouse/Assets/MS/3D/Ind_War_Storage_Box_Cardboard_S_01/MI_Ind_War_Storage_Box_Cardboard_S_01.uexp" 1331
"C:/Users/chauh/OneDrive/Documents/GitHub/STP/UnrealProject/STP/Content/Fab/Scene_Warehouse/Assets/MS/3D/Ind_War_Storage_Box_Cardboard_S_01/SM_Ind_War_Storage_Box_Cardboard_S_01.ubulk" 1332
"C:/Users/chauh/OneDrive/Documents/GitHub/STP/UnrealProject/STP/Content/Fab/Scene_Warehouse/Assets/MS/3D/Ind_War_Storage_Box_Cardboard_S_01/SM_Ind_War_Storage_Box_Cardboard_S_01.uasset" 1333
"C:/Users/chauh/OneDrive/Documents/GitHub/STP/UnrealProject/STP/Content/Fab/Scene_Warehouse/Assets/MS/3D/Ind_War_Storage_Box_Cardboard_S_01/SM_Ind_War_Storage_Box_Cardboard_S_01.uexp" 1334
"C:/Users/chauh/OneDrive/Documents/GitHub/STP/UnrealProject/STP/Content/Fab/Scene_Warehouse/Assets/MS/3D/Ind_War_Storage_Box_Cardboard_S_05/T_Ind_War_Storage_Box_Cardboard_S_05_D.ubulk" 1335
"C:/Users/chauh/OneDrive/Documents/GitHub/STP/UnrealProject/STP/Content/Fab/Scene_Warehouse/Assets/MS/3D/Ind_War_Storage_Box_Cardboard_S_05/T_Ind_War_Storage_Box_Cardboard_S_05_D.uasset" 1336
"C:/Users/chauh/OneDrive/Documents/GitHub/STP/UnrealProject/STP/Content/Fab/Scene_Warehouse/Assets/MS/3D/Ind_War_Storage_Box_Cardboard_S_05/T_Ind_War_Storage_Box_Cardboard_S_05_D.uexp" 1337
"C:/Users/chauh/OneDrive/Documents/GitHub/STP/UnrealProject/STP/Content/Fab/Scene_Warehouse/Assets/MS/3D/Ind_War_Storage_Box_Cardboard_S_05/T_Ind_War_Storage_Box_Cardboard_S_05_DpR.ubulk" 1338
"C:/Users/chauh/OneDrive/Documents/GitHub/STP/UnrealProject/STP/Content/Fab/Scene_Warehouse/Assets/MS/3D/Ind_War_Storage_Box_Cardboard_S_05/T_Ind_War_Storage_Box_Cardboard_S_05_DpR.uasset" 1339
"C:/Users/chauh/OneDrive/Documents/GitHub/STP/UnrealProject/STP/Content/Fab/Scene_Warehouse/Assets/MS/3D/Ind_War_Storage_Box_Cardboard_S_05/T_Ind_War_Storage_Box_Cardboard_S_05_DpR.uexp" 1340
"C:/Users/chauh/OneDrive/Documents/GitHub/STP/UnrealProject/STP/Content/Fab/Scene_Warehouse/Assets/MS/3D/Ind_War_Storage_Box_Cardboard_S_05/T_Ind_War_Storage_Box_Cardboard_S_05_N.ubulk" 1341
"C:/Users/chauh/OneDrive/Documents/GitHub/STP/UnrealProject/STP/Content/Fab/Scene_Warehouse/Assets/MS/3D/Ind_War_Storage_Box_Cardboard_S_05/T_Ind_War_Storage_Box_Cardboard_S_05_N.uasset" 1342
"C:/Users/chauh/OneDrive/Documents/GitHub/STP/UnrealProject/STP/Content/Fab/Scene_Warehouse/Assets/MS/3D/Ind_War_Storage_Box_Cardboard_S_05/T_Ind_War_Storage_Box_Cardboard_S_05_N.uexp" 1343
"C:/Users/chauh/OneDrive/Documents/GitHub/STP/UnrealProject/STP/Content/Fab/Scene_Warehouse/Assets/MS/3D/Ind_War_Storage_Box_Cardboard_S_05/MI_Ind_War_Storage_Box_Cardboard_S_05.uasset" 1344
"C:/Users/chauh/OneDrive/Documents/GitHub/STP/UnrealProject/STP/Content/Fab/Scene_Warehouse/Assets/MS/3D/Ind_War_Storage_Box_Cardboard_S_05/MI_Ind_War_Storage_Box_Cardboard_S_05.uexp" 1345
"C:/Users/chauh/OneDrive/Documents/GitHub/STP/UnrealProject/STP/Content/Fab/Scene_Warehouse/Assets/MS/3D/Ind_War_Storage_Box_Cardboard_S_05/SM_Ind_War_Storage_Box_Cardboard_S_05.ubulk" 1346
"C:/Users/chauh/OneDrive/Documents/GitHub/STP/UnrealProject/STP/Content/Fab/Scene_Warehouse/Assets/MS/3D/Ind_War_Storage_Box_Cardboard_S_05/SM_Ind_War_Storage_Box_Cardboard_S_05.uasset" 1347
"C:/Users/chauh/OneDrive/Documents/GitHub/STP/UnrealProject/STP/Content/Fab/Scene_Warehouse/Assets/MS/3D/Ind_War_Storage_Box_Cardboard_S_05/SM_Ind_War_Storage_Box_Cardboard_S_05.uexp" 1348
"C:/Users/chauh/OneDrive/Documents/GitHub/STP/UnrealProject/STP/Content/Fab/Scene_Warehouse/Assets/MS/3D/Ind_War_Storage_Box_Cardboard_Worn_02/T_Ind_War_Storage_Box_Cardboard_Worn_02_D.ubulk" 1349
"C:/Users/chauh/OneDrive/Documents/GitHub/STP/UnrealProject/STP/Content/Fab/Scene_Warehouse/Assets/MS/3D/Ind_War_Storage_Box_Cardboard_Worn_02/T_Ind_War_Storage_Box_Cardboard_Worn_02_D.uasset" 1350
"C:/Users/chauh/OneDrive/Documents/GitHub/STP/UnrealProject/STP/Content/Fab/Scene_Warehouse/Assets/MS/3D/Ind_War_Storage_Box_Cardboard_Worn_02/T_Ind_War_Storage_Box_Cardboard_Worn_02_D.uexp" 1351
"C:/Users/chauh/OneDrive/Documents/GitHub/STP/UnrealProject/STP/Content/Fab/Scene_Warehouse/Assets/MS/3D/Ind_War_Storage_Box_Cardboard_Worn_02/T_Ind_War_Storage_Box_Cardboard_Worn_02_DpR.ubulk" 1352
"C:/Users/chauh/OneDrive/Documents/GitHub/STP/UnrealProject/STP/Content/Fab/Scene_Warehouse/Assets/MS/3D/Ind_War_Storage_Box_Cardboard_Worn_02/T_Ind_War_Storage_Box_Cardboard_Worn_02_DpR.uasset" 1353
"C:/Users/chauh/OneDrive/Documents/GitHub/STP/UnrealProject/STP/Content/Fab/Scene_Warehouse/Assets/MS/3D/Ind_War_Storage_Box_Cardboard_Worn_02/T_Ind_War_Storage_Box_Cardboard_Worn_02_DpR.uexp" 1354
"C:/Users/chauh/OneDrive/Documents/GitHub/STP/UnrealProject/STP/Content/Fab/Scene_Warehouse/Assets/MS/3D/Ind_War_Storage_Box_Cardboard_Worn_02/T_Ind_War_Storage_Box_Cardboard_Worn_02_N.ubulk" 1355
"C:/Users/chauh/OneDrive/Documents/GitHub/STP/UnrealProject/STP/Content/Fab/Scene_Warehouse/Assets/MS/3D/Ind_War_Storage_Box_Cardboard_Worn_02/T_Ind_War_Storage_Box_Cardboard_Worn_02_N.uasset" 1356
"C:/Users/chauh/OneDrive/Documents/GitHub/STP/UnrealProject/STP/Content/Fab/Scene_Warehouse/Assets/MS/3D/Ind_War_Storage_Box_Cardboard_Worn_02/T_Ind_War_Storage_Box_Cardboard_Worn_02_N.uexp" 1357
"C:/Users/chauh/OneDrive/Documents/GitHub/STP/UnrealProject/STP/Content/Fab/Scene_Warehouse/Assets/MS/3D/Ind_War_Storage_Box_Cardboard_Worn_02/MI_Ind_War_Storage_Box_Cardboard_Worn_02.uasset" 1358
"C:/Users/chauh/OneDrive/Documents/GitHub/STP/UnrealProject/STP/Content/Fab/Scene_Warehouse/Assets/MS/3D/Ind_War_Storage_Box_Cardboard_Worn_02/MI_Ind_War_Storage_Box_Cardboard_Worn_02.uexp" 1359
"C:/Users/chauh/OneDrive/Documents/GitHub/STP/UnrealProject/STP/Content/Fab/Scene_Warehouse/Assets/MS/3D/Ind_War_Storage_Box_Cardboard_Worn_02/SM_Ind_War_Storage_Box_Cardboard_Worn_02.ubulk" 1360
"C:/Users/chauh/OneDrive/Documents/GitHub/STP/UnrealProject/STP/Content/Fab/Scene_Warehouse/Assets/MS/3D/Ind_War_Storage_Box_Cardboard_Worn_02/SM_Ind_War_Storage_Box_Cardboard_Worn_02.uasset" 1361
"C:/Users/chauh/OneDrive/Documents/GitHub/STP/UnrealProject/STP/Content/Fab/Scene_Warehouse/Assets/MS/3D/Ind_War_Storage_Box_Cardboard_Worn_02/SM_Ind_War_Storage_Box_Cardboard_Worn_02.uexp" 1362
"C:/Users/chauh/OneDrive/Documents/GitHub/STP/UnrealProject/STP/Content/Fab/Scene_Warehouse/Assets/Blueprints/BPP_Ind_War_Rack_02.uasset" 1363
"C:/Users/chauh/OneDrive/Documents/GitHub/STP/UnrealProject/STP/Content/Fab/Scene_Warehouse/Assets/Blueprints/BPP_Ind_War_Rack_02.uexp" 1364
"C:/Users/chauh/OneDrive/Documents/GitHub/STP/UnrealProject/STP/Content/Fab/Scene_Warehouse/Assets/MS/3D/Ind_War_Storage_Crate_Plastic_Teal_01/T_Ind_War_Storage_Crate_Plastic_Teal_01_D.ubulk" 1365
"C:/Users/chauh/OneDrive/Documents/GitHub/STP/UnrealProject/STP/Content/Fab/Scene_Warehouse/Assets/MS/3D/Ind_War_Storage_Crate_Plastic_Teal_01/T_Ind_War_Storage_Crate_Plastic_Teal_01_D.uasset" 1366
"C:/Users/chauh/OneDrive/Documents/GitHub/STP/UnrealProject/STP/Content/Fab/Scene_Warehouse/Assets/MS/3D/Ind_War_Storage_Crate_Plastic_Teal_01/T_Ind_War_Storage_Crate_Plastic_Teal_01_D.uexp" 1367
"C:/Users/chauh/OneDrive/Documents/GitHub/STP/UnrealProject/STP/Content/Fab/Scene_Warehouse/Assets/MS/3D/Ind_War_Storage_Crate_Plastic_Teal_01/T_Ind_War_Storage_Crate_Plastic_Teal_01_DpR.ubulk" 1368
"C:/Users/chauh/OneDrive/Documents/GitHub/STP/UnrealProject/STP/Content/Fab/Scene_Warehouse/Assets/MS/3D/Ind_War_Storage_Crate_Plastic_Teal_01/T_Ind_War_Storage_Crate_Plastic_Teal_01_DpR.uasset" 1369
"C:/Users/chauh/OneDrive/Documents/GitHub/STP/UnrealProject/STP/Content/Fab/Scene_Warehouse/Assets/MS/3D/Ind_War_Storage_Crate_Plastic_Teal_01/T_Ind_War_Storage_Crate_Plastic_Teal_01_DpR.uexp" 1370
"C:/Users/chauh/OneDrive/Documents/GitHub/STP/UnrealProject/STP/Content/Fab/Scene_Warehouse/Assets/MS/3D/Ind_War_Storage_Crate_Plastic_Teal_01/T_Ind_War_Storage_Crate_Plastic_Teal_01_N.ubulk" 1371
"C:/Users/chauh/OneDrive/Documents/GitHub/STP/UnrealProject/STP/Content/Fab/Scene_Warehouse/Assets/MS/3D/Ind_War_Storage_Crate_Plastic_Teal_01/T_Ind_War_Storage_Crate_Plastic_Teal_01_N.uasset" 1372
"C:/Users/chauh/OneDrive/Documents/GitHub/STP/UnrealProject/STP/Content/Fab/Scene_Warehouse/Assets/MS/3D/Ind_War_Storage_Crate_Plastic_Teal_01/T_Ind_War_Storage_Crate_Plastic_Teal_01_N.uexp" 1373
"C:/Users/chauh/OneDrive/Documents/GitHub/STP/UnrealProject/STP/Content/Fab/Scene_Warehouse/Assets/MS/3D/Ind_War_Storage_Crate_Plastic_Teal_01/MI_Ind_War_Storage_Crate_Plastic_Teal_01.uasset" 1374
"C:/Users/chauh/OneDrive/Documents/GitHub/STP/UnrealProject/STP/Content/Fab/Scene_Warehouse/Assets/MS/3D/Ind_War_Storage_Crate_Plastic_Teal_01/MI_Ind_War_Storage_Crate_Plastic_Teal_01.uexp" 1375
"C:/Users/chauh/OneDrive/Documents/GitHub/STP/UnrealProject/STP/Content/Fab/Scene_Warehouse/Assets/MS/3D/Ind_War_Storage_Crate_Plastic_Teal_01/SM_Ind_War_Storage_Crate_Plastic_Teal_01.ubulk" 1376
"C:/Users/chauh/OneDrive/Documents/GitHub/STP/UnrealProject/STP/Content/Fab/Scene_Warehouse/Assets/MS/3D/Ind_War_Storage_Crate_Plastic_Teal_01/SM_Ind_War_Storage_Crate_Plastic_Teal_01.uasset" 1377
"C:/Users/chauh/OneDrive/Documents/GitHub/STP/UnrealProject/STP/Content/Fab/Scene_Warehouse/Assets/MS/3D/Ind_War_Storage_Crate_Plastic_Teal_01/SM_Ind_War_Storage_Crate_Plastic_Teal_01.uexp" 1378
"C:/Users/chauh/OneDrive/Documents/GitHub/STP/UnrealProject/STP/Content/Fab/Scene_Warehouse/Assets/MS/3D/Ind_War_Storage_Crate_Plastic_White_01/T_Ind_War_Storage_Crate_Plastic_White_01_D.ubulk" 1379
"C:/Users/chauh/OneDrive/Documents/GitHub/STP/UnrealProject/STP/Content/Fab/Scene_Warehouse/Assets/MS/3D/Ind_War_Storage_Crate_Plastic_White_01/T_Ind_War_Storage_Crate_Plastic_White_01_D.uasset" 1380
"C:/Users/chauh/OneDrive/Documents/GitHub/STP/UnrealProject/STP/Content/Fab/Scene_Warehouse/Assets/MS/3D/Ind_War_Storage_Crate_Plastic_White_01/T_Ind_War_Storage_Crate_Plastic_White_01_D.uexp" 1381
"C:/Users/chauh/OneDrive/Documents/GitHub/STP/UnrealProject/STP/Content/Fab/Scene_Warehouse/Assets/MS/3D/Ind_War_Storage_Crate_Plastic_White_01/T_Ind_War_Storage_Crate_Plastic_White_01_DpR.ubulk" 1382
"C:/Users/chauh/OneDrive/Documents/GitHub/STP/UnrealProject/STP/Content/Fab/Scene_Warehouse/Assets/MS/3D/Ind_War_Storage_Crate_Plastic_White_01/T_Ind_War_Storage_Crate_Plastic_White_01_DpR.uasset" 1383
"C:/Users/chauh/OneDrive/Documents/GitHub/STP/UnrealProject/STP/Content/Fab/Scene_Warehouse/Assets/MS/3D/Ind_War_Storage_Crate_Plastic_White_01/T_Ind_War_Storage_Crate_Plastic_White_01_DpR.uexp" 1384
"C:/Users/chauh/OneDrive/Documents/GitHub/STP/UnrealProject/STP/Content/Fab/Scene_Warehouse/Assets/MS/3D/Ind_War_Storage_Crate_Plastic_White_01/T_Ind_War_Storage_Crate_Plastic_White_01_N.ubulk" 1385
"C:/Users/chauh/OneDrive/Documents/GitHub/STP/UnrealProject/STP/Content/Fab/Scene_Warehouse/Assets/MS/3D/Ind_War_Storage_Crate_Plastic_White_01/T_Ind_War_Storage_Crate_Plastic_White_01_N.uasset" 1386
"C:/Users/chauh/OneDrive/Documents/GitHub/STP/UnrealProject/STP/Content/Fab/Scene_Warehouse/Assets/MS/3D/Ind_War_Storage_Crate_Plastic_White_01/T_Ind_War_Storage_Crate_Plastic_White_01_N.uexp" 1387
"C:/Users/chauh/OneDrive/Documents/GitHub/STP/UnrealProject/STP/Content/Fab/Scene_Warehouse/Assets/MS/3D/Ind_War_Storage_Crate_Plastic_White_01/MI_Ind_War_Storage_Crate_Plastic_White_01.uasset" 1388
"C:/Users/chauh/OneDrive/Documents/GitHub/STP/UnrealProject/STP/Content/Fab/Scene_Warehouse/Assets/MS/3D/Ind_War_Storage_Crate_Plastic_White_01/MI_Ind_War_Storage_Crate_Plastic_White_01.uexp" 1389
"C:/Users/chauh/OneDrive/Documents/GitHub/STP/UnrealProject/STP/Content/Fab/Scene_Warehouse/Assets/MS/3D/Ind_War_Storage_Crate_Plastic_White_01/SM_Ind_War_Storage_Crate_Plastic_White_01.ubulk" 1390
"C:/Users/chauh/OneDrive/Documents/GitHub/STP/UnrealProject/STP/Content/Fab/Scene_Warehouse/Assets/MS/3D/Ind_War_Storage_Crate_Plastic_White_01/SM_Ind_War_Storage_Crate_Plastic_White_01.uasset" 1391
"C:/Users/chauh/OneDrive/Documents/GitHub/STP/UnrealProject/STP/Content/Fab/Scene_Warehouse/Assets/MS/3D/Ind_War_Storage_Crate_Plastic_White_01/SM_Ind_War_Storage_Crate_Plastic_White_01.uexp" 1392
"C:/Users/chauh/OneDrive/Documents/GitHub/STP/UnrealProject/STP/Content/Fab/Scene_Warehouse/Assets/MS/3D/Ind_War_Storage_Box_Plastic_Blue_04/T_Ind_War_Storage_Box_Plastic_Blue_04_D.ubulk" 1393
"C:/Users/chauh/OneDrive/Documents/GitHub/STP/UnrealProject/STP/Content/Fab/Scene_Warehouse/Assets/MS/3D/Ind_War_Storage_Box_Plastic_Blue_04/T_Ind_War_Storage_Box_Plastic_Blue_04_D.uasset" 1394
"C:/Users/chauh/OneDrive/Documents/GitHub/STP/UnrealProject/STP/Content/Fab/Scene_Warehouse/Assets/MS/3D/Ind_War_Storage_Box_Plastic_Blue_04/T_Ind_War_Storage_Box_Plastic_Blue_04_D.uexp" 1395
"C:/Users/chauh/OneDrive/Documents/GitHub/STP/UnrealProject/STP/Content/Fab/Scene_Warehouse/Assets/MS/3D/Ind_War_Storage_Box_Plastic_Blue_04/T_Ind_War_Storage_Box_Plastic_Blue_04_DpR.ubulk" 1396
"C:/Users/chauh/OneDrive/Documents/GitHub/STP/UnrealProject/STP/Content/Fab/Scene_Warehouse/Assets/MS/3D/Ind_War_Storage_Box_Plastic_Blue_04/T_Ind_War_Storage_Box_Plastic_Blue_04_DpR.uasset" 1397
"C:/Users/chauh/OneDrive/Documents/GitHub/STP/UnrealProject/STP/Content/Fab/Scene_Warehouse/Assets/MS/3D/Ind_War_Storage_Box_Plastic_Blue_04/T_Ind_War_Storage_Box_Plastic_Blue_04_DpR.uexp" 1398
"C:/Users/chauh/OneDrive/Documents/GitHub/STP/UnrealProject/STP/Content/Fab/Scene_Warehouse/Assets/MS/3D/Ind_War_Storage_Box_Plastic_Blue_04/T_Ind_War_Storage_Box_Plastic_Blue_04_N.ubulk" 1399
"C:/Users/chauh/OneDrive/Documents/GitHub/STP/UnrealProject/STP/Content/Fab/Scene_Warehouse/Assets/MS/3D/Ind_War_Storage_Box_Plastic_Blue_04/T_Ind_War_Storage_Box_Plastic_Blue_04_N.uasset" 1400
"C:/Users/chauh/OneDrive/Documents/GitHub/STP/UnrealProject/STP/Content/Fab/Scene_Warehouse/Assets/MS/3D/Ind_War_Storage_Box_Plastic_Blue_04/T_Ind_War_Storage_Box_Plastic_Blue_04_N.uexp" 1401
"C:/Users/chauh/OneDrive/Documents/GitHub/STP/UnrealProject/STP/Content/Fab/Scene_Warehouse/Assets/MS/3D/Ind_War_Storage_Box_Plastic_Blue_04/MI_Ind_War_Storage_Box_Plastic_Blue_04.uasset" 1402
"C:/Users/chauh/OneDrive/Documents/GitHub/STP/UnrealProject/STP/Content/Fab/Scene_Warehouse/Assets/MS/3D/Ind_War_Storage_Box_Plastic_Blue_04/MI_Ind_War_Storage_Box_Plastic_Blue_04.uexp" 1403
"C:/Users/chauh/OneDrive/Documents/GitHub/STP/UnrealProject/STP/Content/Fab/Scene_Warehouse/Assets/MS/3D/Ind_War_Storage_Box_Plastic_Blue_04/SM_Ind_War_Storage_Box_Plastic_Blue_04.ubulk" 1404
"C:/Users/chauh/OneDrive/Documents/GitHub/STP/UnrealProject/STP/Content/Fab/Scene_Warehouse/Assets/MS/3D/Ind_War_Storage_Box_Plastic_Blue_04/SM_Ind_War_Storage_Box_Plastic_Blue_04.uasset" 1405
"C:/Users/chauh/OneDrive/Documents/GitHub/STP/UnrealProject/STP/Content/Fab/Scene_Warehouse/Assets/MS/3D/Ind_War_Storage_Box_Plastic_Blue_04/SM_Ind_War_Storage_Box_Plastic_Blue_04.uexp" 1406
"C:/Users/chauh/OneDrive/Documents/GitHub/STP/UnrealProject/STP/Content/Fab/Scene_Warehouse/Assets/MS/3D/Ind_War_Storage_Crate_Plastic_Blue_01/T_Ind_War_Storage_Crate_Plastic_Blue_01_D.ubulk" 1407
"C:/Users/chauh/OneDrive/Documents/GitHub/STP/UnrealProject/STP/Content/Fab/Scene_Warehouse/Assets/MS/3D/Ind_War_Storage_Crate_Plastic_Blue_01/T_Ind_War_Storage_Crate_Plastic_Blue_01_D.uasset" 1408
"C:/Users/chauh/OneDrive/Documents/GitHub/STP/UnrealProject/STP/Content/Fab/Scene_Warehouse/Assets/MS/3D/Ind_War_Storage_Crate_Plastic_Blue_01/T_Ind_War_Storage_Crate_Plastic_Blue_01_D.uexp" 1409
"C:/Users/chauh/OneDrive/Documents/GitHub/STP/UnrealProject/STP/Content/Fab/Scene_Warehouse/Assets/MS/3D/Ind_War_Storage_Crate_Plastic_Blue_01/T_Ind_War_Storage_Crate_Plastic_Blue_01_DpR.ubulk" 1410
"C:/Users/chauh/OneDrive/Documents/GitHub/STP/UnrealProject/STP/Content/Fab/Scene_Warehouse/Assets/MS/3D/Ind_War_Storage_Crate_Plastic_Blue_01/T_Ind_War_Storage_Crate_Plastic_Blue_01_DpR.uasset" 1411
"C:/Users/chauh/OneDrive/Documents/GitHub/STP/UnrealProject/STP/Content/Fab/Scene_Warehouse/Assets/MS/3D/Ind_War_Storage_Crate_Plastic_Blue_01/T_Ind_War_Storage_Crate_Plastic_Blue_01_DpR.uexp" 1412
"C:/Users/chauh/OneDrive/Documents/GitHub/STP/UnrealProject/STP/Content/Fab/Scene_Warehouse/Assets/MS/3D/Ind_War_Storage_Crate_Plastic_Blue_01/T_Ind_War_Storage_Crate_Plastic_Blue_01_N.ubulk" 1413
"C:/Users/chauh/OneDrive/Documents/GitHub/STP/UnrealProject/STP/Content/Fab/Scene_Warehouse/Assets/MS/3D/Ind_War_Storage_Crate_Plastic_Blue_01/T_Ind_War_Storage_Crate_Plastic_Blue_01_N.uasset" 1414
"C:/Users/chauh/OneDrive/Documents/GitHub/STP/UnrealProject/STP/Content/Fab/Scene_Warehouse/Assets/MS/3D/Ind_War_Storage_Crate_Plastic_Blue_01/T_Ind_War_Storage_Crate_Plastic_Blue_01_N.uexp" 1415
"C:/Users/chauh/OneDrive/Documents/GitHub/STP/UnrealProject/STP/Content/Fab/Scene_Warehouse/Assets/MS/3D/Ind_War_Storage_Crate_Plastic_Blue_01/MI_Ind_War_Storage_Crate_Plastic_Blue_01.uasset" 1416
"C:/Users/chauh/OneDrive/Documents/GitHub/STP/UnrealProject/STP/Content/Fab/Scene_Warehouse/Assets/MS/3D/Ind_War_Storage_Crate_Plastic_Blue_01/MI_Ind_War_Storage_Crate_Plastic_Blue_01.uexp" 1417
"C:/Users/chauh/OneDrive/Documents/GitHub/STP/UnrealProject/STP/Content/Fab/Scene_Warehouse/Assets/MS/3D/Ind_War_Storage_Crate_Plastic_Blue_01/SM_Ind_War_Storage_Crate_Plastic_Blue_01.ubulk" 1418
"C:/Users/chauh/OneDrive/Documents/GitHub/STP/UnrealProject/STP/Content/Fab/Scene_Warehouse/Assets/MS/3D/Ind_War_Storage_Crate_Plastic_Blue_01/SM_Ind_War_Storage_Crate_Plastic_Blue_01.uasset" 1419
"C:/Users/chauh/OneDrive/Documents/GitHub/STP/UnrealProject/STP/Content/Fab/Scene_Warehouse/Assets/MS/3D/Ind_War_Storage_Crate_Plastic_Blue_01/SM_Ind_War_Storage_Crate_Plastic_Blue_01.uexp" 1420
"C:/Users/chauh/OneDrive/Documents/GitHub/STP/UnrealProject/STP/Content/Fab/Scene_Warehouse/Assets/Blueprints/BPP_Ind_War_Rack_03.uasset" 1421
"C:/Users/chauh/OneDrive/Documents/GitHub/STP/UnrealProject/STP/Content/Fab/Scene_Warehouse/Assets/Blueprints/BPP_Ind_War_Rack_03.uexp" 1422
"C:/Users/chauh/OneDrive/Documents/GitHub/STP/UnrealProject/STP/Content/Fab/Scene_Warehouse/Assets/Blueprints/BPP_Ind_War_Rack_04.uasset" 1423
"C:/Users/chauh/OneDrive/Documents/GitHub/STP/UnrealProject/STP/Content/Fab/Scene_Warehouse/Assets/Blueprints/BPP_Ind_War_Rack_04.uexp" 1424
"C:/Users/chauh/OneDrive/Documents/GitHub/STP/UnrealProject/STP/Content/Fab/Scene_Warehouse/Assets/MS/3D/Ind_Aba_Tank_Gas_Metal_Worn_02/T_Ind_Aba_Tank_Gas_Metal_Worn_02_D.ubulk" 1425
"C:/Users/chauh/OneDrive/Documents/GitHub/STP/UnrealProject/STP/Content/Fab/Scene_Warehouse/Assets/MS/3D/Ind_Aba_Tank_Gas_Metal_Worn_02/T_Ind_Aba_Tank_Gas_Metal_Worn_02_D.uasset" 1426
"C:/Users/chauh/OneDrive/Documents/GitHub/STP/UnrealProject/STP/Content/Fab/Scene_Warehouse/Assets/MS/3D/Ind_Aba_Tank_Gas_Metal_Worn_02/T_Ind_Aba_Tank_Gas_Metal_Worn_02_D.uexp" 1427
"C:/Users/chauh/OneDrive/Documents/GitHub/STP/UnrealProject/STP/Content/Fab/Scene_Warehouse/Assets/MS/3D/Ind_Aba_Tank_Gas_Metal_Worn_02/T_Ind_Aba_Tank_Gas_Metal_Worn_02_DpR.ubulk" 1428
"C:/Users/chauh/OneDrive/Documents/GitHub/STP/UnrealProject/STP/Content/Fab/Scene_Warehouse/Assets/MS/3D/Ind_Aba_Tank_Gas_Metal_Worn_02/T_Ind_Aba_Tank_Gas_Metal_Worn_02_DpR.uasset" 1429
"C:/Users/chauh/OneDrive/Documents/GitHub/STP/UnrealProject/STP/Content/Fab/Scene_Warehouse/Assets/MS/3D/Ind_Aba_Tank_Gas_Metal_Worn_02/T_Ind_Aba_Tank_Gas_Metal_Worn_02_DpR.uexp" 1430
"C:/Users/chauh/OneDrive/Documents/GitHub/STP/UnrealProject/STP/Content/Fab/Scene_Warehouse/Assets/MS/3D/Ind_Aba_Tank_Gas_Metal_Worn_02/T_Ind_Aba_Tank_Gas_Metal_Worn_02_N.ubulk" 1431
"C:/Users/chauh/OneDrive/Documents/GitHub/STP/UnrealProject/STP/Content/Fab/Scene_Warehouse/Assets/MS/3D/Ind_Aba_Tank_Gas_Metal_Worn_02/T_Ind_Aba_Tank_Gas_Metal_Worn_02_N.uasset" 1432
"C:/Users/chauh/OneDrive/Documents/GitHub/STP/UnrealProject/STP/Content/Fab/Scene_Warehouse/Assets/MS/3D/Ind_Aba_Tank_Gas_Metal_Worn_02/T_Ind_Aba_Tank_Gas_Metal_Worn_02_N.uexp" 1433
"C:/Users/chauh/OneDrive/Documents/GitHub/STP/UnrealProject/STP/Content/Fab/Scene_Warehouse/Assets/MS/3D/Ind_Aba_Tank_Gas_Metal_Worn_02/MI_Ind_Aba_Tank_Gas_Metal_Worn_02.uasset" 1434
"C:/Users/chauh/OneDrive/Documents/GitHub/STP/UnrealProject/STP/Content/Fab/Scene_Warehouse/Assets/MS/3D/Ind_Aba_Tank_Gas_Metal_Worn_02/MI_Ind_Aba_Tank_Gas_Metal_Worn_02.uexp" 1435
"C:/Users/chauh/OneDrive/Documents/GitHub/STP/UnrealProject/STP/Content/Fab/Scene_Warehouse/Assets/MS/3D/Ind_Aba_Tank_Gas_Metal_Worn_02/SM_Ind_Aba_Tank_Gas_Metal_Worn_02.ubulk" 1436
"C:/Users/chauh/OneDrive/Documents/GitHub/STP/UnrealProject/STP/Content/Fab/Scene_Warehouse/Assets/MS/3D/Ind_Aba_Tank_Gas_Metal_Worn_02/SM_Ind_Aba_Tank_Gas_Metal_Worn_02.uasset" 1437
"C:/Users/chauh/OneDrive/Documents/GitHub/STP/UnrealProject/STP/Content/Fab/Scene_Warehouse/Assets/MS/3D/Ind_Aba_Tank_Gas_Metal_Worn_02/SM_Ind_Aba_Tank_Gas_Metal_Worn_02.uexp" 1438
"C:/Users/chauh/OneDrive/Documents/GitHub/STP/UnrealProject/STP/Content/Fab/Scene_Warehouse/Assets/MS/Decals/Decal_Line_Concrete_01/T_Decal_Line_Concrete_01_D.ubulk" 1439
"C:/Users/chauh/OneDrive/Documents/GitHub/STP/UnrealProject/STP/Content/Fab/Scene_Warehouse/Assets/MS/Decals/Decal_Line_Concrete_01/T_Decal_Line_Concrete_01_D.uasset" 1440
"C:/Users/chauh/OneDrive/Documents/GitHub/STP/UnrealProject/STP/Content/Fab/Scene_Warehouse/Assets/MS/Decals/Decal_Line_Concrete_01/T_Decal_Line_Concrete_01_D.uexp" 1441
"C:/Users/chauh/OneDrive/Documents/GitHub/STP/UnrealProject/STP/Content/Fab/Scene_Warehouse/Assets/MS/Decals/Decal_Line_Concrete_01/T_Decal_Line_Concrete_01_DpRA.ubulk" 1442
"C:/Users/chauh/OneDrive/Documents/GitHub/STP/UnrealProject/STP/Content/Fab/Scene_Warehouse/Assets/MS/Decals/Decal_Line_Concrete_01/T_Decal_Line_Concrete_01_DpRA.uasset" 1443
"C:/Users/chauh/OneDrive/Documents/GitHub/STP/UnrealProject/STP/Content/Fab/Scene_Warehouse/Assets/MS/Decals/Decal_Line_Concrete_01/T_Decal_Line_Concrete_01_DpRA.uexp" 1444
"C:/Users/chauh/OneDrive/Documents/GitHub/STP/UnrealProject/STP/Content/Fab/Scene_Warehouse/Assets/MS/Decals/Decal_Line_Concrete_01/T_Decal_Line_Concrete_01_N.ubulk" 1445
"C:/Users/chauh/OneDrive/Documents/GitHub/STP/UnrealProject/STP/Content/Fab/Scene_Warehouse/Assets/MS/Decals/Decal_Line_Concrete_01/T_Decal_Line_Concrete_01_N.uasset" 1446
"C:/Users/chauh/OneDrive/Documents/GitHub/STP/UnrealProject/STP/Content/Fab/Scene_Warehouse/Assets/MS/Decals/Decal_Line_Concrete_01/T_Decal_Line_Concrete_01_N.uexp" 1447
"C:/Users/chauh/OneDrive/Documents/GitHub/STP/UnrealProject/STP/Content/Fab/Scene_Warehouse/Assets/MS/Decals/Decal_Line_Concrete_01/MI_Decal_Line_Concrete_01.uasset" 1448
"C:/Users/chauh/OneDrive/Documents/GitHub/STP/UnrealProject/STP/Content/Fab/Scene_Warehouse/Assets/MS/Decals/Decal_Line_Concrete_01/MI_Decal_Line_Concrete_01.uexp" 1449
"C:/Users/chauh/OneDrive/Documents/GitHub/STP/UnrealProject/STP/Content/Fab/Scene_Warehouse/Assets/MS/Decals/Decal_Number_Three_Painted_01/T_Decal_Number_Three_Painted_01_D.ubulk" 1450
"C:/Users/chauh/OneDrive/Documents/GitHub/STP/UnrealProject/STP/Content/Fab/Scene_Warehouse/Assets/MS/Decals/Decal_Number_Three_Painted_01/T_Decal_Number_Three_Painted_01_D.uasset" 1451
"C:/Users/chauh/OneDrive/Documents/GitHub/STP/UnrealProject/STP/Content/Fab/Scene_Warehouse/Assets/MS/Decals/Decal_Number_Three_Painted_01/T_Decal_Number_Three_Painted_01_D.uexp" 1452
"C:/Users/chauh/OneDrive/Documents/GitHub/STP/UnrealProject/STP/Content/Fab/Scene_Warehouse/Assets/MS/Decals/Decal_Number_Three_Painted_01/T_Decal_Number_Three_Painted_01_DpRA.ubulk" 1453
"C:/Users/chauh/OneDrive/Documents/GitHub/STP/UnrealProject/STP/Content/Fab/Scene_Warehouse/Assets/MS/Decals/Decal_Number_Three_Painted_01/T_Decal_Number_Three_Painted_01_DpRA.uasset" 1454
"C:/Users/chauh/OneDrive/Documents/GitHub/STP/UnrealProject/STP/Content/Fab/Scene_Warehouse/Assets/MS/Decals/Decal_Number_Three_Painted_01/T_Decal_Number_Three_Painted_01_DpRA.uexp" 1455
"C:/Users/chauh/OneDrive/Documents/GitHub/STP/UnrealProject/STP/Content/Fab/Scene_Warehouse/Assets/MS/Decals/Decal_Number_Three_Painted_01/T_Decal_Number_Three_Painted_01_N.ubulk" 1456
"C:/Users/chauh/OneDrive/Documents/GitHub/STP/UnrealProject/STP/Content/Fab/Scene_Warehouse/Assets/MS/Decals/Decal_Number_Three_Painted_01/T_Decal_Number_Three_Painted_01_N.uasset" 1457
"C:/Users/chauh/OneDrive/Documents/GitHub/STP/UnrealProject/STP/Content/Fab/Scene_Warehouse/Assets/MS/Decals/Decal_Number_Three_Painted_01/T_Decal_Number_Three_Painted_01_N.uexp" 1458
"C:/Users/chauh/OneDrive/Documents/GitHub/STP/UnrealProject/STP/Content/Fab/Scene_Warehouse/Assets/MS/Decals/Decal_Number_Three_Painted_01/MI_Decal_Number_Three_Painted_01_B.uasset" 1459
"C:/Users/chauh/OneDrive/Documents/GitHub/STP/UnrealProject/STP/Content/Fab/Scene_Warehouse/Assets/MS/Decals/Decal_Number_Three_Painted_01/MI_Decal_Number_Three_Painted_01_B.uexp" 1460
"C:/Users/chauh/OneDrive/Documents/GitHub/STP/UnrealProject/STP/Content/Fab/Scene_Warehouse/Assets/MS/Decals/Decal_Number_Zero_Painted_01/T_Decal_Number_Zero_Painted_01_D.ubulk" 1461
"C:/Users/chauh/OneDrive/Documents/GitHub/STP/UnrealProject/STP/Content/Fab/Scene_Warehouse/Assets/MS/Decals/Decal_Number_Zero_Painted_01/T_Decal_Number_Zero_Painted_01_D.uasset" 1462
"C:/Users/chauh/OneDrive/Documents/GitHub/STP/UnrealProject/STP/Content/Fab/Scene_Warehouse/Assets/MS/Decals/Decal_Number_Zero_Painted_01/T_Decal_Number_Zero_Painted_01_D.uexp" 1463
"C:/Users/chauh/OneDrive/Documents/GitHub/STP/UnrealProject/STP/Content/Fab/Scene_Warehouse/Assets/MS/Decals/Decal_Number_Zero_Painted_01/T_Decal_Number_Zero_Painted_01_DpRA.ubulk" 1464
"C:/Users/chauh/OneDrive/Documents/GitHub/STP/UnrealProject/STP/Content/Fab/Scene_Warehouse/Assets/MS/Decals/Decal_Number_Zero_Painted_01/T_Decal_Number_Zero_Painted_01_DpRA.uasset" 1465
"C:/Users/chauh/OneDrive/Documents/GitHub/STP/UnrealProject/STP/Content/Fab/Scene_Warehouse/Assets/MS/Decals/Decal_Number_Zero_Painted_01/T_Decal_Number_Zero_Painted_01_DpRA.uexp" 1466
"C:/Users/chauh/OneDrive/Documents/GitHub/STP/UnrealProject/STP/Content/Fab/Scene_Warehouse/Assets/MS/Decals/Decal_Number_Zero_Painted_01/T_Decal_Number_Zero_Painted_01_N.ubulk" 1467
"C:/Users/chauh/OneDrive/Documents/GitHub/STP/UnrealProject/STP/Content/Fab/Scene_Warehouse/Assets/MS/Decals/Decal_Number_Zero_Painted_01/T_Decal_Number_Zero_Painted_01_N.uasset" 1468
"C:/Users/chauh/OneDrive/Documents/GitHub/STP/UnrealProject/STP/Content/Fab/Scene_Warehouse/Assets/MS/Decals/Decal_Number_Zero_Painted_01/T_Decal_Number_Zero_Painted_01_N.uexp" 1469
"C:/Users/chauh/OneDrive/Documents/GitHub/STP/UnrealProject/STP/Content/Fab/Scene_Warehouse/Assets/MS/Decals/Decal_Number_Zero_Painted_01/MI_Decal_Number_Zero_Painted_01_B.uasset" 1470
"C:/Users/chauh/OneDrive/Documents/GitHub/STP/UnrealProject/STP/Content/Fab/Scene_Warehouse/Assets/MS/Decals/Decal_Number_Zero_Painted_01/MI_Decal_Number_Zero_Painted_01_B.uexp" 1471
"C:/Users/chauh/OneDrive/Documents/GitHub/STP/UnrealProject/STP/Content/Fab/Scene_Warehouse/Assets/Custom/Ind_War_Wall/Ind_War_Wall_01.ubulk" 1472
"C:/Users/chauh/OneDrive/Documents/GitHub/STP/UnrealProject/STP/Content/Fab/Scene_Warehouse/Assets/Custom/Ind_War_Wall/Ind_War_Wall_01.uasset" 1473
"C:/Users/chauh/OneDrive/Documents/GitHub/STP/UnrealProject/STP/Content/Fab/Scene_Warehouse/Assets/Custom/Ind_War_Wall/Ind_War_Wall_01.uexp" 1474
"C:/Users/chauh/OneDrive/Documents/GitHub/STP/UnrealProject/STP/Content/Fab/Scene_Warehouse/Assets/MS/3D/Ind_War_Equipment_Ladder_Metal_Worn_01/T_Ind_War_Equipment_Ladder_Metal_Worn_01_D.ubulk" 1475
"C:/Users/chauh/OneDrive/Documents/GitHub/STP/UnrealProject/STP/Content/Fab/Scene_Warehouse/Assets/MS/3D/Ind_War_Equipment_Ladder_Metal_Worn_01/T_Ind_War_Equipment_Ladder_Metal_Worn_01_D.uasset" 1476
"C:/Users/chauh/OneDrive/Documents/GitHub/STP/UnrealProject/STP/Content/Fab/Scene_Warehouse/Assets/MS/3D/Ind_War_Equipment_Ladder_Metal_Worn_01/T_Ind_War_Equipment_Ladder_Metal_Worn_01_D.uexp" 1477
"C:/Users/chauh/OneDrive/Documents/GitHub/STP/UnrealProject/STP/Content/Fab/Scene_Warehouse/Assets/MS/3D/Ind_War_Equipment_Ladder_Metal_Worn_01/T_Ind_War_Equipment_Ladder_Metal_Worn_01_DpR.ubulk" 1478
"C:/Users/chauh/OneDrive/Documents/GitHub/STP/UnrealProject/STP/Content/Fab/Scene_Warehouse/Assets/MS/3D/Ind_War_Equipment_Ladder_Metal_Worn_01/T_Ind_War_Equipment_Ladder_Metal_Worn_01_DpR.uasset" 1479
"C:/Users/chauh/OneDrive/Documents/GitHub/STP/UnrealProject/STP/Content/Fab/Scene_Warehouse/Assets/MS/3D/Ind_War_Equipment_Ladder_Metal_Worn_01/T_Ind_War_Equipment_Ladder_Metal_Worn_01_DpR.uexp" 1480
"C:/Users/chauh/OneDrive/Documents/GitHub/STP/UnrealProject/STP/Content/Fab/Scene_Warehouse/Assets/MS/3D/Ind_War_Equipment_Ladder_Metal_Worn_01/T_Ind_War_Equipment_Ladder_Metal_Worn_01_N.ubulk" 1481
"C:/Users/chauh/OneDrive/Documents/GitHub/STP/UnrealProject/STP/Content/Fab/Scene_Warehouse/Assets/MS/3D/Ind_War_Equipment_Ladder_Metal_Worn_01/T_Ind_War_Equipment_Ladder_Metal_Worn_01_N.uasset" 1482
"C:/Users/chauh/OneDrive/Documents/GitHub/STP/UnrealProject/STP/Content/Fab/Scene_Warehouse/Assets/MS/3D/Ind_War_Equipment_Ladder_Metal_Worn_01/T_Ind_War_Equipment_Ladder_Metal_Worn_01_N.uexp" 1483
"C:/Users/chauh/OneDrive/Documents/GitHub/STP/UnrealProject/STP/Content/Fab/Scene_Warehouse/Assets/MS/3D/Ind_War_Equipment_Ladder_Metal_Worn_01/MI_Ind_War_Equipment_Ladder_Metal_Worn_01.uasset" 1484
"C:/Users/chauh/OneDrive/Documents/GitHub/STP/UnrealProject/STP/Content/Fab/Scene_Warehouse/Assets/MS/3D/Ind_War_Equipment_Ladder_Metal_Worn_01/MI_Ind_War_Equipment_Ladder_Metal_Worn_01.uexp" 1485
"C:/Users/chauh/OneDrive/Documents/GitHub/STP/UnrealProject/STP/Content/Fab/Scene_Warehouse/Assets/MS/3D/Ind_War_Equipment_Ladder_Metal_Worn_01/SM_Ind_War_Equipment_Ladder_Metal_Worn_01.ubulk" 1486
"C:/Users/chauh/OneDrive/Documents/GitHub/STP/UnrealProject/STP/Content/Fab/Scene_Warehouse/Assets/MS/3D/Ind_War_Equipment_Ladder_Metal_Worn_01/SM_Ind_War_Equipment_Ladder_Metal_Worn_01.uasset" 1487
"C:/Users/chauh/OneDrive/Documents/GitHub/STP/UnrealProject/STP/Content/Fab/Scene_Warehouse/Assets/MS/3D/Ind_War_Equipment_Ladder_Metal_Worn_01/SM_Ind_War_Equipment_Ladder_Metal_Worn_01.uexp" 1488
"C:/Users/chauh/OneDrive/Documents/GitHub/STP/UnrealProject/STP/Content/Fab/Scene_Warehouse/Assets/MS/Decals/Decal_Number_Two_Painted_01/T_Decal_Number_Two_Painted_01_D.ubulk" 1489
"C:/Users/chauh/OneDrive/Documents/GitHub/STP/UnrealProject/STP/Content/Fab/Scene_Warehouse/Assets/MS/Decals/Decal_Number_Two_Painted_01/T_Decal_Number_Two_Painted_01_D.uasset" 1490
"C:/Users/chauh/OneDrive/Documents/GitHub/STP/UnrealProject/STP/Content/Fab/Scene_Warehouse/Assets/MS/Decals/Decal_Number_Two_Painted_01/T_Decal_Number_Two_Painted_01_D.uexp" 1491
"C:/Users/chauh/OneDrive/Documents/GitHub/STP/UnrealProject/STP/Content/Fab/Scene_Warehouse/Assets/MS/Decals/Decal_Number_Two_Painted_01/T_Decal_Number_Two_Painted_01_DpRA.ubulk" 1492
"C:/Users/chauh/OneDrive/Documents/GitHub/STP/UnrealProject/STP/Content/Fab/Scene_Warehouse/Assets/MS/Decals/Decal_Number_Two_Painted_01/T_Decal_Number_Two_Painted_01_DpRA.uasset" 1493
"C:/Users/chauh/OneDrive/Documents/GitHub/STP/UnrealProject/STP/Content/Fab/Scene_Warehouse/Assets/MS/Decals/Decal_Number_Two_Painted_01/T_Decal_Number_Two_Painted_01_DpRA.uexp" 1494
"C:/Users/chauh/OneDrive/Documents/GitHub/STP/UnrealProject/STP/Content/Fab/Scene_Warehouse/Assets/MS/Decals/Decal_Number_Two_Painted_01/T_Decal_Number_Two_Painted_01_N.ubulk" 1495
"C:/Users/chauh/OneDrive/Documents/GitHub/STP/UnrealProject/STP/Content/Fab/Scene_Warehouse/Assets/MS/Decals/Decal_Number_Two_Painted_01/T_Decal_Number_Two_Painted_01_N.uasset" 1496
"C:/Users/chauh/OneDrive/Documents/GitHub/STP/UnrealProject/STP/Content/Fab/Scene_Warehouse/Assets/MS/Decals/Decal_Number_Two_Painted_01/T_Decal_Number_Two_Painted_01_N.uexp" 1497
"C:/Users/chauh/OneDrive/Documents/GitHub/STP/UnrealProject/STP/Content/Fab/Scene_Warehouse/Assets/MS/Decals/Decal_Number_Two_Painted_01/MI_Decal_Number_Two_Painted_01_B.uasset" 1498
"C:/Users/chauh/OneDrive/Documents/GitHub/STP/UnrealProject/STP/Content/Fab/Scene_Warehouse/Assets/MS/Decals/Decal_Number_Two_Painted_01/MI_Decal_Number_Two_Painted_01_B.uexp" 1499
"../../../Engine/Content/EngineResources/Black.uasset" 1500
"../../../Engine/Content/EngineResources/Black.uexp" 1501
"../../../Engine/Content/Functions/Engine_MaterialFunctions02/Texturing/CustomRotator.uasset" 1502
"../../../Engine/Content/Functions/Engine_MaterialFunctions02/Texturing/CustomRotator.uexp" 1503
"../../../Engine/Plugins/Bridge/Content/MSPresets/M_MS_Surface_Material/Functions/MF_Transmission.uasset" 1504
"../../../Engine/Plugins/Bridge/Content/MSPresets/M_MS_Surface_Material/Functions/MF_Transmission.uexp" 1505
"C:/Users/chauh/OneDrive/Documents/GitHub/STP/UnrealProject/STP/Content/Fab/Scene_Warehouse/Materials/MSPresets/M_MS_Surface_Material_VT/Functions/MF_MapAdjustments.uasset" 1506
"C:/Users/chauh/OneDrive/Documents/GitHub/STP/UnrealProject/STP/Content/Fab/Scene_Warehouse/Materials/MSPresets/M_MS_Surface_Material_VT/Functions/MF_MapAdjustments.uexp" 1507
"C:/Users/chauh/OneDrive/Documents/GitHub/STP/UnrealProject/STP/Content/Fab/Scene_Warehouse/Materials/MSPresets/M_MS_Surface_Material_VT/Functions/MF_Tiling.uasset" 1508
"C:/Users/chauh/OneDrive/Documents/GitHub/STP/UnrealProject/STP/Content/Fab/Scene_Warehouse/Materials/MSPresets/M_MS_Surface_Material_VT/Functions/MF_Tiling.uexp" 1509
"C:/Users/chauh/OneDrive/Documents/GitHub/STP/UnrealProject/STP/Content/Fab/Scene_Warehouse/Materials/MSPresets/M_MS_Surface_Material_VT/M_MS_Surface_Material_VT.uasset" 1510
"C:/Users/chauh/OneDrive/Documents/GitHub/STP/UnrealProject/STP/Content/Fab/Scene_Warehouse/Materials/MSPresets/M_MS_Surface_Material_VT/M_MS_Surface_Material_VT.uexp" 1511
"C:/Users/chauh/OneDrive/Documents/GitHub/STP/UnrealProject/STP/Content/Fab/Scene_Warehouse/Assets/MS/Surfaces/Ind_War_Wall_Facade_Concrete_New_01/T_Ind_War_Wall_Facade_Concrete_New_01_D.ubulk" 1512
"C:/Users/chauh/OneDrive/Documents/GitHub/STP/UnrealProject/STP/Content/Fab/Scene_Warehouse/Assets/MS/Surfaces/Ind_War_Wall_Facade_Concrete_New_01/T_Ind_War_Wall_Facade_Concrete_New_01_D.uasset" 1513
"C:/Users/chauh/OneDrive/Documents/GitHub/STP/UnrealProject/STP/Content/Fab/Scene_Warehouse/Assets/MS/Surfaces/Ind_War_Wall_Facade_Concrete_New_01/T_Ind_War_Wall_Facade_Concrete_New_01_D.uexp" 1514
"C:/Users/chauh/OneDrive/Documents/GitHub/STP/UnrealProject/STP/Content/Fab/Scene_Warehouse/Assets/MS/Surfaces/Ind_War_Wall_Facade_Concrete_New_01/T_Ind_War_Wall_Facade_Concrete_New_01_N.ubulk" 1515
"C:/Users/chauh/OneDrive/Documents/GitHub/STP/UnrealProject/STP/Content/Fab/Scene_Warehouse/Assets/MS/Surfaces/Ind_War_Wall_Facade_Concrete_New_01/T_Ind_War_Wall_Facade_Concrete_New_01_N.uasset" 1516
"C:/Users/chauh/OneDrive/Documents/GitHub/STP/UnrealProject/STP/Content/Fab/Scene_Warehouse/Assets/MS/Surfaces/Ind_War_Wall_Facade_Concrete_New_01/T_Ind_War_Wall_Facade_Concrete_New_01_N.uexp" 1517
"C:/Users/chauh/OneDrive/Documents/GitHub/STP/UnrealProject/STP/Content/Fab/Scene_Warehouse/Assets/MS/Surfaces/Ind_War_Wall_Facade_Concrete_New_01/T_Ind_War_Wall_Facade_Concrete_New_01_ORDp.ubulk" 1518
"C:/Users/chauh/OneDrive/Documents/GitHub/STP/UnrealProject/STP/Content/Fab/Scene_Warehouse/Assets/MS/Surfaces/Ind_War_Wall_Facade_Concrete_New_01/T_Ind_War_Wall_Facade_Concrete_New_01_ORDp.uasset" 1519
"C:/Users/chauh/OneDrive/Documents/GitHub/STP/UnrealProject/STP/Content/Fab/Scene_Warehouse/Assets/MS/Surfaces/Ind_War_Wall_Facade_Concrete_New_01/T_Ind_War_Wall_Facade_Concrete_New_01_ORDp.uexp" 1520
"C:/Users/chauh/OneDrive/Documents/GitHub/STP/UnrealProject/STP/Content/Fab/Scene_Warehouse/Assets/MS/Surfaces/Ind_War_Wall_Facade_Concrete_New_01/MI_Ind_War_Wall_Facade_Concrete_New_01_B.uasset" 1521
"C:/Users/chauh/OneDrive/Documents/GitHub/STP/UnrealProject/STP/Content/Fab/Scene_Warehouse/Assets/MS/Surfaces/Ind_War_Wall_Facade_Concrete_New_01/MI_Ind_War_Wall_Facade_Concrete_New_01_B.uexp" 1522
"C:/Users/chauh/OneDrive/Documents/GitHub/STP/UnrealProject/STP/Content/Meshes/Textures/1_Textures/T_Barrel01_D.ubulk" 1523
"C:/Users/chauh/OneDrive/Documents/GitHub/STP/UnrealProject/STP/Content/Meshes/Textures/1_Textures/T_Barrel01_D.uasset" 1524
"C:/Users/chauh/OneDrive/Documents/GitHub/STP/UnrealProject/STP/Content/Meshes/Textures/1_Textures/T_Barrel01_D.uexp" 1525
"C:/Users/chauh/OneDrive/Documents/GitHub/STP/UnrealProject/STP/Content/Meshes/Textures/1_Textures/T_Barrel01_N.ubulk" 1526
"C:/Users/chauh/OneDrive/Documents/GitHub/STP/UnrealProject/STP/Content/Meshes/Textures/1_Textures/T_Barrel01_N.uasset" 1527
"C:/Users/chauh/OneDrive/Documents/GitHub/STP/UnrealProject/STP/Content/Meshes/Textures/1_Textures/T_Barrel01_N.uexp" 1528
"C:/Users/chauh/OneDrive/Documents/GitHub/STP/UnrealProject/STP/Content/Meshes/Textures/1_Textures/T_Barrel01_SRM.ubulk" 1529
"C:/Users/chauh/OneDrive/Documents/GitHub/STP/UnrealProject/STP/Content/Meshes/Textures/1_Textures/T_Barrel01_SRM.uasset" 1530
"C:/Users/chauh/OneDrive/Documents/GitHub/STP/UnrealProject/STP/Content/Meshes/Textures/1_Textures/T_Barrel01_SRM.uexp" 1531
"C:/Users/chauh/OneDrive/Documents/GitHub/STP/UnrealProject/STP/Content/Meshes/Materials/1_Materials/MI_Barrel01_1.uasset" 1532
"C:/Users/chauh/OneDrive/Documents/GitHub/STP/UnrealProject/STP/Content/Meshes/Materials/1_Materials/MI_Barrel01_1.uexp" 1533
"C:/Users/chauh/OneDrive/Documents/GitHub/STP/UnrealProject/STP/Content/Meshes/Textures/1_Textures/T_Tarp01_D.ubulk" 1534
"C:/Users/chauh/OneDrive/Documents/GitHub/STP/UnrealProject/STP/Content/Meshes/Textures/1_Textures/T_Tarp01_D.uasset" 1535
"C:/Users/chauh/OneDrive/Documents/GitHub/STP/UnrealProject/STP/Content/Meshes/Textures/1_Textures/T_Tarp01_D.uexp" 1536
"C:/Users/chauh/OneDrive/Documents/GitHub/STP/UnrealProject/STP/Content/Meshes/Textures/1_Textures/T_Tarp01_N.ubulk" 1537
"C:/Users/chauh/OneDrive/Documents/GitHub/STP/UnrealProject/STP/Content/Meshes/Textures/1_Textures/T_Tarp01_N.uasset" 1538
"C:/Users/chauh/OneDrive/Documents/GitHub/STP/UnrealProject/STP/Content/Meshes/Textures/1_Textures/T_Tarp01_N.uexp" 1539
"C:/Users/chauh/OneDrive/Documents/GitHub/STP/UnrealProject/STP/Content/Meshes/Textures/1_Textures/T_Tarp01_SRM.ubulk" 1540
"C:/Users/chauh/OneDrive/Documents/GitHub/STP/UnrealProject/STP/Content/Meshes/Textures/1_Textures/T_Tarp01_SRM.uasset" 1541
"C:/Users/chauh/OneDrive/Documents/GitHub/STP/UnrealProject/STP/Content/Meshes/Textures/1_Textures/T_Tarp01_SRM.uexp" 1542
"C:/Users/chauh/OneDrive/Documents/GitHub/STP/UnrealProject/STP/Content/Meshes/Materials/1_Materials/MI_Tarp01_1.uasset" 1543
"C:/Users/chauh/OneDrive/Documents/GitHub/STP/UnrealProject/STP/Content/Meshes/Materials/1_Materials/MI_Tarp01_1.uexp" 1544
"C:/Users/chauh/OneDrive/Documents/GitHub/STP/UnrealProject/STP/Content/Meshes/StaticMesh/1_Meshes/SM_Barrel04.ubulk" 1545
"C:/Users/chauh/OneDrive/Documents/GitHub/STP/UnrealProject/STP/Content/Meshes/StaticMesh/1_Meshes/SM_Barrel04.uasset" 1546
"C:/Users/chauh/OneDrive/Documents/GitHub/STP/UnrealProject/STP/Content/Meshes/StaticMesh/1_Meshes/SM_Barrel04.uexp" 1547
"C:/Users/chauh/OneDrive/Documents/GitHub/STP/UnrealProject/STP/Content/Meshes/Textures/1_Textures/T_TrafficBarrel01_D.ubulk" 1548
"C:/Users/chauh/OneDrive/Documents/GitHub/STP/UnrealProject/STP/Content/Meshes/Textures/1_Textures/T_TrafficBarrel01_D.uasset" 1549
"C:/Users/chauh/OneDrive/Documents/GitHub/STP/UnrealProject/STP/Content/Meshes/Textures/1_Textures/T_TrafficBarrel01_D.uexp" 1550
"C:/Users/chauh/OneDrive/Documents/GitHub/STP/UnrealProject/STP/Content/Meshes/Textures/1_Textures/T_TrafficBarrel01_N.ubulk" 1551
"C:/Users/chauh/OneDrive/Documents/GitHub/STP/UnrealProject/STP/Content/Meshes/Textures/1_Textures/T_TrafficBarrel01_N.uasset" 1552
"C:/Users/chauh/OneDrive/Documents/GitHub/STP/UnrealProject/STP/Content/Meshes/Textures/1_Textures/T_TrafficBarrel01_N.uexp" 1553
"C:/Users/chauh/OneDrive/Documents/GitHub/STP/UnrealProject/STP/Content/Meshes/Textures/1_Textures/T_TrafficBarrel01_SRM.ubulk" 1554
"C:/Users/chauh/OneDrive/Documents/GitHub/STP/UnrealProject/STP/Content/Meshes/Textures/1_Textures/T_TrafficBarrel01_SRM.uasset" 1555
"C:/Users/chauh/OneDrive/Documents/GitHub/STP/UnrealProject/STP/Content/Meshes/Textures/1_Textures/T_TrafficBarrel01_SRM.uexp" 1556
"C:/Users/chauh/OneDrive/Documents/GitHub/STP/UnrealProject/STP/Content/Meshes/Materials/1_Materials/MI_TrafficBarrel01_1.uasset" 1557
"C:/Users/chauh/OneDrive/Documents/GitHub/STP/UnrealProject/STP/Content/Meshes/Materials/1_Materials/MI_TrafficBarrel01_1.uexp" 1558
"C:/Users/chauh/OneDrive/Documents/GitHub/STP/UnrealProject/STP/Content/Meshes/StaticMesh/1_Meshes/SM_TrafficBarrel01.ubulk" 1559
"C:/Users/chauh/OneDrive/Documents/GitHub/STP/UnrealProject/STP/Content/Meshes/StaticMesh/1_Meshes/SM_TrafficBarrel01.uasset" 1560
"C:/Users/chauh/OneDrive/Documents/GitHub/STP/UnrealProject/STP/Content/Meshes/StaticMesh/1_Meshes/SM_TrafficBarrel01.uexp" 1561
"../../../Engine/Content/Functions/Engine_MaterialFunctions02/Utility/BreakOutFloat4Components.uasset" 1562
"../../../Engine/Content/Functions/Engine_MaterialFunctions02/Utility/BreakOutFloat4Components.uexp" 1563
"../../../Engine/Content/Functions/Engine_MaterialFunctions02/Utility/MakeFloat4.uasset" 1564
"../../../Engine/Content/Functions/Engine_MaterialFunctions02/Utility/MakeFloat4.uexp" 1565
"../../../Engine/Content/EngineResources/DefaultVolumeTexture2D.uasset" 1566
"../../../Engine/Content/EngineResources/DefaultVolumeTexture2D.uexp" 1567
"../../../Engine/Content/EngineResources/DefaultVolumeTexture.uasset" 1568
"../../../Engine/Content/EngineResources/DefaultVolumeTexture.uexp" 1569
"../../../Engine/Content/EngineSky/VolumetricClouds/VT_Lightning.uasset" 1570
"../../../Engine/Content/EngineSky/VolumetricClouds/VT_Lightning.uexp" 1571
"../../../Engine/Content/Functions/Engine_MaterialFunctions01/Units/Km-to-Cm.uasset" 1572
"../../../Engine/Content/Functions/Engine_MaterialFunctions01/Units/Km-to-Cm.uexp" 1573
"../../../Engine/Content/EngineSky/VolumetricClouds/m_SimpleVolumetricCloud.uasset" 1574
"../../../Engine/Content/EngineSky/VolumetricClouds/m_SimpleVolumetricCloud.uexp" 1575
"../../../Engine/Content/EngineSky/VolumetricClouds/T_CloudMask.ubulk" 1576
"../../../Engine/Content/EngineSky/VolumetricClouds/T_CloudMask.uasset" 1577
"../../../Engine/Content/EngineSky/VolumetricClouds/T_CloudMask.uexp" 1578
"../../../Engine/Content/EngineSky/VolumetricClouds/T_CloudPattern.ubulk" 1579
"../../../Engine/Content/EngineSky/VolumetricClouds/T_CloudPattern.uasset" 1580
"../../../Engine/Content/EngineSky/VolumetricClouds/T_CloudPattern.uexp" 1581
"../../../Engine/Content/EngineSky/VolumetricClouds/T_Profile_08.ubulk" 1582
"../../../Engine/Content/EngineSky/VolumetricClouds/T_Profile_08.uasset" 1583
"../../../Engine/Content/EngineSky/VolumetricClouds/T_Profile_08.uexp" 1584
"../../../Engine/Content/EngineSky/VolumetricClouds/VT_PerlinWorley_Balanced.uasset" 1585
"../../../Engine/Content/EngineSky/VolumetricClouds/VT_PerlinWorley_Balanced.uexp" 1586
"../../../Engine/Content/EngineSky/VolumetricClouds/m_SimpleVolumetricCloud_Inst.uasset" 1587
"../../../Engine/Content/EngineSky/VolumetricClouds/m_SimpleVolumetricCloud_Inst.uexp" 1588
"C:/Users/chauh/OneDrive/Documents/GitHub/STP/UnrealProject/STP/Content/UI/WBP_InGameHUD.uasset" 1589
"C:/Users/chauh/OneDrive/Documents/GitHub/STP/UnrealProject/STP/Content/UI/WBP_InGameHUD.uexp" 1590
"C:/Users/chauh/OneDrive/Documents/GitHub/STP/UnrealProject/STP/Content/BP/Camera/BP_Main_Camera.uasset" 1591
"C:/Users/chauh/OneDrive/Documents/GitHub/STP/UnrealProject/STP/Content/BP/Camera/BP_Main_Camera.uexp" 1592
"C:/Users/chauh/OneDrive/Documents/GitHub/STP/UnrealProject/STP/Content/Meshes/Textures/SM_Conveyor_01_01_B.ubulk" 1593
"C:/Users/chauh/OneDrive/Documents/GitHub/STP/UnrealProject/STP/Content/Meshes/Textures/SM_Conveyor_01_01_B.uasset" 1594
"C:/Users/chauh/OneDrive/Documents/GitHub/STP/UnrealProject/STP/Content/Meshes/Textures/SM_Conveyor_01_01_B.uexp" 1595
"C:/Users/chauh/OneDrive/Documents/GitHub/STP/UnrealProject/STP/Content/Meshes/Textures/SM_Conveyor_01_01_N.ubulk" 1596
"C:/Users/chauh/OneDrive/Documents/GitHub/STP/UnrealProject/STP/Content/Meshes/Textures/SM_Conveyor_01_01_N.uasset" 1597
"C:/Users/chauh/OneDrive/Documents/GitHub/STP/UnrealProject/STP/Content/Meshes/Textures/SM_Conveyor_01_01_N.uexp" 1598
"C:/Users/chauh/OneDrive/Documents/GitHub/STP/UnrealProject/STP/Content/Meshes/Textures/SM_Conveyor_01_01_ORM.ubulk" 1599
"C:/Users/chauh/OneDrive/Documents/GitHub/STP/UnrealProject/STP/Content/Meshes/Textures/SM_Conveyor_01_01_ORM.uasset" 1600
"C:/Users/chauh/OneDrive/Documents/GitHub/STP/UnrealProject/STP/Content/Meshes/Textures/SM_Conveyor_01_01_ORM.uexp" 1601
"C:/Users/chauh/OneDrive/Documents/GitHub/STP/UnrealProject/STP/Content/Meshes/Materials/SM_Conveyor_01_01.uasset" 1602
"C:/Users/chauh/OneDrive/Documents/GitHub/STP/UnrealProject/STP/Content/Meshes/Materials/SM_Conveyor_01_01.uexp" 1603
"C:/Users/chauh/OneDrive/Documents/GitHub/STP/UnrealProject/STP/Content/Meshes/Textures/SM_Conveyor_01_02_B.ubulk" 1604
"C:/Users/chauh/OneDrive/Documents/GitHub/STP/UnrealProject/STP/Content/Meshes/Textures/SM_Conveyor_01_02_B.uasset" 1605
"C:/Users/chauh/OneDrive/Documents/GitHub/STP/UnrealProject/STP/Content/Meshes/Textures/SM_Conveyor_01_02_B.uexp" 1606
"C:/Users/chauh/OneDrive/Documents/GitHub/STP/UnrealProject/STP/Content/Meshes/Textures/SM_Conveyor_01_02_N.ubulk" 1607
"C:/Users/chauh/OneDrive/Documents/GitHub/STP/UnrealProject/STP/Content/Meshes/Textures/SM_Conveyor_01_02_N.uasset" 1608
"C:/Users/chauh/OneDrive/Documents/GitHub/STP/UnrealProject/STP/Content/Meshes/Textures/SM_Conveyor_01_02_N.uexp" 1609
"C:/Users/chauh/OneDrive/Documents/GitHub/STP/UnrealProject/STP/Content/Meshes/Textures/SM_Conveyor_01_02_ORM.ubulk" 1610
"C:/Users/chauh/OneDrive/Documents/GitHub/STP/UnrealProject/STP/Content/Meshes/Textures/SM_Conveyor_01_02_ORM.uasset" 1611
"C:/Users/chauh/OneDrive/Documents/GitHub/STP/UnrealProject/STP/Content/Meshes/Textures/SM_Conveyor_01_02_ORM.uexp" 1612
"C:/Users/chauh/OneDrive/Documents/GitHub/STP/UnrealProject/STP/Content/Meshes/Materials/SM_Conveyor_01_02.uasset" 1613
"C:/Users/chauh/OneDrive/Documents/GitHub/STP/UnrealProject/STP/Content/Meshes/Materials/SM_Conveyor_01_02.uexp" 1614
"C:/Users/chauh/OneDrive/Documents/GitHub/STP/UnrealProject/STP/Content/Meshes/Textures/SM_Conveyor_01_03_B.ubulk" 1615
"C:/Users/chauh/OneDrive/Documents/GitHub/STP/UnrealProject/STP/Content/Meshes/Textures/SM_Conveyor_01_03_B.uasset" 1616
"C:/Users/chauh/OneDrive/Documents/GitHub/STP/UnrealProject/STP/Content/Meshes/Textures/SM_Conveyor_01_03_B.uexp" 1617
"C:/Users/chauh/OneDrive/Documents/GitHub/STP/UnrealProject/STP/Content/Meshes/Textures/SM_Conveyor_01_03_N.ubulk" 1618
"C:/Users/chauh/OneDrive/Documents/GitHub/STP/UnrealProject/STP/Content/Meshes/Textures/SM_Conveyor_01_03_N.uasset" 1619
"C:/Users/chauh/OneDrive/Documents/GitHub/STP/UnrealProject/STP/Content/Meshes/Textures/SM_Conveyor_01_03_N.uexp" 1620
"C:/Users/chauh/OneDrive/Documents/GitHub/STP/UnrealProject/STP/Content/Meshes/Textures/SM_Conveyor_01_03_ORM.ubulk" 1621
"C:/Users/chauh/OneDrive/Documents/GitHub/STP/UnrealProject/STP/Content/Meshes/Textures/SM_Conveyor_01_03_ORM.uasset" 1622
"C:/Users/chauh/OneDrive/Documents/GitHub/STP/UnrealProject/STP/Content/Meshes/Textures/SM_Conveyor_01_03_ORM.uexp" 1623
"C:/Users/chauh/OneDrive/Documents/GitHub/STP/UnrealProject/STP/Content/Meshes/Materials/SM_Conveyor_01_03.uasset" 1624
"C:/Users/chauh/OneDrive/Documents/GitHub/STP/UnrealProject/STP/Content/Meshes/Materials/SM_Conveyor_01_03.uexp" 1625
"C:/Users/chauh/OneDrive/Documents/GitHub/STP/UnrealProject/STP/Content/Meshes/StaticMesh/SM_Conveyor_01.ubulk" 1626
"C:/Users/chauh/OneDrive/Documents/GitHub/STP/UnrealProject/STP/Content/Meshes/StaticMesh/SM_Conveyor_01.uasset" 1627
"C:/Users/chauh/OneDrive/Documents/GitHub/STP/UnrealProject/STP/Content/Meshes/StaticMesh/SM_Conveyor_01.uexp" 1628
"C:/Users/chauh/OneDrive/Documents/GitHub/STP/UnrealProject/STP/Content/BP/Interactables/BP_Conveyor.uasset" 1629
"C:/Users/chauh/OneDrive/Documents/GitHub/STP/UnrealProject/STP/Content/BP/Interactables/BP_Conveyor.uexp" 1630
"C:/Users/chauh/OneDrive/Documents/GitHub/STP/UnrealProject/STP/Content/Materials/M_UnpackedHeavyPackage.uasset" 1631
"C:/Users/chauh/OneDrive/Documents/GitHub/STP/UnrealProject/STP/Content/Materials/M_UnpackedHeavyPackage.uexp" 1632
"C:/Users/chauh/OneDrive/Documents/GitHub/STP/UnrealProject/STP/Content/Meshes/Textures/SM_Dumbbell_01_01_B.ubulk" 1633
"C:/Users/chauh/OneDrive/Documents/GitHub/STP/UnrealProject/STP/Content/Meshes/Textures/SM_Dumbbell_01_01_B.uasset" 1634
"C:/Users/chauh/OneDrive/Documents/GitHub/STP/UnrealProject/STP/Content/Meshes/Textures/SM_Dumbbell_01_01_B.uexp" 1635
"C:/Users/chauh/OneDrive/Documents/GitHub/STP/UnrealProject/STP/Content/Meshes/Textures/SM_Dumbbell_01_01_N.ubulk" 1636
"C:/Users/chauh/OneDrive/Documents/GitHub/STP/UnrealProject/STP/Content/Meshes/Textures/SM_Dumbbell_01_01_N.uasset" 1637
"C:/Users/chauh/OneDrive/Documents/GitHub/STP/UnrealProject/STP/Content/Meshes/Textures/SM_Dumbbell_01_01_N.uexp" 1638
"C:/Users/chauh/OneDrive/Documents/GitHub/STP/UnrealProject/STP/Content/Meshes/Textures/SM_Dumbbell_01_01_ORM.ubulk" 1639
"C:/Users/chauh/OneDrive/Documents/GitHub/STP/UnrealProject/STP/Content/Meshes/Textures/SM_Dumbbell_01_01_ORM.uasset" 1640
"C:/Users/chauh/OneDrive/Documents/GitHub/STP/UnrealProject/STP/Content/Meshes/Textures/SM_Dumbbell_01_01_ORM.uexp" 1641
"C:/Users/chauh/OneDrive/Documents/GitHub/STP/UnrealProject/STP/Content/Meshes/Materials/SM_Dumbbell_01_01.uasset" 1642
"C:/Users/chauh/OneDrive/Documents/GitHub/STP/UnrealProject/STP/Content/Meshes/Materials/SM_Dumbbell_01_01.uexp" 1643
"C:/Users/chauh/OneDrive/Documents/GitHub/STP/UnrealProject/STP/Content/Meshes/Textures/SM_Dumbbell_01_02_B.ubulk" 1644
"C:/Users/chauh/OneDrive/Documents/GitHub/STP/UnrealProject/STP/Content/Meshes/Textures/SM_Dumbbell_01_02_B.uasset" 1645
"C:/Users/chauh/OneDrive/Documents/GitHub/STP/UnrealProject/STP/Content/Meshes/Textures/SM_Dumbbell_01_02_B.uexp" 1646
"C:/Users/chauh/OneDrive/Documents/GitHub/STP/UnrealProject/STP/Content/Meshes/Textures/SM_Dumbbell_01_02_N.ubulk" 1647
"C:/Users/chauh/OneDrive/Documents/GitHub/STP/UnrealProject/STP/Content/Meshes/Textures/SM_Dumbbell_01_02_N.uasset" 1648
"C:/Users/chauh/OneDrive/Documents/GitHub/STP/UnrealProject/STP/Content/Meshes/Textures/SM_Dumbbell_01_02_N.uexp" 1649
"C:/Users/chauh/OneDrive/Documents/GitHub/STP/UnrealProject/STP/Content/Meshes/Textures/SM_Dumbbell_01_02_ORM.ubulk" 1650
"C:/Users/chauh/OneDrive/Documents/GitHub/STP/UnrealProject/STP/Content/Meshes/Textures/SM_Dumbbell_01_02_ORM.uasset" 1651
"C:/Users/chauh/OneDrive/Documents/GitHub/STP/UnrealProject/STP/Content/Meshes/Textures/SM_Dumbbell_01_02_ORM.uexp" 1652
"C:/Users/chauh/OneDrive/Documents/GitHub/STP/UnrealProject/STP/Content/Meshes/Materials/SM_Dumbbell_01_02.uasset" 1653
"C:/Users/chauh/OneDrive/Documents/GitHub/STP/UnrealProject/STP/Content/Meshes/Materials/SM_Dumbbell_01_02.uexp" 1654
"C:/Users/chauh/OneDrive/Documents/GitHub/STP/UnrealProject/STP/Content/Meshes/StaticMesh/SM_Dumbbell_01.ubulk" 1655
"C:/Users/chauh/OneDrive/Documents/GitHub/STP/UnrealProject/STP/Content/Meshes/StaticMesh/SM_Dumbbell_01.uasset" 1656
"C:/Users/chauh/OneDrive/Documents/GitHub/STP/UnrealProject/STP/Content/Meshes/StaticMesh/SM_Dumbbell_01.uexp" 1657
"C:/Users/chauh/OneDrive/Documents/GitHub/STP/UnrealProject/STP/Content/BP/Interactables/BP_HeavyPackage.uasset" 1658
"C:/Users/chauh/OneDrive/Documents/GitHub/STP/UnrealProject/STP/Content/BP/Interactables/BP_HeavyPackage.uexp" 1659
"C:/Users/chauh/OneDrive/Documents/GitHub/STP/UnrealProject/STP/Content/Meshes/Textures/T_BOX_02_B.ubulk" 1660
"C:/Users/chauh/OneDrive/Documents/GitHub/STP/UnrealProject/STP/Content/Meshes/Textures/T_BOX_02_B.uasset" 1661
"C:/Users/chauh/OneDrive/Documents/GitHub/STP/UnrealProject/STP/Content/Meshes/Textures/T_BOX_02_B.uexp" 1662
"C:/Users/chauh/OneDrive/Documents/GitHub/STP/UnrealProject/STP/Content/Meshes/Textures/T_BOX_02_N_png.ubulk" 1663
"C:/Users/chauh/OneDrive/Documents/GitHub/STP/UnrealProject/STP/Content/Meshes/Textures/T_BOX_02_N_png.uasset" 1664
"C:/Users/chauh/OneDrive/Documents/GitHub/STP/UnrealProject/STP/Content/Meshes/Textures/T_BOX_02_N_png.uexp" 1665
"C:/Users/chauh/OneDrive/Documents/GitHub/STP/UnrealProject/STP/Content/Meshes/Textures/T_BOX_02_ORM_png.ubulk" 1666
"C:/Users/chauh/OneDrive/Documents/GitHub/STP/UnrealProject/STP/Content/Meshes/Textures/T_BOX_02_ORM_png.uasset" 1667
"C:/Users/chauh/OneDrive/Documents/GitHub/STP/UnrealProject/STP/Content/Meshes/Textures/T_BOX_02_ORM_png.uexp" 1668
"C:/Users/chauh/OneDrive/Documents/GitHub/STP/UnrealProject/STP/Content/Meshes/Materials/M_Box_02.uasset" 1669
"C:/Users/chauh/OneDrive/Documents/GitHub/STP/UnrealProject/STP/Content/Meshes/Materials/M_Box_02.uexp" 1670
"C:/Users/chauh/OneDrive/Documents/GitHub/STP/UnrealProject/STP/Content/Meshes/StaticMesh/SM_BOX_02.ubulk" 1671
"C:/Users/chauh/OneDrive/Documents/GitHub/STP/UnrealProject/STP/Content/Meshes/StaticMesh/SM_BOX_02.uasset" 1672
"C:/Users/chauh/OneDrive/Documents/GitHub/STP/UnrealProject/STP/Content/Meshes/StaticMesh/SM_BOX_02.uexp" 1673
"C:/Users/chauh/OneDrive/Documents/GitHub/STP/UnrealProject/STP/Content/BP/Interactables/BP_PSpawner.uasset" 1674
"C:/Users/chauh/OneDrive/Documents/GitHub/STP/UnrealProject/STP/Content/BP/Interactables/BP_PSpawner.uexp" 1675
"../../../Engine/Plugins/Interchange/Assets/Content/gltf/MaterialInstances/MI_Default_Opaque.uasset" 1676
"../../../Engine/Plugins/Interchange/Assets/Content/gltf/MaterialInstances/MI_Default_Opaque.uexp" 1677
"C:/Users/chauh/OneDrive/Documents/GitHub/STP/UnrealProject/STP/Content/Meshes/Textures/material_baseColor.ubulk" 1678
"C:/Users/chauh/OneDrive/Documents/GitHub/STP/UnrealProject/STP/Content/Meshes/Textures/material_baseColor.uasset" 1679
"C:/Users/chauh/OneDrive/Documents/GitHub/STP/UnrealProject/STP/Content/Meshes/Textures/material_baseColor.uexp" 1680
"C:/Users/chauh/OneDrive/Documents/GitHub/STP/UnrealProject/STP/Content/Meshes/Textures/material_metallicRoughness.ubulk" 1681
"C:/Users/chauh/OneDrive/Documents/GitHub/STP/UnrealProject/STP/Content/Meshes/Textures/material_metallicRoughness.uasset" 1682
"C:/Users/chauh/OneDrive/Documents/GitHub/STP/UnrealProject/STP/Content/Meshes/Textures/material_metallicRoughness.uexp" 1683
"C:/Users/chauh/OneDrive/Documents/GitHub/STP/UnrealProject/STP/Content/Meshes/Materials/material.uasset" 1684
"C:/Users/chauh/OneDrive/Documents/GitHub/STP/UnrealProject/STP/Content/Meshes/Materials/material.uexp" 1685
"../../../Engine/Plugins/Interchange/Assets/Content/gltf/MaterialInstances/MI_Default_Mask.uasset" 1686
"../../../Engine/Plugins/Interchange/Assets/Content/gltf/MaterialInstances/MI_Default_Mask.uexp" 1687
"C:/Users/chauh/OneDrive/Documents/GitHub/STP/UnrealProject/STP/Content/Meshes/Textures/Rail_diffuseOriginal_baseColor.ubulk" 1688
"C:/Users/chauh/OneDrive/Documents/GitHub/STP/UnrealProject/STP/Content/Meshes/Textures/Rail_diffuseOriginal_baseColor.uasset" 1689
"C:/Users/chauh/OneDrive/Documents/GitHub/STP/UnrealProject/STP/Content/Meshes/Textures/Rail_diffuseOriginal_baseColor.uexp" 1690
"C:/Users/chauh/OneDrive/Documents/GitHub/STP/UnrealProject/STP/Content/Meshes/Textures/Rail_diffuseOriginal_metallicRoughness.ubulk" 1691
"C:/Users/chauh/OneDrive/Documents/GitHub/STP/UnrealProject/STP/Content/Meshes/Textures/Rail_diffuseOriginal_metallicRoughness.uasset" 1692
"C:/Users/chauh/OneDrive/Documents/GitHub/STP/UnrealProject/STP/Content/Meshes/Textures/Rail_diffuseOriginal_metallicRoughness.uexp" 1693
"C:/Users/chauh/OneDrive/Documents/GitHub/STP/UnrealProject/STP/Content/Meshes/Materials/Rail_diffuseOriginal.uasset" 1694
"C:/Users/chauh/OneDrive/Documents/GitHub/STP/UnrealProject/STP/Content/Meshes/Materials/Rail_diffuseOriginal.uexp" 1695
"C:/Users/chauh/OneDrive/Documents/GitHub/STP/UnrealProject/STP/Content/Meshes/Textures/Shelf_diffuseOriginal_baseColor.ubulk" 1696
"C:/Users/chauh/OneDrive/Documents/GitHub/STP/UnrealProject/STP/Content/Meshes/Textures/Shelf_diffuseOriginal_baseColor.uasset" 1697
"C:/Users/chauh/OneDrive/Documents/GitHub/STP/UnrealProject/STP/Content/Meshes/Textures/Shelf_diffuseOriginal_baseColor.uexp" 1698
"C:/Users/chauh/OneDrive/Documents/GitHub/STP/UnrealProject/STP/Content/Meshes/Textures/Shelf_diffuseOriginal_metallicRoughness.ubulk" 1699
"C:/Users/chauh/OneDrive/Documents/GitHub/STP/UnrealProject/STP/Content/Meshes/Textures/Shelf_diffuseOriginal_metallicRoughness.uasset" 1700
"C:/Users/chauh/OneDrive/Documents/GitHub/STP/UnrealProject/STP/Content/Meshes/Textures/Shelf_diffuseOriginal_metallicRoughness.uexp" 1701
"C:/Users/chauh/OneDrive/Documents/GitHub/STP/UnrealProject/STP/Content/Meshes/Materials/Shelf_diffuseOriginal.uasset" 1702
"C:/Users/chauh/OneDrive/Documents/GitHub/STP/UnrealProject/STP/Content/Meshes/Materials/Shelf_diffuseOriginal.uexp" 1703
"C:/Users/chauh/OneDrive/Documents/GitHub/STP/UnrealProject/STP/Content/Meshes/StaticMesh/scene.ubulk" 1704
"C:/Users/chauh/OneDrive/Documents/GitHub/STP/UnrealProject/STP/Content/Meshes/StaticMesh/scene.uasset" 1705
"C:/Users/chauh/OneDrive/Documents/GitHub/STP/UnrealProject/STP/Content/Meshes/StaticMesh/scene.uexp" 1706
"C:/Users/chauh/OneDrive/Documents/GitHub/STP/UnrealProject/STP/Content/BP/Interactables/BP_HeavyPSpawner_Child.uasset" 1707
"C:/Users/chauh/OneDrive/Documents/GitHub/STP/UnrealProject/STP/Content/BP/Interactables/BP_HeavyPSpawner_Child.uexp" 1708
"../../../Engine/Content/EngineDebugMaterials/VertexColorViewMode_BlueOnly.uasset" 1709
"../../../Engine/Content/EngineDebugMaterials/VertexColorViewMode_BlueOnly.uexp" 1710
"C:/Users/chauh/OneDrive/Documents/GitHub/STP/UnrealProject/STP/Content/BP/Interactables/BP_WetFloor.uasset" 1711
"C:/Users/chauh/OneDrive/Documents/GitHub/STP/UnrealProject/STP/Content/BP/Interactables/BP_WetFloor.uexp" 1712
"C:/Users/chauh/OneDrive/Documents/GitHub/STP/UnrealProject/STP/Content/BP/Player/IA_P2_Move.uasset" 1713
"C:/Users/chauh/OneDrive/Documents/GitHub/STP/UnrealProject/STP/Content/BP/Player/IA_P2_Move.uexp" 1714
"C:/Users/chauh/OneDrive/Documents/GitHub/STP/UnrealProject/STP/Content/BP/Player/IA_P2_PicknDrop.uasset" 1715
"C:/Users/chauh/OneDrive/Documents/GitHub/STP/UnrealProject/STP/Content/BP/Player/IA_P2_PicknDrop.uexp" 1716
"C:/Users/chauh/OneDrive/Documents/GitHub/STP/UnrealProject/STP/Content/BP/Player/IA_P2_Run.uasset" 1717
"C:/Users/chauh/OneDrive/Documents/GitHub/STP/UnrealProject/STP/Content/BP/Player/IA_P2_Run.uexp" 1718
"C:/Users/chauh/OneDrive/Documents/GitHub/STP/UnrealProject/STP/Content/BP/Player/IA_P2_Throw.uasset" 1719
"C:/Users/chauh/OneDrive/Documents/GitHub/STP/UnrealProject/STP/Content/BP/Player/IA_P2_Throw.uexp" 1720
"C:/Users/chauh/OneDrive/Documents/GitHub/STP/UnrealProject/STP/Content/BP/Player/IMC_Player_2.uasset" 1721
"C:/Users/chauh/OneDrive/Documents/GitHub/STP/UnrealProject/STP/Content/BP/Player/IMC_Player_2.uexp" 1722
"C:/Users/chauh/OneDrive/Documents/GitHub/STP/UnrealProject/STP/Content/BP/Player/BP_PlayerController.uasset" 1723
"C:/Users/chauh/OneDrive/Documents/GitHub/STP/UnrealProject/STP/Content/BP/Player/BP_PlayerController.uexp" 1724
"C:/Users/chauh/OneDrive/Documents/GitHub/STP/UnrealProject/STP/Content/BP/Player/STP_Gamemode.uasset" 1725
"C:/Users/chauh/OneDrive/Documents/GitHub/STP/UnrealProject/STP/Content/BP/Player/STP_Gamemode.uexp" 1726
"C:/Users/chauh/OneDrive/Documents/GitHub/STP/UnrealProject/STP/Content/Materials/M_BuildPreview.uasset" 1727
"C:/Users/chauh/OneDrive/Documents/GitHub/STP/UnrealProject/STP/Content/Materials/M_BuildPreview.uexp" 1728
"C:/Users/chauh/OneDrive/Documents/GitHub/STP/UnrealProject/STP/Content/Meshes/SM_BOX_03.ubulk" 1729
"C:/Users/chauh/OneDrive/Documents/GitHub/STP/UnrealProject/STP/Content/Meshes/SM_BOX_03.uasset" 1730
"C:/Users/chauh/OneDrive/Documents/GitHub/STP/UnrealProject/STP/Content/Meshes/SM_BOX_03.uexp" 1731
"C:/Users/chauh/OneDrive/Documents/GitHub/STP/UnrealProject/STP/Content/BP/Systems/BP_BuildPreview.uasset" 1732
"C:/Users/chauh/OneDrive/Documents/GitHub/STP/UnrealProject/STP/Content/BP/Systems/BP_BuildPreview.uexp" 1733
"C:/Users/chauh/OneDrive/Documents/GitHub/STP/UnrealProject/STP/Content/BP/Systems/BP_BuildTile.uasset" 1734
"C:/Users/chauh/OneDrive/Documents/GitHub/STP/UnrealProject/STP/Content/BP/Systems/BP_BuildTile.uexp" 1735
"C:/Users/chauh/OneDrive/Documents/GitHub/STP/UnrealProject/STP/Content/BP/Systems/BP_CollisionBox.uasset" 1736
"C:/Users/chauh/OneDrive/Documents/GitHub/STP/UnrealProject/STP/Content/BP/Systems/BP_CollisionBox.uexp" 1737
"C:/Users/chauh/OneDrive/Documents/GitHub/STP/UnrealProject/STP/Content/BP/Systems/BP_RespawnVolume.uasset" 1738
"C:/Users/chauh/OneDrive/Documents/GitHub/STP/UnrealProject/STP/Content/BP/Systems/BP_RespawnVolume.uexp" 1739
"C:/Users/chauh/OneDrive/Documents/GitHub/STP/UnrealProject/STP/Content/BP/Systems/BP_UnBuildTile_Child.uasset" 1740
"C:/Users/chauh/OneDrive/Documents/GitHub/STP/UnrealProject/STP/Content/BP/Systems/BP_UnBuildTile_Child.uexp" 1741
"C:/Users/chauh/OneDrive/Documents/GitHub/STP/UnrealProject/STP/Content/BP/Systems/E_BuildableType.uasset" 1742
"C:/Users/chauh/OneDrive/Documents/GitHub/STP/UnrealProject/STP/Content/BP/Systems/E_BuildableType.uexp" 1743
"C:/Users/chauh/OneDrive/Documents/GitHub/STP/UnrealProject/STP/Content/BP/Systems/E_GamePhase.uasset" 1744
"C:/Users/chauh/OneDrive/Documents/GitHub/STP/UnrealProject/STP/Content/BP/Systems/E_GamePhase.uexp" 1745
"C:/Users/chauh/OneDrive/Documents/GitHub/STP/UnrealProject/STP/Content/Fab/Scene_Warehouse/Assets/MS/Decals/Decal_Number_One_Painted_01/T_Decal_Number_One_Painted_01_D.ubulk" 1746
"C:/Users/chauh/OneDrive/Documents/GitHub/STP/UnrealProject/STP/Content/Fab/Scene_Warehouse/Assets/MS/Decals/Decal_Number_One_Painted_01/T_Decal_Number_One_Painted_01_D.uasset" 1747
"C:/Users/chauh/OneDrive/Documents/GitHub/STP/UnrealProject/STP/Content/Fab/Scene_Warehouse/Assets/MS/Decals/Decal_Number_One_Painted_01/T_Decal_Number_One_Painted_01_D.uexp" 1748
"C:/Users/chauh/OneDrive/Documents/GitHub/STP/UnrealProject/STP/Content/Fab/Scene_Warehouse/Assets/MS/Decals/Decal_Number_One_Painted_01/T_Decal_Number_One_Painted_01_DpRA.ubulk" 1749
"C:/Users/chauh/OneDrive/Documents/GitHub/STP/UnrealProject/STP/Content/Fab/Scene_Warehouse/Assets/MS/Decals/Decal_Number_One_Painted_01/T_Decal_Number_One_Painted_01_DpRA.uasset" 1750
"C:/Users/chauh/OneDrive/Documents/GitHub/STP/UnrealProject/STP/Content/Fab/Scene_Warehouse/Assets/MS/Decals/Decal_Number_One_Painted_01/T_Decal_Number_One_Painted_01_DpRA.uexp" 1751
"C:/Users/chauh/OneDrive/Documents/GitHub/STP/UnrealProject/STP/Content/Fab/Scene_Warehouse/Assets/MS/Decals/Decal_Number_One_Painted_01/T_Decal_Number_One_Painted_01_N.ubulk" 1752
"C:/Users/chauh/OneDrive/Documents/GitHub/STP/UnrealProject/STP/Content/Fab/Scene_Warehouse/Assets/MS/Decals/Decal_Number_One_Painted_01/T_Decal_Number_One_Painted_01_N.uasset" 1753
"C:/Users/chauh/OneDrive/Documents/GitHub/STP/UnrealProject/STP/Content/Fab/Scene_Warehouse/Assets/MS/Decals/Decal_Number_One_Painted_01/T_Decal_Number_One_Painted_01_N.uexp" 1754
"C:/Users/chauh/OneDrive/Documents/GitHub/STP/UnrealProject/STP/Content/Meshes/Materials/MI_Decal_Number_One_Painted_01_B.uasset" 1755
"C:/Users/chauh/OneDrive/Documents/GitHub/STP/UnrealProject/STP/Content/Meshes/Materials/MI_Decal_Number_One_Painted_01_B.uexp" 1756
"C:/Users/chauh/OneDrive/Documents/GitHub/STP/UnrealProject/STP/Content/Meshes/Materials/MI_Decal_Number_Two_Painted_01_B.uasset" 1757
"C:/Users/chauh/OneDrive/Documents/GitHub/STP/UnrealProject/STP/Content/Meshes/Materials/MI_Decal_Number_Two_Painted_01_B.uexp" 1758
"../../../Engine/Content/EngineFonts/Faces/RobotoTiny.uexp" 1759
"../../../Engine/Content/EngineFonts/Faces/RobotoTiny.uasset" 1760
"../../../Engine/Content/EngineFonts/Faces/RobotoTiny.ufont" 1761
"../../../Engine/Content/EngineFonts/RobotoTiny.uasset" 1762
"../../../Engine/Content/EngineFonts/RobotoTiny.uexp" 1763
"C:/Users/chauh/OneDrive/Documents/GitHub/STP/UnrealProject/STP/Content/UI/BuildMenu/WBP_BuildMenu.uasset" 1764
"C:/Users/chauh/OneDrive/Documents/GitHub/STP/UnrealProject/STP/Content/UI/BuildMenu/WBP_BuildMenu.uexp" 1765
"C:/Users/chauh/OneDrive/Documents/GitHub/STP/UnrealProject/STP/Content/Meshes/StaticMesh/1_Meshes/SM_Barrel01.ubulk" 1766
"C:/Users/chauh/OneDrive/Documents/GitHub/STP/UnrealProject/STP/Content/Meshes/StaticMesh/1_Meshes/SM_Barrel01.uasset" 1767
"C:/Users/chauh/OneDrive/Documents/GitHub/STP/UnrealProject/STP/Content/Meshes/StaticMesh/1_Meshes/SM_Barrel01.uexp" 1768
"../../../Engine/Plugins/Fab/Content/MaterialFunctions/QMF_AOAdjustments.uasset" 1769
"../../../Engine/Plugins/Fab/Content/MaterialFunctions/QMF_AOAdjustments.uexp" 1770
"../../../Engine/Plugins/Fab/Content/MaterialFunctions/QMF_BaseColorAdjustments.uasset" 1771
"../../../Engine/Plugins/Fab/Content/MaterialFunctions/QMF_BaseColorAdjustments.uexp" 1772
"../../../Engine/Plugins/Fab/Content/MaterialFunctions/QMF_NormalAdjustments.uasset" 1773
"../../../Engine/Plugins/Fab/Content/MaterialFunctions/QMF_NormalAdjustments.uexp" 1774
"../../../Engine/Plugins/Fab/Content/MaterialFunctions/QMF_RoughnessAdjustments.uasset" 1775
"../../../Engine/Plugins/Fab/Content/MaterialFunctions/QMF_RoughnessAdjustments.uexp" 1776
"../../../Engine/Plugins/Fab/Content/MaterialFunctions/QMF_Tiling.uasset" 1777
"../../../Engine/Plugins/Fab/Content/MaterialFunctions/QMF_Tiling.uexp" 1778
"../../../Engine/Plugins/Fab/Content/Textures/Standard/T_DefaultColor.uasset" 1779
"../../../Engine/Plugins/Fab/Content/Textures/Standard/T_DefaultColor.uexp" 1780
"../../../Engine/Plugins/Fab/Content/Textures/Standard/T_DefaultDisplacement.uasset" 1781
"../../../Engine/Plugins/Fab/Content/Textures/Standard/T_DefaultDisplacement.uexp" 1782
"../../../Engine/Plugins/Fab/Content/Textures/Standard/T_DefaultMasks.uasset" 1783
"../../../Engine/Plugins/Fab/Content/Textures/Standard/T_DefaultMasks.uexp" 1784
"../../../Engine/Plugins/Fab/Content/Textures/Standard/T_DefaultNormal.uasset" 1785
"../../../Engine/Plugins/Fab/Content/Textures/Standard/T_DefaultNormal.uexp" 1786
"../../../Engine/Plugins/Fab/Content/Materials/Standard/M_MS_Srf.uasset" 1787
"../../../Engine/Plugins/Fab/Content/Materials/Standard/M_MS_Srf.uexp" 1788
"C:/Users/chauh/OneDrive/Documents/GitHub/STP/UnrealProject/STP/Content/Fab/Megascans/Surfaces/Industrial_Concrete_Floor_sl2qedtp/Medium/sl2qedtp_tier_2/Textures/T_sl2qedtp_2K_B.ubulk" 1789
"C:/Users/chauh/OneDrive/Documents/GitHub/STP/UnrealProject/STP/Content/Fab/Megascans/Surfaces/Industrial_Concrete_Floor_sl2qedtp/Medium/sl2qedtp_tier_2/Textures/T_sl2qedtp_2K_B.uasset" 1790
"C:/Users/chauh/OneDrive/Documents/GitHub/STP/UnrealProject/STP/Content/Fab/Megascans/Surfaces/Industrial_Concrete_Floor_sl2qedtp/Medium/sl2qedtp_tier_2/Textures/T_sl2qedtp_2K_B.uexp" 1791
"C:/Users/chauh/OneDrive/Documents/GitHub/STP/UnrealProject/STP/Content/Fab/Megascans/Surfaces/Industrial_Concrete_Floor_sl2qedtp/Medium/sl2qedtp_tier_2/Textures/T_sl2qedtp_2K_N.ubulk" 1792
"C:/Users/chauh/OneDrive/Documents/GitHub/STP/UnrealProject/STP/Content/Fab/Megascans/Surfaces/Industrial_Concrete_Floor_sl2qedtp/Medium/sl2qedtp_tier_2/Textures/T_sl2qedtp_2K_N.uasset" 1793
"C:/Users/chauh/OneDrive/Documents/GitHub/STP/UnrealProject/STP/Content/Fab/Megascans/Surfaces/Industrial_Concrete_Floor_sl2qedtp/Medium/sl2qedtp_tier_2/Textures/T_sl2qedtp_2K_N.uexp" 1794
"C:/Users/chauh/OneDrive/Documents/GitHub/STP/UnrealProject/STP/Content/Fab/Megascans/Surfaces/Industrial_Concrete_Floor_sl2qedtp/Medium/sl2qedtp_tier_2/Textures/T_sl2qedtp_2K_ORM.ubulk" 1795
"C:/Users/chauh/OneDrive/Documents/GitHub/STP/UnrealProject/STP/Content/Fab/Megascans/Surfaces/Industrial_Concrete_Floor_sl2qedtp/Medium/sl2qedtp_tier_2/Textures/T_sl2qedtp_2K_ORM.uasset" 1796
"C:/Users/chauh/OneDrive/Documents/GitHub/STP/UnrealProject/STP/Content/Fab/Megascans/Surfaces/Industrial_Concrete_Floor_sl2qedtp/Medium/sl2qedtp_tier_2/Textures/T_sl2qedtp_2K_ORM.uexp" 1797
"C:/Users/chauh/OneDrive/Documents/GitHub/STP/UnrealProject/STP/Content/Fab/Megascans/Surfaces/Industrial_Concrete_Floor_sl2qedtp/Medium/sl2qedtp_tier_2/Materials/MI_sl2qedtp.uasset" 1798
"C:/Users/chauh/OneDrive/Documents/GitHub/STP/UnrealProject/STP/Content/Fab/Megascans/Surfaces/Industrial_Concrete_Floor_sl2qedtp/Medium/sl2qedtp_tier_2/Materials/MI_sl2qedtp.uexp" 1799
"C:/Users/chauh/OneDrive/Documents/GitHub/STP/UnrealProject/STP/Content/Level/Demo.uexp" 1800
"C:/Users/chauh/OneDrive/Documents/GitHub/STP/UnrealProject/STP/Content/Level/Demo.umap" 1801
