[22360:29432:0924/071444.855:WARNING:chrome_main_delegate.cc(745)] This is Chrome version 128.0.6613.138 (not a warning)
[22360:29432:0924/071447.055:ERROR:os_crypt_win.cc(100)] Failed to decrypt: Key not valid for use in specified state. (0x8009000B)
[22360:29432:0924/071452.236:WARNING:account_consistency_mode_manager.cc(77)] Desktop Identity Consistency cannot be enabled as no OAuth client ID and client secret have been configured.
[22360:29432:0924/071508.680:VERBOSE1:mutable_profile_oauth2_token_service_delegate.cc(312)] MutablePO2TS::RefreshTokenIsAvailable
[22360:29432:0924/071508.680:VERBOSE1:account_consistency_mode_manager.cc(218)] Desktop Identity Consistency disabled as sign-in to Chrome is not allowed
[22360:29432:0924/071511.071:VERBOSE1:gaia_cookie_manager_service.cc(846)] GaiaCookieManagerService::ListAccounts
[22360:29432:0924/071511.396:VERBOSE1:mutable_profile_oauth2_token_service_delegate.cc(409)] MutablePO2TS::OnWebDataServiceRequestDone. Result type: 6
[22360:29432:0924/071511.396:VERBOSE1:mutable_profile_oauth2_token_service_delegate.cc(467)] MutablePO2TS::LoadAllCredentialsIntoMemory; 0 redential(s).
[27820:3052:0924/071511.398:VERBOSE1:network_delegate.cc(36)] NetworkDelegate::NotifyBeforeURLRequest: https://accounts.google.com/ListAccounts?gpsia=1&source=ChromiumBrowser&json=standard
[22360:14268:0924/071511.427:WARNING:leveldb_database.cc(141)] Unable to open C:\Users\inory\Documents\GitHub\STP\UnrealProject\STP\Saved\webcache_6613_1\Default\shared_proto_db\metadata: IO error: C:\Users\inory\Documents\GitHub\STP\UnrealProject\STP\Saved\webcache_6613_1\Default\shared_proto_db\metadata/MANIFEST-000001: Unable to create sequential file (ChromeMethodBFE: 7::NewSequentialFile::1)
[22360:14268:0924/071511.433:WARNING:leveldb_database.cc(141)] Unable to open C:\Users\inory\Documents\GitHub\STP\UnrealProject\STP\Saved\webcache_6613_1\Default\shared_proto_db\metadata: IO error: C:\Users\inory\Documents\GitHub\STP\UnrealProject\STP\Saved\webcache_6613_1\Default\shared_proto_db\metadata/MANIFEST-000001: Unable to create sequential file (ChromeMethodBFE: 7::NewSequentialFile::1)
[22360:14268:0924/071511.439:WARNING:leveldb_database.cc(141)] Unable to open C:\Users\inory\Documents\GitHub\STP\UnrealProject\STP\Saved\webcache_6613_1\Default\shared_proto_db\metadata: IO error: C:\Users\inory\Documents\GitHub\STP\UnrealProject\STP\Saved\webcache_6613_1\Default\shared_proto_db\metadata/MANIFEST-000001: Unable to create sequential file (ChromeMethodBFE: 7::NewSequentialFile::1)
[22360:14268:0924/071511.445:WARNING:leveldb_database.cc(141)] Unable to open C:\Users\inory\Documents\GitHub\STP\UnrealProject\STP\Saved\webcache_6613_1\Default\shared_proto_db\metadata: IO error: C:\Users\inory\Documents\GitHub\STP\UnrealProject\STP\Saved\webcache_6613_1\Default\shared_proto_db\metadata/MANIFEST-000001: Unable to create sequential file (ChromeMethodBFE: 7::NewSequentialFile::1)
[22360:29432:0924/071511.754:VERBOSE1:service_discovery_device_lister.cc(36)] DeviceListerStart: service_type: _googlecast._tcp.local
[22360:29432:0924/071511.754:VERBOSE1:service_discovery_device_lister.cc(42)] DiscoverNewDevices: service_type: _googlecast._tcp.local
[10140:30480:0924/071514.270:VERBOSE1:frame_impl.cc(480)] frame 5-8C88602C6CDBDA5D96EC2C6FEFE21EA0 connection request (reason=RENDER_FRAME_CREATED)
[27820:3052:0924/071516.068:VERBOSE1:network_delegate.cc(36)] NetworkDelegate::NotifyBeforeURLRequest: https://optimizationguide-pa.googleapis.com/v1:GetModels?key=dummytoken
[22360:29432:0924/071516.748:VERBOSE1:device_event_log_impl.cc(198)] [07:15:16.736] Display: EVENT: screen_win.cc:893 Displays updated, count: 2
[22360:29432:0924/071516.748:VERBOSE1:device_event_log_impl.cc(198)] [07:15:16.748] Display: EVENT: screen_win.cc:895 Display[3180722329] bounds=[2560,287 1920x1080], workarea=[2560,287 1920x1080], scale=1, rotation=0, panel_rotation=0 external detected
[22360:29432:0924/071516.748:VERBOSE1:device_event_log_impl.cc(198)] [07:15:16.748] Display: EVENT: screen_win.cc:895 Display[3307671459] bounds=[0,0 2560x1440], workarea=[0,0 2560x1392], scale=1, rotation=0, panel_rotation=0 external detected
[22360:29432:0924/071517.725:VERBOSE1:subscriptions_storage.cc(189)] Fail to load all subscriptions
[22360:29432:0924/071517.725:VERBOSE1:subscriptions_storage.cc(189)] Fail to load all subscriptions
[22360:29432:0924/071518.066:VERBOSE1:browser_info_manager.cc(524)] frame 5-8C88602C6CDBDA5D96EC2C6FEFE21EA0, pdf_process=0, browser_process_guest=0, print_preview_dialog=0, main=1
[22360:29432:0924/071518.066:VERBOSE1:frame_host_impl.cc(683)] frame 5-8C88602C6CDBDA5D96EC2C6FEFE21EA0 (main) connected
[27820:3052:0924/071518.067:VERBOSE1:tls_handshaker.cc(105)] TlsClient: Continuing handshake
[27820:3052:0924/071518.072:VERBOSE1:tls_handshaker.cc(105)] TlsClient: Continuing handshake
[27820:3052:0924/071518.074:VERBOSE1:tls_handshaker.cc(105)] TlsClient: Continuing handshake
[27820:3052:0924/071518.074:VERBOSE1:tls_handshaker.cc(105)] TlsClient: Continuing handshake
[27820:3052:0924/071518.075:VERBOSE1:tls_handshaker.cc(105)] TlsClient: Continuing handshake
[27820:3052:0924/071518.444:VERBOSE1:network_delegate.cc(36)] NetworkDelegate::NotifyBeforeURLRequest: https://editor.unrealengine.com/en/get-started-with-unreal-engine
[10140:30480:0924/071518.454:VERBOSE1:script_context.cc(151)] Created context:
  extension id:           (none)
  frame:                  000060240014E250
  URL:                    
  context_type:           UNSPECIFIED
  effective extension id: (none)
  effective context type: UNSPECIFIED
[10140:30480:0924/071518.484:VERBOSE1:script_context.cc(151)] Created context:
  extension id:           (none)
  frame:                  0000000000000000
  URL:                    
  context_type:           UNSPECIFIED
  effective extension id: (none)
  effective context type: UNSPECIFIED
[10140:30480:0924/071518.539:VERBOSE1:dispatcher.cc(444)] Num tracked contexts: 1
[22360:29432:0924/071518.725:VERBOSE1:mutable_profile_oauth2_token_service_delegate.cc(312)] MutablePO2TS::RefreshTokenIsAvailable
[22360:29432:0924/071518.725:VERBOSE1:account_consistency_mode_manager.cc(218)] Desktop Identity Consistency disabled as sign-in to Chrome is not allowed
[22360:29432:0924/071518.733:VERBOSE1:browser_info_manager.cc(524)] frame 5-8C88602C6CDBDA5D96EC2C6FEFE21EA0, pdf_process=0, browser_process_guest=0, print_preview_dialog=0, main=1
[27820:3052:0924/071518.746:VERBOSE1:tls_handshaker.cc(105)] TlsClient: Continuing handshake
[27820:3052:0924/071518.746:VERBOSE1:tls_client_handshaker.cc(528)] Client: handshake finished
[22360:23888:0924/071519.058:VERBOSE1:mdns_client_impl.cc(201)] Sockets ready:2
[22360:29432:0924/071520.057:VERBOSE1:gaia_cookie_manager_service.cc(710)] ListAccounts successful
[22360:29432:0924/071520.057:VERBOSE1:gaia_cookie_manager_service.cc(882)] GaiaCookieManagerService::HandleNextRequest
[27820:3052:0924/071520.391:VERBOSE1:network_delegate.cc(36)] NetworkDelegate::NotifyBeforeURLRequest: https://editor.unrealengine.com/en-US/get-started-with-unreal-engine
[22360:29432:0924/071520.725:VERBOSE1:mutable_profile_oauth2_token_service_delegate.cc(312)] MutablePO2TS::RefreshTokenIsAvailable
[22360:29432:0924/071520.725:VERBOSE1:account_consistency_mode_manager.cc(218)] Desktop Identity Consistency disabled as sign-in to Chrome is not allowed
[22360:29432:0924/071520.725:VERBOSE1:profile_manager.cc(1325)] AddKeepAlive(Default, kExtensionUpdater). keep_alives=[kWaitingForFirstBrowserWindow (1), kAppWindow (1), kExtensionUpdater (1)]
[22360:29432:0924/071520.732:VERBOSE1:profile_manager.cc(1377)] RemoveKeepAlive(Default, kExtensionUpdater). keep_alives=[kWaitingForFirstBrowserWindow (1), kAppWindow (1)]
[22360:14268:0924/071520.773:WARNING:value_store_frontend.cc(47)] Reading ahfgeienlihckogmohjhadlkjgocpleb.alarms from  failed: IO error: .../MANIFEST-000001: Unable to create sequential file (ChromeMethodBFE: 7::NewSequentialFile::1)
[22360:14268:0924/071520.796:WARNING:value_store_frontend.cc(47)] Reading mhjfbmdgcfjbbpaeojofohoefgiehjai.alarms from  failed: IO error: .../MANIFEST-000001: Unable to create sequential file (ChromeMethodBFE: 7::NewSequentialFile::1)
[27820:3052:0924/071521.058:VERBOSE1:network_delegate.cc(36)] NetworkDelegate::NotifyBeforeURLRequest: https://editor.unrealengine.com/get-started-with-unreal-engine
[32844:10588:0924/071521.489:VERBOSE1:frame_impl.cc(480)] frame 6-7A39568BDDDA85B1CB188CC4327F2DF4 connection request (reason=RENDER_FRAME_CREATED)
[22360:29432:0924/071521.492:VERBOSE1:mutable_profile_oauth2_token_service_delegate.cc(312)] MutablePO2TS::RefreshTokenIsAvailable
[32844:10588:0924/071521.901:VERBOSE1:script_context.cc(151)] Created context:
  extension id:           (none)
  frame:                  00006A8C0014E628
  URL:                    
  context_type:           WEB_PAGE
  effective extension id: (none)
  effective context type: WEB_PAGE
[32844:10588:0924/071521.902:VERBOSE1:script_context.cc(151)] Created context:
  extension id:           (none)
  frame:                  0000000000000000
  URL:                    
  context_type:           UNSPECIFIED
  effective extension id: (none)
  effective context type: UNSPECIFIED
[32844:10588:0924/071521.902:VERBOSE1:dispatcher.cc(444)] Num tracked contexts: 1
[22360:29432:0924/071522.058:ERROR:device_event_log_impl.cc(196)] [07:15:20.741] USB: usb_service_win.cc:105 SetupDiGetDeviceProperty({{A45C254E-DF1C-4EFD-8020-67D146A850E0}, 6}) failed: Element not found. (0x490)
[27820:3052:0924/071522.157:VERBOSE1:logging_network_change_observer.cc(90)] Observed a change to the network IP addresses
[32844:10588:0924/071522.419:VERBOSE1:frame_impl.cc(620)] frame 6-7A39568BDDDA85B1CB188CC4327F2DF4 disconnected (reason=BROWSER_FRAME_DISCONNECT, current_state=CONNECTION_PENDING)
[32844:10588:0924/071522.419:VERBOSE1:frame_impl.cc(633)] frame 6-7A39568BDDDA85B1CB188CC4327F2DF4 connection retry scheduled
[22360:29432:0924/071522.422:VERBOSE1:frame_host_impl.cc(568)] frame 6-7A39568BDDDA85B1CB188CC4327F2DF4 (main) detached (reason=RENDER_FRAME_CHANGED, is_connected=0)
[22360:29432:0924/071522.422:VERBOSE1:frame_host_impl.cc(515)] frame 5-8C88602C6CDBDA5D96EC2C6FEFE21EA0 (main) detached (reason=NEW_MAIN_FRAME, is_connected=1)
[10140:30480:0924/071522.422:VERBOSE1:frame_impl.cc(620)] frame 5-8C88602C6CDBDA5D96EC2C6FEFE21EA0 disconnected (reason=BROWSER_FRAME_DETACHED, current_state=CONNECTION_ACKED)
[22360:29432:0924/071522.422:VERBOSE1:back_forward_cache_impl.cc(725)] BackForwardCacheImpl::GetCurrentBackForwardCacheEligibility:  : No: HTTP status is not OK, scheme is not HTTP or HTTPS
[20112:19404:0924/071522.424:VERBOSE1:video_capture_oracle.cc(91)] Capture size auto-throttling is now enabled.
[20112:19404:0924/071522.424:VERBOSE1:video_capture_oracle.cc(120)] Capture size auto-throttling is now disabled.
[20112:19404:0924/071522.424:VERBOSE1:capture_resolution_chooser.cc(205)] Recomputed snapped frame sizes: 1x1
[20112:19404:0924/071522.424:VERBOSE1:capture_resolution_chooser.cc(157)] Recomputed capture size from 640x360 to 1x1 (100% of ideal size)
[10140:30480:0924/071522.454:VERBOSE1:dispatcher.cc(596)] Num tracked contexts: 0
[10140:30480:0924/071522.493:VERBOSE1:frame_impl.cc(620)] frame 5-8C88602C6CDBDA5D96EC2C6FEFE21EA0 disconnected (reason=DETACHED, current_state=DISCONNECTED, FRAME_INVALID)
[10140:30480:0924/071522.493:WARNING:frame_impl.cc(430)] virtual CefFrameImpl::SendProcessMessage sent to detached frame 5-8C88602C6CDBDA5D96EC2C6FEFE21EA0 will be ignored
[10140:30480:0924/071522.568:VERBOSE1:script_context.cc(164)] Destroyed context for extension
  extension id: 
  effective extension id: 
[10140:30480:0924/071522.568:VERBOSE1:script_context.cc(164)] Destroyed context for extension
  extension id: 
  effective extension id: 
[22360:29432:0924/071522.647:VERBOSE1:mutable_profile_oauth2_token_service_delegate.cc(312)] MutablePO2TS::RefreshTokenIsAvailable
[27820:3052:0924/071522.733:VERBOSE1:network_delegate.cc(36)] NetworkDelegate::NotifyBeforeURLRequest: https://assets.unrealengine.com/cosmos-website-605e9cb/_next/static/media/83afe278b6a6bb3c-s.p.2bn3s6zvc0dyp.woff2
[27820:3052:0924/071523.165:VERBOSE1:logging_network_change_observer.cc(100)] Observed a change to network connectivity state CONNECTION_WIFI
[27820:3052:0924/071523.725:VERBOSE1:network_delegate.cc(36)] NetworkDelegate::NotifyBeforeURLRequest: https://assets.unrealengine.com/cosmos-website-605e9cb/_next/static/chunks/331664r53nfq2.js
[27820:3052:0924/071523.726:VERBOSE1:network_delegate.cc(36)] NetworkDelegate::NotifyBeforeURLRequest: https://assets.unrealengine.com/cosmos-website-605e9cb/_next/static/chunks/3mfgkff5rva8d.js
[27820:3052:0924/071523.726:VERBOSE1:network_delegate.cc(36)] NetworkDelegate::NotifyBeforeURLRequest: https://assets.unrealengine.com/cosmos-website-605e9cb/_next/static/chunks/1ge-qjr16y2dl.js
[27820:3052:0924/071523.726:VERBOSE1:network_delegate.cc(36)] NetworkDelegate::NotifyBeforeURLRequest: https://assets.unrealengine.com/cosmos-website-605e9cb/_next/static/chunks/1m7-uryzvrkn1.js
[27820:3052:0924/071523.726:VERBOSE1:network_delegate.cc(36)] NetworkDelegate::NotifyBeforeURLRequest: https://assets.unrealengine.com/cosmos-website-605e9cb/_next/static/chunks/27d0g9frn4i-3.js
[27820:3052:0924/071523.726:VERBOSE1:network_delegate.cc(36)] NetworkDelegate::NotifyBeforeURLRequest: https://assets.unrealengine.com/cosmos-website-605e9cb/_next/static/chunks/009w76cvng8eq.js
[27820:3052:0924/071523.726:VERBOSE1:network_delegate.cc(36)] NetworkDelegate::NotifyBeforeURLRequest: https://assets.unrealengine.com/cosmos-website-605e9cb/_next/static/chunks/1o02in1d6kp_4.js
[27820:3052:0924/071523.726:VERBOSE1:network_delegate.cc(36)] NetworkDelegate::NotifyBeforeURLRequest: https://assets.unrealengine.com/cosmos-website-605e9cb/_next/static/chunks/1w13pv0ca4uf2.js
[27820:3052:0924/071523.726:VERBOSE1:network_delegate.cc(36)] NetworkDelegate::NotifyBeforeURLRequest: https://assets.unrealengine.com/cosmos-website-605e9cb/_next/static/chunks/0arvk-i0l7v5z.js
[27820:3052:0924/071523.726:VERBOSE1:network_delegate.cc(36)] NetworkDelegate::NotifyBeforeURLRequest: https://assets.unrealengine.com/cosmos-website-605e9cb/_next/static/chunks/07533la3mvqgs.js
[27820:3052:0924/071523.726:VERBOSE1:network_delegate.cc(36)] NetworkDelegate::NotifyBeforeURLRequest: https://assets.unrealengine.com/cosmos-website-605e9cb/_next/static/chunks/3qc2552hr19lg.js
[27820:3052:0924/071523.726:VERBOSE1:network_delegate.cc(36)] NetworkDelegate::NotifyBeforeURLRequest: https://assets.unrealengine.com/cosmos-website-605e9cb/_next/static/chunks/1h3aa67i8u9nu.js
[27820:3052:0924/071523.726:VERBOSE1:network_delegate.cc(36)] NetworkDelegate::NotifyBeforeURLRequest: https://assets.unrealengine.com/cosmos-website-605e9cb/_next/static/chunks/0t81t6xfqb118.js
[27820:3052:0924/071523.726:VERBOSE1:network_delegate.cc(36)] NetworkDelegate::NotifyBeforeURLRequest: https://assets.unrealengine.com/cosmos-website-605e9cb/_next/static/chunks/3_f0ui3a87nmp.js
[27820:3052:0924/071523.726:VERBOSE1:network_delegate.cc(36)] NetworkDelegate::NotifyBeforeURLRequest: https://assets.unrealengine.com/cosmos-website-605e9cb/_next/static/chunks/0gu_unfw6a1wy.js
[32844:10588:0924/071523.750:VERBOSE1:frame_impl.cc(480)] frame 6-7A39568BDDDA85B1CB188CC4327F2DF4 connection request (reason=RETRY 1/3)
[27820:3052:0924/071524.393:VERBOSE1:network_delegate.cc(36)] NetworkDelegate::NotifyBeforeURLRequest: https://assets.unrealengine.com/cosmos-website-605e9cb/_next/static/chunks/369ipy6vnlx7a.css
[22360:29432:0924/071524.393:VERBOSE1:device_event_log_impl.cc(198)] [07:15:24.393] USB: DEBUG: usb_device_handle_win.cc:1057 Failed to read descriptor from node connection: A device attached to the system is not functioning. (0x1F)
[27820:3052:0924/071524.395:VERBOSE1:network_delegate.cc(36)] NetworkDelegate::NotifyBeforeURLRequest: https://assets.unrealengine.com/cosmos-website-605e9cb/_next/static/chunks/22km0u0krs6_q.css
[27820:3052:0924/071524.395:VERBOSE1:network_delegate.cc(36)] NetworkDelegate::NotifyBeforeURLRequest: https://assets.unrealengine.com/cosmos-website-605e9cb/_next/static/chunks/2zb85hv_t3n39.css
[27820:3052:0924/071524.395:VERBOSE1:network_delegate.cc(36)] NetworkDelegate::NotifyBeforeURLRequest: https://assets.unrealengine.com/cosmos-website-605e9cb/_next/static/chunks/3djmbajxiswhj.css
[27820:3052:0924/071524.395:VERBOSE1:network_delegate.cc(36)] NetworkDelegate::NotifyBeforeURLRequest: https://assets.unrealengine.com/cosmos-website-605e9cb/_next/static/chunks/1jo4-5z39mgdb.css
[22360:29432:0924/071524.395:VERBOSE1:browser_info_manager.cc(524)] frame 6-7A39568BDDDA85B1CB188CC4327F2DF4, pdf_process=0, browser_process_guest=0, print_preview_dialog=0, main=1
[22360:29432:0924/071524.395:VERBOSE1:frame_host_impl.cc(683)] frame 6-7A39568BDDDA85B1CB188CC4327F2DF4 (main) reconnected
[27820:3052:0924/071524.395:VERBOSE1:network_delegate.cc(36)] NetworkDelegate::NotifyBeforeURLRequest: https://assets.unrealengine.com/cosmos-website-605e9cb/_next/static/chunks/2bfvykc2l68vj.css
[27820:3052:0924/071524.396:VERBOSE1:network_delegate.cc(36)] NetworkDelegate::NotifyBeforeURLRequest: https://assets.unrealengine.com/cosmos-website-605e9cb/_next/static/chunks/2_hmsnii5wmwt.css
[27820:3052:0924/071524.396:VERBOSE1:network_delegate.cc(36)] NetworkDelegate::NotifyBeforeURLRequest: https://assets.unrealengine.com/cosmos-website-605e9cb/_next/static/chunks/3qkkk0hijvx31.css
[27820:3052:0924/071524.396:VERBOSE1:network_delegate.cc(36)] NetworkDelegate::NotifyBeforeURLRequest: https://assets.unrealengine.com/cosmos-website-605e9cb/_next/static/chunks/0i_-g1hu07f3j.css
[27820:3052:0924/071524.396:VERBOSE1:network_delegate.cc(36)] NetworkDelegate::NotifyBeforeURLRequest: https://assets.unrealengine.com/cosmos-website-605e9cb/_next/static/chunks/2sok-r8ao6jm-.css
[27820:3052:0924/071524.396:VERBOSE1:network_delegate.cc(36)] NetworkDelegate::NotifyBeforeURLRequest: https://assets.unrealengine.com/cosmos-website-605e9cb/_next/static/chunks/2q2xt246q808f.css
[27820:3052:0924/071524.397:VERBOSE1:network_delegate.cc(36)] NetworkDelegate::NotifyBeforeURLRequest: https://assets.unrealengine.com/cosmos-website-605e9cb/_next/static/chunks/0eqnskqvf80c5.css
[27820:3052:0924/071524.397:VERBOSE1:network_delegate.cc(36)] NetworkDelegate::NotifyBeforeURLRequest: https://assets.unrealengine.com/cosmos-website-605e9cb/_next/static/chunks/30zeym56nqf1z.css
[27820:3052:0924/071524.397:VERBOSE1:network_delegate.cc(36)] NetworkDelegate::NotifyBeforeURLRequest: https://assets.unrealengine.com/cosmos-website-605e9cb/_next/static/chunks/2z-oiwo3dkbic.css
[27820:3052:0924/071524.397:VERBOSE1:network_delegate.cc(36)] NetworkDelegate::NotifyBeforeURLRequest: https://assets.unrealengine.com/cosmos-website-605e9cb/_next/static/chunks/1eyb3l8v1in-p.css
[27820:3052:0924/071524.397:VERBOSE1:network_delegate.cc(36)] NetworkDelegate::NotifyBeforeURLRequest: https://assets.unrealengine.com/cosmos-website-605e9cb/_next/static/chunks/27cym5wkw62ph.css
[27820:3052:0924/071524.397:VERBOSE1:network_delegate.cc(36)] NetworkDelegate::NotifyBeforeURLRequest: https://assets.unrealengine.com/cosmos-website-605e9cb/_next/static/chunks/2jgg_jvrc9mu4.css
[27820:3052:0924/071524.397:VERBOSE1:network_delegate.cc(36)] NetworkDelegate::NotifyBeforeURLRequest: https://assets.unrealengine.com/cosmos-website-605e9cb/_next/static/chunks/13qlpck9y3tu5.css
[27820:3052:0924/071524.397:VERBOSE1:network_delegate.cc(36)] NetworkDelegate::NotifyBeforeURLRequest: https://assets.unrealengine.com/cosmos-website-605e9cb/_next/static/chunks/1a5ejinekx3w0.css
[27820:3052:0924/071524.398:VERBOSE1:network_delegate.cc(36)] NetworkDelegate::NotifyBeforeURLRequest: https://components.unrealengine.com/styles/navigation.css
[27820:3052:0924/071524.398:VERBOSE1:network_delegate.cc(36)] NetworkDelegate::NotifyBeforeURLRequest: https://assets.unrealengine.com/cosmos-website-605e9cb/_next/static/chunks/04-xm2v7_is0u.js
[27820:3052:0924/071524.398:VERBOSE1:network_delegate.cc(36)] NetworkDelegate::NotifyBeforeURLRequest: https://assets.unrealengine.com/cosmos-website-605e9cb/_next/static/chunks/1-4_5-h-qat_0.js
[27820:3052:0924/071524.398:VERBOSE1:network_delegate.cc(36)] NetworkDelegate::NotifyBeforeURLRequest: https://assets.unrealengine.com/cosmos-website-605e9cb/_next/static/chunks/3h3gikyamiedl.js
[27820:3052:0924/071524.398:VERBOSE1:network_delegate.cc(36)] NetworkDelegate::NotifyBeforeURLRequest: https://assets.unrealengine.com/cosmos-website-605e9cb/_next/static/chunks/44hi5vd0klvbc.js
[27820:3052:0924/071524.398:VERBOSE1:network_delegate.cc(36)] NetworkDelegate::NotifyBeforeURLRequest: https://assets.unrealengine.com/cosmos-website-605e9cb/_next/static/chunks/31w4c1rwhus_t.js
[27820:3052:0924/071524.399:VERBOSE1:network_delegate.cc(36)] NetworkDelegate::NotifyBeforeURLRequest: https://assets.unrealengine.com/cosmos-website-605e9cb/_next/static/chunks/turbopack-2k2zg0f9ai_tj.js
[27820:3052:0924/071524.399:VERBOSE1:network_delegate.cc(36)] NetworkDelegate::NotifyBeforeURLRequest: https://editor.unrealengine.com/tracking-api/tracking.js?l=en-US&version=00c01befc76129a6e3f2d8be589ed7c65f502958
[27820:3052:0924/071524.399:VERBOSE1:network_delegate.cc(36)] NetworkDelegate::NotifyBeforeURLRequest: https://js.hcaptcha.com/1/api.js?render=explicit&uj=true
[27820:3052:0924/071524.478:VERBOSE1:tls_handshaker.cc(105)] TlsClient: Continuing handshake
[27820:3052:0924/071524.493:VERBOSE1:tls_handshaker.cc(105)] TlsClient: Continuing handshake
[27820:3052:0924/071524.493:VERBOSE1:tls_handshaker.cc(105)] TlsClient: Continuing handshake
[27820:3052:0924/071524.494:VERBOSE1:tls_handshaker.cc(105)] TlsClient: Continuing handshake
[27820:3052:0924/071524.498:VERBOSE1:tls_handshaker.cc(105)] TlsClient: Continuing handshake
[27820:3052:0924/071524.499:VERBOSE1:tls_client_handshaker.cc(528)] Client: handshake finished
[27820:3052:0924/071524.536:VERBOSE1:tls_handshaker.cc(105)] TlsClient: Continuing handshake
[27820:3052:0924/071524.592:VERBOSE1:tls_handshaker.cc(105)] TlsClient: Continuing handshake
[27820:3052:0924/071524.593:VERBOSE1:tls_handshaker.cc(105)] TlsClient: Continuing handshake
[27820:3052:0924/071524.596:VERBOSE1:tls_handshaker.cc(105)] TlsClient: Continuing handshake
[27820:3052:0924/071524.596:VERBOSE1:tls_handshaker.cc(105)] TlsClient: Continuing handshake
[27820:3052:0924/071524.672:VERBOSE1:logging_network_change_observer.cc(113)] Observed a network change to state CONNECTION_NONE
[27820:3052:0924/071524.672:VERBOSE1:logging_network_change_observer.cc(113)] Observed a network change to state CONNECTION_WIFI
[22360:29432:0924/071524.724:VERBOSE1:device_event_log_impl.cc(198)] [07:15:24.725] USB: USER: usb_service_win.cc:762 USB device added: path=\\?\usb#vid_0bda&pid_8922#00e04c885a01#{a5dcbf10-6530-11d2-901f-00c04fb951ed} vendor=3034 "", product=35106 "", serial="00E04C885A01", driver="BTHUSB", guid=503418b3-3bc5-43ee-ba50-2b9199fececb
[22360:29432:0924/071524.725:VERBOSE1:device_event_log_impl.cc(198)] [07:15:24.725] USB: USER: usb_service_win.cc:762 USB device added: path=\\?\usb#vid_048d&pid_5711#8&6c00884&0&11#{a5dcbf10-6530-11d2-901f-00c04fb951ed} vendor=1165 "ITE Tech. Inc.", product=22289 "GIGABYTE Device ", serial="", driver="usbccgp", guid=1ae777f7-f2d5-4ac0-837b-1dd84be8a39b
[22360:29432:0924/071524.725:VERBOSE1:browser_info_manager.cc(524)] frame 6-7A39568BDDDA85B1CB188CC4327F2DF4, pdf_process=0, browser_process_guest=0, print_preview_dialog=0, main=1
[27820:3052:0924/071524.726:VERBOSE1:network_delegate.cc(36)] NetworkDelegate::NotifyBeforeURLRequest: https://editor.unrealengine.com/tracking-api/v/00c01befc76129a6e3f2d8be589ed7c65f502958/tracking.js
[27820:3052:0924/071524.726:VERBOSE1:tls_handshaker.cc(105)] TlsClient: Continuing handshake
[27820:3052:0924/071524.726:VERBOSE1:tls_client_handshaker.cc(528)] Client: handshake finished
[22360:29432:0924/071525.058:VERBOSE1:device_event_log_impl.cc(198)] [07:15:25.058] USB: USER: usb_service_win.cc:762 USB device added: path=\\?\usb#vid_31e3&pid_1232#a02b2312w042h03621#{a5dcbf10-6530-11d2-901f-00c04fb951ed} vendor=12771 "Wooting", product=4658 "Wooting Two HE (ARM)", serial="A02B2312W042H03621", driver="usbccgp", guid=0ae1aa29-af9a-442a-b738-a4257ef32166
[22360:29432:0924/071525.058:VERBOSE1:device_event_log_impl.cc(198)] [07:15:25.058] USB: USER: usb_service_win.cc:762 USB device added: path=\\?\usb#vid_046d&pid_c08b#127833663233#{a5dcbf10-6530-11d2-901f-00c04fb951ed} vendor=1133 "Logitech", product=49291 "G502 HERO Gaming Mouse", serial="127833663233", driver="usbccgp", guid=98768a32-24c9-4ec1-b1a1-c5e70b60dd01
[22360:29432:0924/071525.058:VERBOSE1:device_event_log_impl.cc(198)] [07:15:25.058] USB: USER: usb_service_win.cc:762 USB device added: path=\\?\usb#vid_1532&pid_0565#0000000000000000#{a5dcbf10-6530-11d2-901f-00c04fb951ed} vendor=5426 "MediaTek Inc", product=1381 "Razer BlackShark V2 HS 2.4", serial="0000000000000000", driver="usbccgp", guid=86936fb8-e8cd-4a12-8d40-bea12d47b3a8
[20112:19404:0924/071526.060:VERBOSE1:capture_resolution_chooser.cc(205)] Recomputed snapped frame sizes: 1x1
[27820:3052:0924/071526.725:VERBOSE1:network_delegate.cc(36)] NetworkDelegate::NotifyBeforeURLRequest: https://assets.unrealengine.com/cosmos-website-605e9cb/_next/static/media/Inter-Regular.1plip2iltmmq0.woff2
[27820:3052:0924/071526.725:VERBOSE1:network_delegate.cc(36)] NetworkDelegate::NotifyBeforeURLRequest: https://assets.unrealengine.com/cosmos-website-605e9cb/_next/static/media/InterTight-Bold.1_l5twpyvv0gu.woff2
[27820:3052:0924/071526.725:VERBOSE1:network_delegate.cc(36)] NetworkDelegate::NotifyBeforeURLRequest: https://assets.unrealengine.com/cosmos-website-605e9cb/_next/static/media/Inter-Bold.0q6si_uqyck6j.woff2
[27820:3052:0924/071526.725:VERBOSE1:network_delegate.cc(36)] NetworkDelegate::NotifyBeforeURLRequest: https://assets.unrealengine.com/cosmos-website-605e9cb/_next/static/media/Inter-Medium.1j5i7qtw1myl-.woff2
[32844:10588:0924/071526.843:VERBOSE1:frame_impl.cc(480)] frame 6-ECEDE9B641794D9BFA8BCBFDB198566F connection request (reason=RENDER_FRAME_CREATED)
[32844:10588:0924/071526.844:VERBOSE1:script_context.cc(151)] Created context:
  extension id:           (none)
  frame:                  00006A8C007943C0
  URL:                    
  context_type:           WEB_PAGE
  effective extension id: (none)
  effective context type: WEB_PAGE
[32844:10588:0924/071526.844:VERBOSE1:script_context.cc(151)] Created context:
  extension id:           (none)
  frame:                  0000000000000000
  URL:                    
  context_type:           UNSPECIFIED
  effective extension id: (none)
  effective context type: UNSPECIFIED
[32844:10588:0924/071526.844:VERBOSE1:dispatcher.cc(444)] Num tracked contexts: 2
[22360:29432:0924/071527.061:VERBOSE1:frame_host_impl.cc(568)] frame 6-ECEDE9B641794D9BFA8BCBFDB198566F (sub) detached (reason=RENDER_FRAME_CHANGED, is_connected=0)
[27820:3052:0924/071527.391:VERBOSE1:network_delegate.cc(36)] NetworkDelegate::NotifyBeforeURLRequest: https://b802713456cb.w.hcaptcha.com/logo.png
[22360:29432:0924/071527.724:VERBOSE1:browser_info_manager.cc(524)] frame 6-ECEDE9B641794D9BFA8BCBFDB198566F, pdf_process=0, browser_process_guest=0, print_preview_dialog=0, main=0
[22360:29432:0924/071527.724:VERBOSE1:frame_host_impl.cc(683)] frame 6-ECEDE9B641794D9BFA8BCBFDB198566F (sub) connected
[27820:3052:0924/071527.725:VERBOSE1:network_delegate.cc(36)] NetworkDelegate::NotifyBeforeURLRequest: https://editor.unrealengine.com/tracking-api/init
[22360:23888:0924/071528.057:VERBOSE1:mdns_client_impl.cc(201)] Sockets ready:2
[22360:29432:0924/071529.398:VERBOSE1:service_discovery_device_lister.cc(54)] OnServiceUpdated: service_type: _googlecast._tcp.local, service_name: , update: 3
[22360:29432:0924/071529.398:VERBOSE1:service_discovery_device_lister.cc(42)] DiscoverNewDevices: service_type: _googlecast._tcp.local
[22360:29432:0924/071529.398:VERBOSE1:service_discovery_device_lister.cc(42)] DiscoverNewDevices: service_type: _googlecast._tcp.local
[22360:29432:0924/071529.399:INFO:CONSOLE(103)] "auth [object Object]", source: https://assets.unrealengine.com/cosmos-website-605e9cb/_next/static/chunks/009w76cvng8eq.js (103)
[22360:29432:0924/071529.399:VERBOSE1:browser_info_manager.cc(524)] frame 6-7A39568BDDDA85B1CB188CC4327F2DF4, pdf_process=0, browser_process_guest=0, print_preview_dialog=0, main=1
[22360:29432:0924/071529.399:VERBOSE1:browser_info_manager.cc(524)] frame 6-7A39568BDDDA85B1CB188CC4327F2DF4, pdf_process=0, browser_process_guest=0, print_preview_dialog=0, main=1
[27820:3052:0924/071529.399:VERBOSE1:network_delegate.cc(36)] NetworkDelegate::NotifyBeforeURLRequest: https://editor.unrealengine.com/cosmos/static/favicons/editor/site.webmanifest
[27820:3052:0924/071529.399:VERBOSE1:network_delegate.cc(36)] NetworkDelegate::NotifyBeforeURLRequest: https://editor.unrealengine.com/cdn-cgi/challenge-platform/scripts/jsd/main.js
[27820:3052:0924/071529.400:VERBOSE1:tls_handshaker.cc(105)] TlsClient: Continuing handshake
[27820:3052:0924/071529.418:VERBOSE1:tls_handshaker.cc(105)] TlsClient: Continuing handshake
[27820:3052:0924/071529.418:VERBOSE1:tls_handshaker.cc(105)] TlsClient: Continuing handshake
[27820:3052:0924/071529.418:VERBOSE1:tls_handshaker.cc(105)] TlsClient: Continuing handshake
[27820:3052:0924/071529.419:VERBOSE1:tls_handshaker.cc(105)] TlsClient: Continuing handshake
[27820:3052:0924/071529.419:VERBOSE1:tls_client_handshaker.cc(528)] Client: handshake finished
[27820:3052:0924/071529.725:VERBOSE1:network_delegate.cc(36)] NetworkDelegate::NotifyBeforeURLRequest: https://editor.unrealengine.com/api/cosmos/auth
[27820:3052:0924/071529.725:VERBOSE1:network_delegate.cc(36)] NetworkDelegate::NotifyBeforeURLRequest: https://editor.unrealengine.com/tracking-api/track.png?referringUrl=none&location=https%3A%2F%2Feditor.unrealengine.com%2Fget-started-with-unreal-engine&now=1790248528129&eventType=pageView&l=en-US
[27820:3052:0924/071529.725:VERBOSE1:network_delegate.cc(36)] NetworkDelegate::NotifyBeforeURLRequest: https://assets.unrealengine.com/cosmos-website-605e9cb/_next/static/chunks/2gc58s5oyqfpz.js
[27820:3052:0924/071529.726:VERBOSE1:network_delegate.cc(36)] NetworkDelegate::NotifyBeforeURLRequest: https://assets.unrealengine.com/cosmos-website-605e9cb/_next/static/chunks/2grb9cckyp0p0.js
[27820:3052:0924/071530.059:VERBOSE1:network_delegate.cc(36)] NetworkDelegate::NotifyBeforeURLRequest: https://editor.unrealengine.com/cdn-cgi/challenge-platform/h/b/scripts/jsd/d76008a69eab/main.js?
[32844:10588:0924/071530.076:VERBOSE1:frame_impl.cc(480)] frame 6-9FA19090761F97FE7561E85EC4D945E1 connection request (reason=RENDER_FRAME_CREATED)
[32844:10588:0924/071530.078:VERBOSE1:script_context.cc(151)] Created context:
  extension id:           (none)
  frame:                  00006A8C00A54ED0
  URL:                    
  context_type:           WEB_PAGE
  effective extension id: (none)
  effective context type: WEB_PAGE
[32844:10588:0924/071530.078:VERBOSE1:script_context.cc(151)] Created context:
  extension id:           (none)
  frame:                  0000000000000000
  URL:                    
  context_type:           UNSPECIFIED
  effective extension id: (none)
  effective context type: UNSPECIFIED
[32844:10588:0924/071530.078:VERBOSE1:dispatcher.cc(444)] Num tracked contexts: 3
[22360:29432:0924/071530.391:VERBOSE1:frame_host_impl.cc(568)] frame 6-9FA19090761F97FE7561E85EC4D945E1 (sub) detached (reason=RENDER_FRAME_CHANGED, is_connected=0)
[22360:29432:0924/071530.392:VERBOSE1:browser_info_manager.cc(524)] frame 6-9FA19090761F97FE7561E85EC4D945E1, pdf_process=0, browser_process_guest=0, print_preview_dialog=0, main=0
[22360:29432:0924/071530.392:VERBOSE1:frame_host_impl.cc(683)] frame 6-9FA19090761F97FE7561E85EC4D945E1 (sub) connected
[32844:10588:0924/071530.412:VERBOSE1:dispatcher.cc(596)] Num tracked contexts: 2
[32844:10588:0924/071530.412:VERBOSE1:frame_impl.cc(620)] frame 6-9FA19090761F97FE7561E85EC4D945E1 disconnected (reason=DETACHED, current_state=CONNECTION_PENDING, FRAME_INVALID)
[32844:10588:0924/071530.460:VERBOSE1:script_context.cc(164)] Destroyed context for extension
  extension id: 
  effective extension id: 
[32844:10588:0924/071530.460:VERBOSE1:script_context.cc(164)] Destroyed context for extension
  extension id: 
  effective extension id: 
[22360:29432:0924/071530.725:VERBOSE1:browser_info_manager.cc(524)] frame 6-7A39568BDDDA85B1CB188CC4327F2DF4, pdf_process=0, browser_process_guest=0, print_preview_dialog=0, main=1
[22360:29432:0924/071530.725:VERBOSE1:frame_host_impl.cc(515)] frame 6-9FA19090761F97FE7561E85EC4D945E1 (sub) detached (reason=RENDER_FRAME_DELETED, is_connected=0)
[22360:29432:0924/071530.726:VERBOSE1:browser_info_manager.cc(524)] frame 6-7A39568BDDDA85B1CB188CC4327F2DF4, pdf_process=0, browser_process_guest=0, print_preview_dialog=0, main=1
[27820:3052:0924/071531.058:VERBOSE1:network_delegate.cc(36)] NetworkDelegate::NotifyBeforeURLRequest: https://editor.unrealengine.com/cdn-cgi/challenge-platform/h/b/jsd/oneshot/d76008a69eab/0.11694023899246941:1790244030:_QLuHYZHuRWWynUNWVxXhvIeKzFzBCtRL1L9Z8W__7U/a4015ef1bac5cee3
[27820:3052:0924/071531.118:VERBOSE1:url_loader.cc(1863)] Will sniff content for mime type: https://editor.unrealengine.com/cdn-cgi/challenge-platform/h/b/jsd/oneshot/d76008a69eab/0.11694023899246941:1790244030:_QLuHYZHuRWWynUNWVxXhvIeKzFzBCtRL1L9Z8W__7U/a4015ef1bac5cee3
[27820:3052:0924/071533.391:VERBOSE1:network_delegate.cc(36)] NetworkDelegate::NotifyBeforeURLRequest: https://editor.unrealengine.com/api/cosmos/metrics
[27820:3052:0924/071616.732:VERBOSE1:tls_handshaker.cc(105)] TlsClient: Continuing handshake
[27820:3052:0924/071616.732:VERBOSE1:tls_handshaker.cc(126)] TlsClient: SSL_do_handshake returned when entering early data. After retry, rv=-1, SSL_in_early_data=1
[27820:3052:0924/071616.742:VERBOSE1:tls_handshaker.cc(105)] TlsClient: Continuing handshake
[27820:3052:0924/071616.742:VERBOSE1:tls_handshaker.cc(105)] TlsClient: Continuing handshake
[27820:3052:0924/071616.742:VERBOSE1:tls_client_handshaker.cc(528)] Client: handshake finished
[27820:3052:0924/071717.069:VERBOSE1:tls_handshaker.cc(105)] TlsClient: Continuing handshake
[27820:3052:0924/071717.070:VERBOSE1:tls_handshaker.cc(126)] TlsClient: SSL_do_handshake returned when entering early data. After retry, rv=-1, SSL_in_early_data=1
[27820:3052:0924/071717.135:VERBOSE1:tls_handshaker.cc(105)] TlsClient: Continuing handshake
[27820:3052:0924/071717.135:VERBOSE1:tls_handshaker.cc(105)] TlsClient: Continuing handshake
[27820:3052:0924/071717.135:VERBOSE1:tls_client_handshaker.cc(528)] Client: handshake finished
[27820:3052:0924/071737.154:VERBOSE1:logging_network_change_observer.cc(90)] Observed a change to the network IP addresses
[27820:3052:0924/071738.174:VERBOSE1:logging_network_change_observer.cc(100)] Observed a change to network connectivity state CONNECTION_WIFI
[27820:3052:0924/071738.677:VERBOSE1:logging_network_change_observer.cc(113)] Observed a network change to state CONNECTION_NONE
[27820:3052:0924/071738.677:VERBOSE1:logging_network_change_observer.cc(113)] Observed a network change to state CONNECTION_WIFI
[22360:23888:0924/071742.071:VERBOSE1:mdns_client_impl.cc(201)] Sockets ready:2
[22360:29432:0924/071742.404:VERBOSE1:service_discovery_device_lister.cc(54)] OnServiceUpdated: service_type: _googlecast._tcp.local, service_name: , update: 3
[22360:29432:0924/071742.405:VERBOSE1:service_discovery_device_lister.cc(42)] DiscoverNewDevices: service_type: _googlecast._tcp.local
[22360:29432:0924/071742.405:VERBOSE1:service_discovery_device_lister.cc(42)] DiscoverNewDevices: service_type: _googlecast._tcp.local
[27820:3052:0924/072037.661:VERBOSE1:logging_network_change_observer.cc(90)] Observed a change to the network IP addresses
[27820:3052:0924/072038.686:VERBOSE1:logging_network_change_observer.cc(100)] Observed a change to network connectivity state CONNECTION_WIFI
[27820:3052:0924/072039.189:VERBOSE1:logging_network_change_observer.cc(113)] Observed a network change to state CONNECTION_NONE
[27820:3052:0924/072039.189:VERBOSE1:logging_network_change_observer.cc(113)] Observed a network change to state CONNECTION_WIFI
[22360:23888:0924/072042.757:VERBOSE1:mdns_client_impl.cc(201)] Sockets ready:2
[22360:29432:0924/072043.089:VERBOSE1:service_discovery_device_lister.cc(54)] OnServiceUpdated: service_type: _googlecast._tcp.local, service_name: , update: 3
[22360:29432:0924/072043.089:VERBOSE1:service_discovery_device_lister.cc(42)] DiscoverNewDevices: service_type: _googlecast._tcp.local
[22360:29432:0924/072043.089:VERBOSE1:service_discovery_device_lister.cc(42)] DiscoverNewDevices: service_type: _googlecast._tcp.local
[27820:3052:0924/072146.167:VERBOSE1:logging_network_change_observer.cc(90)] Observed a change to the network IP addresses
[27820:3052:0924/072147.177:VERBOSE1:logging_network_change_observer.cc(100)] Observed a change to network connectivity state CONNECTION_WIFI
[27820:3052:0924/072147.681:VERBOSE1:logging_network_change_observer.cc(113)] Observed a network change to state CONNECTION_NONE
[27820:3052:0924/072147.681:VERBOSE1:logging_network_change_observer.cc(113)] Observed a network change to state CONNECTION_WIFI
[22360:23888:0924/072151.097:VERBOSE1:mdns_client_impl.cc(201)] Sockets ready:2
[22360:29432:0924/072151.430:VERBOSE1:service_discovery_device_lister.cc(54)] OnServiceUpdated: service_type: _googlecast._tcp.local, service_name: , update: 3
[22360:29432:0924/072151.430:VERBOSE1:service_discovery_device_lister.cc(42)] DiscoverNewDevices: service_type: _googlecast._tcp.local
[22360:29432:0924/072151.430:VERBOSE1:service_discovery_device_lister.cc(42)] DiscoverNewDevices: service_type: _googlecast._tcp.local
[22360:23888:0924/072203.438:VERBOSE1:media_stream_manager.cc(1533)] MSPL::OnSpeedLimitChange({this=00001EFC000B2D40}, {new_limit=83})
[22360:23888:0924/072212.442:VERBOSE1:media_stream_manager.cc(1533)] MSPL::OnSpeedLimitChange({this=00001EFC000B2D40}, {new_limit=84})
[22360:23888:0924/072213.442:VERBOSE1:media_stream_manager.cc(1533)] MSPL::OnSpeedLimitChange({this=00001EFC000B2D40}, {new_limit=85})
[22360:23888:0924/072216.442:VERBOSE1:media_stream_manager.cc(1533)] MSPL::OnSpeedLimitChange({this=00001EFC000B2D40}, {new_limit=84})
[22360:23888:0924/072221.443:VERBOSE1:media_stream_manager.cc(1533)] MSPL::OnSpeedLimitChange({this=00001EFC000B2D40}, {new_limit=85})
[22360:23888:0924/072223.442:VERBOSE1:media_stream_manager.cc(1533)] MSPL::OnSpeedLimitChange({this=00001EFC000B2D40}, {new_limit=100})
[22360:29432:0924/072233.198:VERBOSE1:device_event_log_impl.cc(198)] [07:22:33.198] Display: EVENT: screen_win.cc:893 Displays updated, count: 2
[22360:29432:0924/072233.198:VERBOSE1:device_event_log_impl.cc(198)] [07:22:33.198] Display: EVENT: screen_win.cc:895 Display[3180722329] bounds=[2560,287 1920x1080], workarea=[2560,287 1920x1080], scale=1, rotation=0, panel_rotation=0 external detected
[22360:29432:0924/072233.198:VERBOSE1:device_event_log_impl.cc(198)] [07:22:33.198] Display: EVENT: screen_win.cc:895 Display[3307671459] bounds=[0,0 2560x1440], workarea=[0,0 2560x1392], scale=1, rotation=0, panel_rotation=0 external detected
[22360:23888:0924/072243.458:VERBOSE1:media_stream_manager.cc(1533)] MSPL::OnSpeedLimitChange({this=00001EFC000B2D40}, {new_limit=83})
[22360:23888:0924/072249.460:VERBOSE1:media_stream_manager.cc(1533)] MSPL::OnSpeedLimitChange({this=00001EFC000B2D40}, {new_limit=81})
[22360:23888:0924/072250.780:VERBOSE1:media_stream_manager.cc(1533)] MSPL::OnSpeedLimitChange({this=00001EFC000B2D40}, {new_limit=80})
[22360:23888:0924/072251.780:VERBOSE1:media_stream_manager.cc(1533)] MSPL::OnSpeedLimitChange({this=00001EFC000B2D40}, {new_limit=100})
[22360:29432:0924/072338.863:VERBOSE1:device_event_log_impl.cc(198)] [07:23:38.863] Display: EVENT: screen_win.cc:893 Displays updated, count: 2
[22360:29432:0924/072338.863:VERBOSE1:device_event_log_impl.cc(198)] [07:23:38.863] Display: EVENT: screen_win.cc:895 Display[3180722329] bounds=[2560,287 1920x1080], workarea=[2560,287 1920x1080], scale=1, rotation=0, panel_rotation=0 external detected
[22360:29432:0924/072338.863:VERBOSE1:device_event_log_impl.cc(198)] [07:23:38.863] Display: EVENT: screen_win.cc:895 Display[3307671459] bounds=[0,0 2560x1440], workarea=[0,0 2560x1392], scale=1, rotation=0, panel_rotation=0 external detected
[22360:29432:0924/072345.111:VERBOSE1:frame_host_impl.cc(515)] frame 6-ECEDE9B641794D9BFA8BCBFDB198566F (sub) detached (reason=RENDER_FRAME_DELETED, is_connected=1)
[32844:10588:0924/072345.113:VERBOSE1:dispatcher.cc(596)] Num tracked contexts: 1
[32844:10588:0924/072345.113:VERBOSE1:frame_impl.cc(620)] frame 6-ECEDE9B641794D9BFA8BCBFDB198566F disconnected (reason=DETACHED, current_state=CONNECTION_ACKED, FRAME_INVALID)
[32844:10588:0924/072345.113:VERBOSE1:frame_impl.cc(620)] frame 6-7A39568BDDDA85B1CB188CC4327F2DF4 disconnected (reason=BROWSER_FRAME_DISCONNECT, current_state=CONNECTION_ACKED)
[32844:10588:0924/072345.113:VERBOSE1:frame_impl.cc(633)] frame 6-7A39568BDDDA85B1CB188CC4327F2DF4 connection retry scheduled
[32844:10588:0924/072345.113:VERBOSE1:script_context.cc(164)] Destroyed context for extension
  extension id: 
  effective extension id: 
[32844:10588:0924/072345.113:VERBOSE1:script_context.cc(164)] Destroyed context for extension
  extension id: 
  effective extension id: 
[22360:29432:0924/072345.132:VERBOSE1:frame_host_impl.cc(515)] frame 6-7A39568BDDDA85B1CB188CC4327F2DF4 (main) detached (reason=NEW_MAIN_FRAME, is_connected=1)
[22360:29432:0924/072345.239:VERBOSE1:account_reconcilor.cc(264)] AccountReconcilor::Shutdown
[22360:29432:0924/072345.239:VERBOSE1:account_reconcilor.cc(718)] AccountReconcilor::AbortReconcile: try again later
[22360:29432:0924/072345.239:VERBOSE1:account_reconcilor.cc(827)] AccountReconcilor::CalculateIfMultiloginReconcileIsDone: Error was 
[22360:29432:0924/072345.239:VERBOSE1:account_reconcilor.cc(313)] AccountReconcilor::UnregisterWithIdentityManager
[22360:29432:0924/072345.239:VERBOSE1:account_reconcilor.cc(286)] AccountReconcilor::UnregisterWithContentSettings
[22360:29432:0924/072345.249:VERBOSE1:gaia_cookie_manager_service.cc(628)] GaiaCookieManagerService::CancelAll
[22360:29432:0924/072345.249:VERBOSE1:mutable_profile_oauth2_token_service_delegate.cc(752)] MutablePO2TS::Shutdown
[22360:29432:0924/072345.249:VERBOSE1:mutable_profile_oauth2_token_service_delegate.cc(235)] MutablePO2TS::~MutablePO2TS
[22360:29432:0924/072345.250:VERBOSE1:device_event_log_impl.cc(198)] [07:23:45.250] Bluetooth: EVENT: bluetooth_api.cc:109 BluetoothAPI: Shutdown
[22360:29432:0924/072345.391:VERBOSE1:account_reconcilor.cc(193)] AccountReconcilor::~AccountReconcilor
[22360:29432:0924/072345.392:VERBOSE1:device_event_log_impl.cc(198)] [07:23:45.392] Bluetooth: EVENT: bluetooth_api.cc:95 ~BluetoothAPI: 00001EFC0032A200
[22360:29432:0924/072345.538:VERBOSE1:component_updater_service.cc(180)] CrxUpdateService stopping
[22360:29432:0924/072345.538:WARNING:pref_notifier_impl.cc(41)] Pref observer for media_router.cast_allow_all_ips found at shutdown.
[22360:29432:0924/072345.555:VERBOSE1:statistics_recorder.cc(607)] Collections of all histograms
Histogram: API.StorageAccess.AllowedRequests2 recorded 138 samples, mean = 0.1 (flags = 0x41)
0  ------------------------------------------------------------------------O (131 = 94.9%)
1  ----O                                                                     (7 = 5.1%) {94.9%}
2  ... 

Histogram: API.StorageAccess.DocumentInheritedStorageAccess recorded 7 samples, mean = 0.0 (flags = 0x41)
0  -------O                                                                  (7 = 100.0%)
1  ... 

Histogram: API.StorageAccess.DocumentLoadedWithStorageAccess recorded 7 samples, mean = 0.0 (flags = 0x41)
0  -------O                                                                  (7 = 100.0%)
1  ... 

Histogram: Accessibility.CaptionSettingsLoadedFromSystemSettings recorded 1 samples, mean = 1.0 (flags = 0x41)
0  O                                                                         (0 = 0.0%)
1  -O                                                                        (1 = 100.0%) {0.0%}
2  O                                                                         (0 = 0.0%) {100.0%}

Histogram: Accessibility.ImageLabels2 recorded 1 samples, mean = 0.0 (flags = 0x41)
0  -O                                                                        (1 = 100.0%)
1  ... 

Histogram: Accessibility.LiveCaption.FeatureEnabled2 recorded 1 samples, mean = 1.0 (flags = 0x41)
0  O                                                                         (0 = 0.0%)
1  -O                                                                        (1 = 100.0%) {0.0%}
2  O                                                                         (0 = 0.0%) {100.0%}

Histogram: Accessibility.LiveCaption2 recorded 1 samples, mean = 0.0 (flags = 0x41)
0  -O                                                                        (1 = 100.0%)
1  ... 

Histogram: Accessibility.ManuallyEnabled recorded 1 samples, mean = 0.0 (flags = 0x41)
0  -O                                                                        (1 = 100.0%)
1  ... 

Histogram: Accessibility.WinJAWS recorded 1 samples, mean = 0.0 (flags = 0x41)
0  -O                                                                        (1 = 100.0%)
1  ... 

Histogram: Accessibility.WinNVDA recorded 1 samples, mean = 0.0 (flags = 0x41)
0  -O                                                                        (1 = 100.0%)
1  ... 

Histogram: Accessibility.WinSAToGo recorded 1 samples, mean = 0.0 (flags = 0x41)
0  -O                                                                        (1 = 100.0%)
1  ... 

Histogram: Accessibility.WinScreenReader2 recorded 1 samples, mean = 0.0 (flags = 0x41)
0  -O                                                                        (1 = 100.0%)
1  ... 

Histogram: Accessibility.WinStickyKeys recorded 1 samples, mean = 0.0 (flags = 0x41)
0  -O                                                                        (1 = 100.0%)
1  ... 

Histogram: Accessibility.WinSupernova recorded 1 samples, mean = 0.0 (flags = 0x41)
0  -O                                                                        (1 = 100.0%)
1  ... 

Histogram: Accessibility.WinZoomText recorded 1 samples, mean = 0.0 (flags = 0x41)
0  -O                                                                        (1 = 100.0%)
1  ... 

Histogram: AppBanners.InstallableStatusCode recorded 1 samples (flags = 0x41)
8  -O                                                                        (1 = 100.0%)

Histogram: Apps.PreferredApps.EntryCount recorded 1 samples, mean = 0.0 (flags = 0x41)
0  -O                                                                        (1 = 100.0%)
1  ... 

Histogram: Autofill.Address.IsEnabled.PageLoad recorded 1 samples, mean = 1.0 (flags = 0x41)
0  O                                                                         (0 = 0.0%)
1  -O                                                                        (1 = 100.0%) {0.0%}
2  O                                                                         (0 = 0.0%) {100.0%}

Histogram: Autofill.Address.IsEnabled.PageLoad.SignedOut recorded 1 samples, mean = 1.0 (flags = 0x41)
0  O                                                                         (0 = 0.0%)
1  -O                                                                        (1 = 100.0%) {0.0%}
2  O                                                                         (0 = 0.0%) {100.0%}

Histogram: Autofill.Address.IsEnabled.Startup recorded 1 samples, mean = 1.0 (flags = 0x41)
0  O                                                                         (0 = 0.0%)
1  -O                                                                        (1 = 100.0%) {0.0%}
2  O                                                                         (0 = 0.0%) {100.0%}

Histogram: Autofill.CreditCard.IsEnabled.PageLoad recorded 1 samples, mean = 1.0 (flags = 0x41)
0  O                                                                         (0 = 0.0%)
1  -O                                                                        (1 = 100.0%) {0.0%}
2  O                                                                         (0 = 0.0%) {100.0%}

Histogram: Autofill.CreditCard.IsEnabled.PageLoad.SignedOut recorded 1 samples, mean = 1.0 (flags = 0x41)
0  O                                                                         (0 = 0.0%)
1  -O                                                                        (1 = 100.0%) {0.0%}
2  O                                                                         (0 = 0.0%) {100.0%}

Histogram: Autofill.CreditCard.IsEnabled.Startup recorded 1 samples, mean = 1.0 (flags = 0x41)
0  O                                                                         (0 = 0.0%)
1  -O                                                                        (1 = 100.0%) {0.0%}
2  O                                                                         (0 = 0.0%) {100.0%}

Histogram: Autofill.DOMContentLoadedInOutermostMainFrame recorded 3 samples, mean = 0.3 (flags = 0x41)
0  --O                                                                       (2 = 66.7%)
1  -O                                                                        (1 = 33.3%) {66.7%}
2  O                                                                         (0 = 0.0%) {100.0%}

Histogram: Autofill.ExtractFormUnowned.FieldCount recorded 2 samples, mean = 0.0 (flags = 0x41)
0  --O                                                                       (2 = 100.0%)
1  ... 

Histogram: Autofill.FormForest.GetBrowserFormOfRendererForm.Duration recorded 1 samples, mean = 0.0 (flags = 0x41)
0  -O                                                                        (1 = 100.0%)
1  ... 

Histogram: Autofill.FormForest.UpdateTreeOfRendererForm.Duration recorded 1 samples, mean = 19.0 (flags = 0x41)
0   ... 
16  -O                                                                        (1 = 100.0%) {0.0%}
21  ... 

Histogram: Autofill.FormForest.UpdateTreeOfRendererForm.Visits recorded 1 samples, mean = 2.0 (flags = 0x41)
0  ... 
2  -O                                                                        (1 = 100.0%) {0.0%}
3  ... 

Histogram: Autofill.Funnel.ParsedAsType.Address recorded 6 samples, mean = 0.0 (flags = 0x41)
0  ------O                                                                   (6 = 100.0%)
1  ... 

Histogram: Autofill.Funnel.ParsedAsType.CreditCard recorded 6 samples, mean = 0.0 (flags = 0x41)
0  ------O                                                                   (6 = 100.0%)
1  ... 

Histogram: Autofill.Funnel.ParsedAsType.VirtualCard.StandaloneCvc recorded 6 samples, mean = 0.0 (flags = 0x41)
0  ------O                                                                   (6 = 100.0%)
1  ... 

Histogram: Autofill.IsEnabled.PageLoad recorded 1 samples, mean = 1.0 (flags = 0x41)
0  O                                                                         (0 = 0.0%)
1  -O                                                                        (1 = 100.0%) {0.0%}
2  O                                                                         (0 = 0.0%) {100.0%}

Histogram: Autofill.IsEnabled.PageLoad.SignedOut recorded 1 samples, mean = 1.0 (flags = 0x41)
0  O                                                                         (0 = 0.0%)
1  -O                                                                        (1 = 100.0%) {0.0%}
2  O                                                                         (0 = 0.0%) {100.0%}

Histogram: Autofill.IsEnabled.Startup recorded 1 samples, mean = 1.0 (flags = 0x41)
0  O                                                                         (0 = 0.0%)
1  -O                                                                        (1 = 100.0%) {0.0%}
2  O                                                                         (0 = 0.0%) {100.0%}

Histogram: Autofill.Leipzig.Duplication.NumberOfLocalSupersetProfilesOnStartup recorded 1 samples, mean = 0.0 (flags = 0x41)
0  -O                                                                        (1 = 100.0%)
1  ... 

Histogram: Autofill.NumberOfDriversPerFactory recorded 1 samples, mean = 3.0 (flags = 0x41)
0  ... 
3  -O                                                                        (1 = 100.0%) {0.0%}
4  ... 

Histogram: Autofill.Offer.StoredOfferCount2.CardLinkedOffer recorded 1 samples, mean = 0.0 (flags = 0x41)
0  -O                                                                        (1 = 100.0%)
1  ... 

Histogram: Autofill.Offer.StoredOfferCount2.GPayPromoCodeOffer recorded 1 samples, mean = 0.0 (flags = 0x41)
0  -O                                                                        (1 = 100.0%)
1  ... 

Histogram: Autofill.PaymentMethods.CvcStorageIsEnabled.Startup recorded 1 samples, mean = 0.0 (flags = 0x41)
0  -O                                                                        (1 = 100.0%)
1  ... 

Histogram: Autofill.StoredCreditCardCount recorded 1 samples, mean = 0.0 (flags = 0x41)
0  -O                                                                        (1 = 100.0%)
1  ... 

Histogram: Autofill.StoredCreditCardCount.Local recorded 1 samples, mean = 0.0 (flags = 0x41)
0  -O                                                                        (1 = 100.0%)
1  ... 

Histogram: Autofill.StoredCreditCardCount.Local.WithInvalidCardNumber recorded 1 samples, mean = 0.0 (flags = 0x41)
0  -O                                                                        (1 = 100.0%)
1  ... 

Histogram: Autofill.StoredCreditCardCount.Local.WithNickname recorded 1 samples, mean = 0.0 (flags = 0x41)
0  -O                                                                        (1 = 100.0%)
1  ... 

Histogram: Autofill.StoredCreditCardCount.Server recorded 1 samples, mean = 0.0 (flags = 0x41)
0  -O                                                                        (1 = 100.0%)
1  ... 

Histogram: Autofill.StoredCreditCardCount.Server.Masked recorded 1 samples, mean = 0.0 (flags = 0x41)
0  -O                                                                        (1 = 100.0%)
1  ... 

Histogram: Autofill.StoredCreditCardCount.Server.Masked.WithNickname recorded 1 samples, mean = 0.0 (flags = 0x41)
0  -O                                                                        (1 = 100.0%)
1  ... 

Histogram: Autofill.StoredCreditCardCount.Server.Unmasked recorded 1 samples, mean = 0.0 (flags = 0x41)
0  -O                                                                        (1 = 100.0%)
1  ... 

Histogram: Autofill.StoredCreditCardCount.Server.WithCardArtImage recorded 1 samples, mean = 0.0 (flags = 0x41)
0  -O                                                                        (1 = 100.0%)
1  ... 

Histogram: Autofill.StoredCreditCardCount.Server.WithVirtualCardMetadata recorded 1 samples, mean = 0.0 (flags = 0x41)
0  -O                                                                        (1 = 100.0%)
1  ... 

Histogram: Autofill.StoredIbanCount recorded 1 samples, mean = 0.0 (flags = 0x41)
0  -O                                                                        (1 = 100.0%)
1  ... 

Histogram: Autofill.StoredProfileCount.AccountChrome recorded 1 samples, mean = 0.0 (flags = 0x41)
0  -O                                                                        (1 = 100.0%)
1  ... 

Histogram: Autofill.StoredProfileCount.AccountNonChrome recorded 1 samples, mean = 0.0 (flags = 0x41)
0  -O                                                                        (1 = 100.0%)
1  ... 

Histogram: Autofill.StoredProfileCount.Legacy recorded 1 samples, mean = 0.0 (flags = 0x41)
0  -O                                                                        (1 = 100.0%)
1  ... 

Histogram: Autofill.StoredProfileCount.Total recorded 1 samples, mean = 0.0 (flags = 0x41)
0  -O                                                                        (1 = 100.0%)
1  ... 

Histogram: Autofill.StrikeDatabase.StrikeDatabaseInitFailed recorded 4 samples, mean = 1.5 (flags = 0x41)
0  -O                                                                        (1 = 25.0%)
1  -O                                                                        (1 = 25.0%) {25.0%}
2  -O                                                                        (1 = 25.0%) {50.0%}
3  -O                                                                        (1 = 25.0%) {75.0%}
4  ... 

Histogram: Autofill.SubmissionDetectionSource.FormTracker recorded 2 samples, mean = 3.0 (flags = 0x41)
0  ... 
3  --O                                                                       (2 = 100.0%) {0.0%}
4  ... 

Histogram: Autofill.Timing.ParseFormsAsync recorded 1 samples, mean = 29.0 (flags = 0x41)
0   ... 
29  -O                                                                        (1 = 100.0%) {0.0%}
34  ... 

Histogram: Autofill.Timing.ParseFormsAsync.RunHeuristics recorded 1 samples, mean = 0.0 (flags = 0x41)
0  -O                                                                        (1 = 100.0%)
1  ... 

Histogram: Autofill.Timing.ParseFormsAsync.UpdateCache recorded 1 samples, mean = 0.0 (flags = 0x41)
0  -O                                                                        (1 = 100.0%)
1  ... 

Histogram: Autofill.TimingInterval.ExtractFormData.GetFormDataFromUnownedInputElements.AutofillAgentReset recorded 1 samples, mean = 6012692.0 (flags = 0x41)
0        ... 
5386095  -O                                                                        (1 = 100.0%) {0.0%}
6287174  ... 

Histogram: Autofill.TimingInterval.ExtractFormData.GetFormDataFromUnownedInputElements.DOMContentLoaded recorded 1 samples, mean = 427809088.0 (flags = 0x41)
0         ... 
10000000  -O                                                                        (1 = 100.0%) {0.0%}

Histogram: Autofill.TimingInterval.ExtractFormData.UpdateFormCache.AutofillAgentReset recorded 3 samples, mean = 2026329.0 (flags = 0x41)
0        ... 
58       -O                                                                        (1 = 33.3%) {0.0%}
68       ... 
60675    -O                                                                        (1 = 33.3%) {33.3%}
70826    ... 
5386095  -O                                                                        (1 = 33.3%) {66.7%}
6287174  ... 

Histogram: Autofill.TimingInterval.ExtractFormData.UpdateFormCache.DOMContentLoaded recorded 3 samples, mean = 15162.7 (flags = 0x41)
0      ... 
7      -O                                                                        (1 = 33.3%) {0.0%}
8      ... 
11     -O                                                                        (1 = 33.3%) {33.3%}
13     ... 
44529  -O                                                                        (1 = 33.3%) {66.7%}
51979  ... 

Histogram: Autofill.TimingInterval.UpdateFormCache.UpdateFormCache.AutofillAgentReset recorded 3 samples, mean = 2026397.6 (flags = 0x41)
0        ... 
58       -O                                                                        (1 = 33.3%) {0.0%}
68       ... 
60675    -O                                                                        (1 = 33.3%) {33.3%}
70826    ... 
5386095  -O                                                                        (1 = 33.3%) {66.7%}
6287174  ... 

Histogram: Autofill.TimingInterval.UpdateFormCache.UpdateFormCache.DOMContentLoaded recorded 3 samples, mean = 15231.3 (flags = 0x41)
0      ... 
13     -O                                                                        (1 = 33.3%) {0.0%}
15     -O                                                                        (1 = 33.3%) {33.3%}
17     ... 
44529  -O                                                                        (1 = 33.3%) {66.7%}
51979  ... 

Histogram: Autofill.TimingPrecise.ExtractFormData recorded 4 samples, mean = 8733.2 (flags = 0x41)
0      ... 
6      -O                                                                        (1 = 25.0%) {0.0%}
7      O                                                                         (0 = 0.0%) {25.0%}
8      -O                                                                        (1 = 25.0%) {25.0%}
9      ... 
9326   -O                                                                        (1 = 25.0%) {50.0%}
10619  ... 
23147  -O                                                                        (1 = 25.0%) {75.0%}
26357  ... 

Histogram: Autofill.TimingPrecise.ExtractFormData.GetFormDataFromUnownedInputElements recorded 1 samples, mean = 10215.0 (flags = 0x41)
0     ... 
9326  -O                                                                        (1 = 100.0%) {0.0%}
10619 ... 

Histogram: Autofill.TimingPrecise.ExtractFormData.UpdateFormCache recorded 3 samples, mean = 8239.3 (flags = 0x41)
0      ... 
6      -O                                                                        (1 = 33.3%) {0.0%}
7      O                                                                         (0 = 0.0%) {33.3%}
8      -O                                                                        (1 = 33.3%) {33.3%}
9      ... 
23147  -O                                                                        (1 = 33.3%) {66.7%}
26357  ... 

Histogram: Autofill.TimingPrecise.InferLabelForElement recorded 4 samples, mean = 0.0 (flags = 0x41)
0  ----O                                                                     (4 = 100.0%)
1  ... 

Histogram: Autofill.TimingPrecise.UpdateFormCache recorded 3 samples, mean = 8312.3 (flags = 0x41)
0      ... 
13     -O                                                                        (1 = 33.3%) {0.0%}
15     -O                                                                        (1 = 33.3%) {33.3%}
17     ... 
23147  -O                                                                        (1 = 33.3%) {66.7%}
26357  ... 

Histogram: Autofill.TimingPrecise.UpdateFormCache.UpdateFormCache recorded 3 samples, mean = 8312.3 (flags = 0x41)
0      ... 
13     -O                                                                        (1 = 33.3%) {0.0%}
15     -O                                                                        (1 = 33.3%) {33.3%}
17     ... 
23147  -O                                                                        (1 = 33.3%) {66.7%}
26357  ... 

Histogram: Autofill.VirtualCardUsageData.StoredUsageDataCount recorded 1 samples, mean = 0.0 (flags = 0x41)
0  -O                                                                        (1 = 100.0%)
1  ... 

Histogram: Blink.CSSStyleSheetResource.ParseTime recorded 20 samples, mean = 3780.9 (flags = 0x41)
0      ... 
6      --O                                                                       (2 = 10.0%) {0.0%}
8      -O                                                                        (1 = 5.0%) {10.0%}
11     -O                                                                        (1 = 5.0%) {15.0%}
15     --O                                                                       (2 = 10.0%) {20.0%}
21     -O                                                                        (1 = 5.0%) {30.0%}
29     ... 
55     --O                                                                       (2 = 10.0%) {35.0%}
76     -----O                                                                    (5 = 25.0%) {45.0%}
105    ---O                                                                      (3 = 15.0%) {70.0%}
146    -O                                                                        (1 = 5.0%) {85.0%}
203    ... 
27562  -O                                                                        (1 = 5.0%) {90.0%}
38240  -O                                                                        (1 = 5.0%) {95.0%}
53055  ... 

Histogram: Blink.CommitDocumentLoaderTime recorded 7 samples, mean = 102.4 (flags = 0x41)
0    --O                                                                       (2 = 28.6%)
1    -O                                                                        (1 = 14.3%) {28.6%}
2    ... 
29   -O                                                                        (1 = 14.3%) {42.9%}
34   ... 
68   -O                                                                        (1 = 14.3%) {57.1%}
81   ... 
226  -O                                                                        (1 = 14.3%) {71.4%}
268  O                                                                         (0 = 0.0%) {85.7%}
318  -O                                                                        (1 = 14.3%) {85.7%}
378  ... 

Histogram: Blink.CookiesTime recorded 21 samples, mean = 0.9 (flags = 0x41)
0   --------------------O                                                     (20 = 95.2%)
1   ... 
17  -O                                                                        (1 = 4.8%) {95.2%}
20  ... 

Histogram: Blink.CullRect.UpdateTime recorded 18 samples, mean = 254.1 (flags = 0x41)
0     ----O                                                                     (4 = 22.2%)
1     -------O                                                                  (7 = 38.9%) {22.2%}
2     ... 
4     -O                                                                        (1 = 5.6%) {61.1%}
6     -O                                                                        (1 = 5.6%) {66.7%}
8     ... 
15    ----O                                                                     (4 = 22.2%) {72.2%}
21    ... 
3865  -O                                                                        (1 = 5.6%) {94.4%}
5362  ... 

Histogram: Blink.DocumentLoader.CommitNavigationToStartLoadingResponse.Time.OutermostMainFrame.NewNavigation.IsHTTPOrHTTPS recorded 1 samples, mean = 98.0 (flags = 0x41)
0   ... 
96  -O                                                                        (1 = 100.0%) {0.0%}
114 ... 

Histogram: Blink.DocumentLoader.CreateParserPostCommit.Time.OutermostMainFrame.NewNavigation.IsHTTPOrHTTPS recorded 1 samples, mean = 116.0 (flags = 0x41)
0    ... 
114  -O                                                                        (1 = 100.0%) {0.0%}
135  ... 

Histogram: Blink.Experimental.Cookies.CacheLookupResult2 recorded 21 samples, mean = 1.0 (flags = 0x41)
0  --O                                                                       (2 = 9.5%)
1  ------------------O                                                       (18 = 85.7%) {9.5%}
2  O                                                                         (0 = 0.0%) {95.2%}
3  -O                                                                        (1 = 4.8%) {95.2%}
4  ... 

Histogram: Blink.Experimental.Cookies.FirstCookieRequest recorded 2 samples, mean = 1.0 (flags = 0x41)
0  O                                                                         (0 = 0.0%)
1  --O                                                                       (2 = 100.0%) {0.0%}
2  ... 

Histogram: Blink.Fetch.RequestResourceTime2 recorded 157 samples, mean = 1072.1 (flags = 0x41)
0       ... 
8       ----------------O                                                         (16 = 10.2%) {0.0%}
11      ----------------------O                                                   (22 = 14.0%) {10.2%}
15      ------------------------O                                                 (24 = 15.3%) {24.2%}
21      --------------------O                                                     (20 = 12.7%) {39.5%}
29      ----------------O                                                         (16 = 10.2%) {52.2%}
40      ---------O                                                                (9 = 5.7%) {62.4%}
55      ---------------O                                                          (15 = 9.6%) {68.2%}
76      -------------O                                                            (13 = 8.3%) {77.7%}
105     -------O                                                                  (7 = 4.5%) {86.0%}
146     ---O                                                                      (3 = 1.9%) {90.4%}
203     ----O                                                                     (4 = 2.5%) {92.4%}
282     --O                                                                       (2 = 1.3%) {94.9%}
391     --O                                                                       (2 = 1.3%) {96.2%}
542     ... 
7439    --O                                                                       (2 = 1.3%) {97.5%}
10321   ... 
27562   -O                                                                        (1 = 0.6%) {98.7%}
38240   ... 
102126  -O                                                                        (1 = 0.6%) {99.4%}
141691  ... 

Histogram: Blink.Fetch.RequestResourceTime2.Preload recorded 68 samples, mean = 462.8 (flags = 0x41)
0      ... 
11     -O                                                                        (1 = 1.5%) {0.0%}
15     -----------------O                                                        (17 = 25.0%) {1.5%}
21     --------O                                                                 (8 = 11.8%) {26.5%}
29     --------------O                                                           (14 = 20.6%) {38.2%}
40     ----O                                                                     (4 = 5.9%) {58.8%}
55     ---------O                                                                (9 = 13.2%) {64.7%}
76     ---------O                                                                (9 = 13.2%) {77.9%}
105    ----O                                                                     (4 = 5.9%) {91.2%}
146    ... 
391    -O                                                                        (1 = 1.5%) {97.1%}
542    ... 
27562  -O                                                                        (1 = 1.5%) {98.5%}
38240  ... 

Histogram: Blink.FetchQueuedPreloadsTime.MainFrame.Initial recorded 1 samples, mean = 13.0 (flags = 0x41)
0   ... 
12  -O                                                                        (1 = 100.0%) {0.0%}
14  ... 

Histogram: Blink.Fonts.DecodeTime recorded 5 samples, mean = 29876.8 (flags = 0x41)
0       ... 
2786    ---O                                                                      (3 = 60.0%) {0.0%}
3865    ... 
19866   -O                                                                        (1 = 20.0%) {60.0%}
27562   ... 
102126  -O                                                                        (1 = 20.0%) {80.0%}
141691  ... 

Histogram: Blink.Fonts.VariableFontsRatio recorded 5 samples, mean = 1.2 (flags = 0x41)
0  O                                                                         (0 = 0.0%)
1  ----O                                                                     (4 = 80.0%) {0.0%}
2  -O                                                                        (1 = 20.0%) {80.0%}
3  ... 

Histogram: Blink.ForcedStyleAndLayout.UpdateTime.PreFCP recorded 2 samples, mean = 84418.0 (flags = 0x41)
0       ... 
15      -O                                                                        (1 = 50.0%) {0.0%}
21      ... 
141691  -O                                                                        (1 = 50.0%) {50.0%}
196583  ... 

Histogram: Blink.HTMLFastPathParser.AbortedParseSize recorded 9 samples, mean = 1.6 (flags = 0x41)
0  --O                                                                       (2 = 22.2%)
1  O                                                                         (0 = 0.0%) {22.2%}
2  -------O                                                                  (7 = 77.8%) {22.2%}
3  ... 

Histogram: Blink.HTMLFastPathParser.AbortedParseTime2 recorded 9 samples, mean = 3.8 (flags = 0x41)
0   --O                                                                       (2 = 22.2%)
1   ----O                                                                     (4 = 44.4%) {22.2%}
2   -O                                                                        (1 = 11.1%) {66.7%}
3   ... 
5   -O                                                                        (1 = 11.1%) {77.8%}
6   ... 
23  -O                                                                        (1 = 11.1%) {88.9%}
25  ... 

Histogram: Blink.HTMLFastPathParser.ParseResult recorded 17 samples, mean = 7.9 (flags = 0x41)
0   --------O                                                                 (8 = 47.1%)
1   ... 
4   --O                                                                       (2 = 11.8%) {47.1%}
5   ... 
18  -------O                                                                  (7 = 41.2%) {58.8%}
19  ... 

Histogram: Blink.HTMLFastPathParser.SuccessfulParseSize recorded 8 samples, mean = 309.8 (flags = 0x41)
0    ... 
146  -O                                                                        (1 = 12.5%) {0.0%}
203  ---O                                                                      (3 = 37.5%) {12.5%}
282  --O                                                                       (2 = 25.0%) {50.0%}
391  --O                                                                       (2 = 25.0%) {75.0%}
542  ... 

Histogram: Blink.HTMLFastPathParser.SuccessfulParseTime2 recorded 8 samples, mean = 579.0 (flags = 0x41)
0     O                                                                         (0 = 0.0%)
1     -O                                                                        (1 = 12.5%) {0.0%}
2     ---O                                                                      (3 = 37.5%) {12.5%}
3     --O                                                                       (2 = 25.0%) {50.0%}
4     ... 
14    -O                                                                        (1 = 12.5%) {75.0%}
15    ... 
4582  -O                                                                        (1 = 12.5%) {87.5%}
4954  ... 

Histogram: Blink.HTMLFastPathParser.TotalParseTime2 recorded 17 samples, mean = 289.1 (flags = 0x41)
0     ... 
2     ---O                                                                      (3 = 17.6%) {0.0%}
3     --O                                                                       (2 = 11.8%) {17.6%}
4     -O                                                                        (1 = 5.9%) {29.4%}
5     ... 
14    -O                                                                        (1 = 5.9%) {35.3%}
15    ... 
19    --O                                                                       (2 = 11.8%) {41.2%}
21    -O                                                                        (1 = 5.9%) {52.9%}
23    -O                                                                        (1 = 5.9%) {58.8%}
25    -O                                                                        (1 = 5.9%) {64.7%}
27    ... 
34    --O                                                                       (2 = 11.8%) {70.6%}
37    -O                                                                        (1 = 5.9%) {82.4%}
40    ... 
54    -O                                                                        (1 = 5.9%) {88.2%}
58    ... 
4582  -O                                                                        (1 = 5.9%) {94.1%}
4954  ... 

Histogram: Blink.HTMLParsing.ChunkCount4 recorded 1 samples, mean = 2.0 (flags = 0x41)
0  ... 
2  -O                                                                        (1 = 100.0%) {0.0%}
3  ... 

Histogram: Blink.HTMLParsing.InputCharacterCount4 recorded 1 samples, mean = 193062.0 (flags = 0x41)
0       ... 
141691  -O                                                                        (1 = 100.0%) {0.0%}
196583  ... 

Histogram: Blink.HTMLParsing.ParsingTimeMax4 recorded 1 samples, mean = 35900.0 (flags = 0x41)
0      ... 
35565  -O                                                                        (1 = 100.0%) {0.0%}
36114  ... 

Histogram: Blink.HTMLParsing.ParsingTimeMin4 recorded 1 samples, mean = 1472.0 (flags = 0x41)
0     ... 
1330  -O                                                                        (1 = 100.0%) {0.0%}
1514  ... 

Histogram: Blink.HTMLParsing.ParsingTimeTotal4 recorded 1 samples, mean = 37372.0 (flags = 0x41)
0      ... 
37239  -O                                                                        (1 = 100.0%) {0.0%}
37814  ... 

Histogram: Blink.HTMLParsing.PreloadRequestCount recorded 1 samples, mean = 47.0 (flags = 0x41)
0   ... 
47  -O                                                                        (1 = 100.0%) {0.0%}
53  ... 

Histogram: Blink.HTMLParsing.TimeToDeferredPumpTokenizer4 recorded 1 samples, mean = 632.0 (flags = 0x41)
0    ... 
610  -O                                                                        (1 = 100.0%) {0.0%}
695  ... 

Histogram: Blink.HTMLParsing.TokensParsedAverage4 recorded 1 samples, mean = 70.0 (flags = 0x41)
0   ... 
65  -O                                                                        (1 = 100.0%) {0.0%}
86  ... 

Histogram: Blink.HTMLParsing.TokensParsedMax4 recorded 1 samples, mean = 124.0 (flags = 0x41)
0    ... 
113  -O                                                                        (1 = 100.0%) {0.0%}
149  ... 

Histogram: Blink.HTMLParsing.TokensParsedMin4 recorded 1 samples, mean = 16.0 (flags = 0x41)
0   ... 
14  -O                                                                        (1 = 100.0%) {0.0%}
17  ... 

Histogram: Blink.HTMLParsing.TokensParsedTotal4 recorded 1 samples, mean = 140.0 (flags = 0x41)
0    ... 
105  -O                                                                        (1 = 100.0%) {0.0%}
146  ... 

Histogram: Blink.HTMLParsing.YieldedTimeAverage4 recorded 1 samples, mean = 409.0 (flags = 0x41)
0    ... 
368  -O                                                                        (1 = 100.0%) {0.0%}
430  ... 

Histogram: Blink.HTMLParsing.YieldedTimeMax4 recorded 1 samples, mean = 640.0 (flags = 0x41)
0    ... 
633  -O                                                                        (1 = 100.0%) {0.0%}
643  ... 

Histogram: Blink.HTMLParsing.YieldedTimeMin4 recorded 1 samples, mean = 179.0 (flags = 0x41)
0    ... 
170  -O                                                                        (1 = 100.0%) {0.0%}
198  ... 

Histogram: Blink.History.VisitedLinks.IsLinkStyledAsVisited recorded 41 samples, mean = 0.0 (flags = 0x41)
0  -----------------------------------------O                                (41 = 100.0%)
1  ... 

Histogram: Blink.JavascriptDocumentUpdate.UpdateTime.PreFCP recorded 1 samples, mean = 168821.0 (flags = 0x41)
0       ... 
141691  -O                                                                        (1 = 100.0%) {0.0%}
196583  ... 

Histogram: Blink.Layout.InlineNode.ShapeText.MaxTime.InOutermostMainFrame3 recorded 1 samples, mean = 62407.0 (flags = 0x41)
0      ... 
53055  -O                                                                        (1 = 100.0%) {0.0%}
73609  ... 

Histogram: Blink.Layout.InlineNode.ShapeText.TotalTime.InOutermostMainFrame3 recorded 1 samples, mean = 71464.0 (flags = 0x41)
0      ... 
53055  -O                                                                        (1 = 100.0%) {0.0%}
73609  ... 

Histogram: Blink.Layout.SVGImage.Count.InOutermostMainFrame recorded 1 samples, mean = 0.0 (flags = 0x41)
0  -O                                                                        (1 = 100.0%)
1  ... 

Histogram: Blink.Layout.SVGImage.TotalTime.InOutermostMainFrame recorded 1 samples, mean = 0.0 (flags = 0x41)
0  -O                                                                        (1 = 100.0%)
1  ... 

Histogram: Blink.MainFrame.UpdateTime.PreFCP recorded 18 samples, mean = 46578.3 (flags = 0x41)
0       ... 
40      -O                                                                        (1 = 5.6%) {0.0%}
55      -O                                                                        (1 = 5.6%) {5.6%}
76      -O                                                                        (1 = 5.6%) {11.1%}
105     -O                                                                        (1 = 5.6%) {16.7%}
146     ---O                                                                      (3 = 16.7%) {22.2%}
203     --O                                                                       (2 = 11.1%) {38.9%}
282     -O                                                                        (1 = 5.6%) {50.0%}
391     ... 
3865    -O                                                                        (1 = 5.6%) {55.6%}
5362    O                                                                         (0 = 0.0%) {61.1%}
7439    -O                                                                        (1 = 5.6%) {61.1%}
10321   -O                                                                        (1 = 5.6%) {66.7%}
14319   --O                                                                       (2 = 11.1%) {72.2%}
19866   ... 
38240   -O                                                                        (1 = 5.6%) {83.3%}
53055   O                                                                         (0 = 0.0%) {88.9%}
73609   -O                                                                        (1 = 5.6%) {88.9%}
102126  ... 
525000  -O                                                                        (1 = 5.6%) {94.4%}
728390  ... 

Histogram: Blink.MemoryCache.RevalidationPolicy.AsyncScript recorded 49 samples, mean = 1.5 (flags = 0x41)
0  ------------------------O                                                 (24 = 49.0%)
1  ... 
3  -------------------------O                                                (25 = 51.0%) {49.0%}
4  ... 

Histogram: Blink.MemoryCache.RevalidationPolicy.CSSStyleSheet recorded 20 samples, mean = 0.0 (flags = 0x41)
0  --------------------O                                                     (20 = 100.0%)
1  ... 

Histogram: Blink.MemoryCache.RevalidationPolicy.Dead.Font recorded 2 samples, mean = 0.0 (flags = 0x41)
0  --O                                                                       (2 = 100.0%)
1  ... 

Histogram: Blink.MemoryCache.RevalidationPolicy.Dead.Script recorded 23 samples, mean = 0.0 (flags = 0x41)
0  -----------------------O                                                  (23 = 100.0%)
1  ... 

Histogram: Blink.MemoryCache.RevalidationPolicy.Font recorded 23 samples, mean = 4.0 (flags = 0x41)
0  -O                                                                        (1 = 4.3%)
1  ... 
4  ------------------O                                                       (18 = 78.3%) {4.3%}
5  ----O                                                                     (4 = 17.4%) {82.6%}
6  O                                                                         (0 = 0.0%) {100.0%}

Histogram: Blink.MemoryCache.RevalidationPolicy.Image recorded 18 samples, mean = 3.9 (flags = 0x41)
0  ... 
3  -O                                                                        (1 = 5.6%) {0.0%}
4  -----------------O                                                        (17 = 94.4%) {5.6%}
5  ... 

Histogram: Blink.MemoryCache.RevalidationPolicy.Manifest recorded 1 samples, mean = 3.0 (flags = 0x41)
0  ... 
3  -O                                                                        (1 = 100.0%) {0.0%}
4  ... 

Histogram: Blink.MemoryCache.RevalidationPolicy.Preload.CSSStyleSheet recorded 41 samples, mean = 1.5 (flags = 0x41)
0  ---------------------O                                                    (21 = 51.2%)
1  ... 
3  --------------------O                                                     (20 = 48.8%) {51.2%}
4  ... 

Histogram: Blink.MemoryCache.RevalidationPolicy.Preload.Font recorded 2 samples, mean = 1.5 (flags = 0x41)
0  -O                                                                        (1 = 50.0%)
1  ... 
3  -O                                                                        (1 = 50.0%) {50.0%}
4  ... 

Histogram: Blink.MemoryCache.RevalidationPolicy.Preload.Script recorded 25 samples, mean = 2.8 (flags = 0x41)
0  --O                                                                       (2 = 8.0%)
1  ... 
3  -----------------------O                                                  (23 = 92.0%) {8.0%}
4  ... 

Histogram: Blink.MemoryCache.RevalidationPolicy.Raw recorded 5 samples, mean = 3.0 (flags = 0x41)
0  ... 
3  -----O                                                                    (5 = 100.0%) {0.0%}
4  ... 

Histogram: Blink.MemoryCache.RevalidationPolicy.Script recorded 26 samples, mean = 0.3 (flags = 0x41)
0  -----------------------O                                                  (23 = 88.5%)
1  ... 
3  ---O                                                                      (3 = 11.5%) {88.5%}
4  ... 

Histogram: Blink.PreloadRequestStartDuration recorded 68 samples, mean = 521.2 (flags = 0x41)
0      ... 
11     -O                                                                        (1 = 1.5%) {0.0%}
15     ----------------O                                                         (16 = 23.5%) {1.5%}
21     -------O                                                                  (7 = 10.3%) {25.0%}
29     ----------------O                                                         (16 = 23.5%) {35.3%}
40     ---O                                                                      (3 = 4.4%) {58.8%}
55     ----------O                                                               (10 = 14.7%) {63.2%}
76     ---------O                                                                (9 = 13.2%) {77.9%}
105    --O                                                                       (2 = 2.9%) {91.2%}
146    -O                                                                        (1 = 1.5%) {94.1%}
203    O                                                                         (0 = 0.0%) {95.6%}
282    -O                                                                        (1 = 1.5%) {95.6%}
391    ... 
3865   -O                                                                        (1 = 1.5%) {97.1%}
5362   ... 
27562  -O                                                                        (1 = 1.5%) {98.5%}
38240  ... 

Histogram: Blink.PreloadRequestWaitTime recorded 45 samples, mean = 13.3 (flags = 0x41)
0   O                                                                         (0 = 0.0%)
1   -O                                                                        (1 = 2.2%) {0.0%}
2   ... 
12  -------------------O                                                      (19 = 42.2%) {2.2%}
14  -------------------------O                                                (25 = 55.6%) {44.4%}
17  ... 

Histogram: Blink.PrepareToStopParsingTime recorded 16 samples, mean = 70.2 (flags = 0x41)
0    -------------O                                                            (13 = 81.2%)
1    ... 
34   -O                                                                        (1 = 6.2%) {81.2%}
40   ... 
57   -O                                                                        (1 = 6.2%) {87.5%}
68   ... 
894  -O                                                                        (1 = 6.2%) {93.8%}
1062 ... 

Histogram: Blink.PumpTokenizerTime recorded 36 samples, mean = 16.4 (flags = 0x41)
0    --------------------------O                                               (26 = 72.2%)
1    -O                                                                        (1 = 2.8%) {72.2%}
2    ... 
12   --O                                                                       (2 = 5.6%) {75.0%}
14   -O                                                                        (1 = 2.8%) {80.6%}
17   O                                                                         (0 = 0.0%) {83.3%}
20   --O                                                                       (2 = 5.6%) {83.3%}
24   ... 
48   -O                                                                        (1 = 2.8%) {88.9%}
57   -O                                                                        (1 = 2.8%) {91.7%}
68   O                                                                         (0 = 0.0%) {94.4%}
81   -O                                                                        (1 = 2.8%) {94.4%}
96   ... 
268  -O                                                                        (1 = 2.8%) {97.2%}
318  ... 

Histogram: Blink.ResourceRequest.BackgroundResourceFetchSupportStatus recorded 58 samples, mean = 0.1 (flags = 0x41)
0  --------------------------------------------------------O                 (56 = 96.6%)
1  O                                                                         (0 = 0.0%) {96.6%}
2  --O                                                                       (2 = 3.4%) {96.6%}
3  ... 

Histogram: Blink.ResourceRequest.CompletionDelay2 recorded 58 samples, mean = 66.5 (flags = 0x41)
0    -------O                                                                  (7 = 12.1%)
1    ... 
10   -O                                                                        (1 = 1.7%) {12.1%}
12   -----O                                                                    (5 = 8.6%) {13.8%}
14   ---O                                                                      (3 = 5.2%) {22.4%}
17   O                                                                         (0 = 0.0%) {27.6%}
20   -O                                                                        (1 = 1.7%) {27.6%}
24   -O                                                                        (1 = 1.7%) {29.3%}
29   O                                                                         (0 = 0.0%) {31.0%}
34   ----------O                                                               (10 = 17.2%) {31.0%}
40   ... 
57   ------------------------O                                                 (24 = 41.4%) {48.3%}
68   O                                                                         (0 = 0.0%) {89.7%}
81   ---O                                                                      (3 = 5.2%) {89.7%}
96   ... 
190  -O                                                                        (1 = 1.7%) {94.8%}
226  O                                                                         (0 = 0.0%) {96.6%}
268  -O                                                                        (1 = 1.7%) {96.6%}
318  ... 
894  -O                                                                        (1 = 1.7%) {98.3%}
1062 ... 

Histogram: Blink.ResourceRequest.RedirectDelay2 recorded 2 samples, mean = 3.5 (flags = 0x41)
0  -O                                                                        (1 = 50.0%)
1  ... 
7  -O                                                                        (1 = 50.0%) {50.0%}
8  ... 

Histogram: Blink.ResourceRequest.ResponseDelay2 recorded 58 samples, mean = 69.7 (flags = 0x41)
0    ------O                                                                   (6 = 10.3%)
1    ... 
12   ----O                                                                     (4 = 6.9%) {10.3%}
14   ---O                                                                      (3 = 5.2%) {17.2%}
17   O                                                                         (0 = 0.0%) {22.4%}
20   --O                                                                       (2 = 3.4%) {22.4%}
24   -O                                                                        (1 = 1.7%) {25.9%}
29   O                                                                         (0 = 0.0%) {27.6%}
34   -------O                                                                  (7 = 12.1%) {27.6%}
40   ----O                                                                     (4 = 6.9%) {39.7%}
48   O                                                                         (0 = 0.0%) {46.6%}
57   ----O                                                                     (4 = 6.9%) {46.6%}
68   --------------------O                                                     (20 = 34.5%) {53.4%}
81   ---O                                                                      (3 = 5.2%) {87.9%}
96   -O                                                                        (1 = 1.7%) {93.1%}
114  ... 
190  -O                                                                        (1 = 1.7%) {94.8%}
226  -O                                                                        (1 = 1.7%) {96.6%}
268  ... 
894  -O                                                                        (1 = 1.7%) {98.3%}
1062 ... 

Histogram: Blink.ResourceRequest.StartDelay2 recorded 58 samples, mean = 1820.1 (flags = 0x41)
0     ... 
96    -O                                                                        (1 = 1.7%) {0.0%}
114   ... 
190   -O                                                                        (1 = 1.7%) {1.7%}
226   ... 
318   ------O                                                                   (6 = 10.3%) {3.4%}
378   ... 
533   -O                                                                        (1 = 1.7%) {13.8%}
633   --O                                                                       (2 = 3.4%) {15.5%}
752   O                                                                         (0 = 0.0%) {19.0%}
894   -O                                                                        (1 = 1.7%) {19.0%}
1062  ... 
1500  -------------------O                                                      (19 = 32.8%) {20.7%}
1782  O                                                                         (0 = 0.0%) {53.4%}
2117  -------O                                                                  (7 = 12.1%) {53.4%}
2516  --------------------O                                                     (20 = 34.5%) {65.5%}
2990  ... 

Histogram: Blink.ScanAndPreloadTime.MainFrame.Initial recorded 1 samples, mean = 27.0 (flags = 0x41)
0   ... 
24  -O                                                                        (1 = 100.0%) {0.0%}
29  ... 

Histogram: Blink.ScanAndPreloadTime.MainFrame.NonInitial recorded 1 samples, mean = 0.0 (flags = 0x41)
0  -O                                                                        (1 = 100.0%)
1  ... 

Histogram: Blink.ScanAndPreloadTime2.MainFrame.Initial recorded 1 samples, mean = 27955.0 (flags = 0x41)
0      ... 
27562  -O                                                                        (1 = 100.0%) {0.0%}
38240  ... 

Histogram: Blink.ScanAndPreloadTime2.MainFrame.NonInitial recorded 1 samples, mean = 21.0 (flags = 0x41)
0   ... 
21  -O                                                                        (1 = 100.0%) {0.0%}
29  ... 

Histogram: Blink.ScanAndPreloadTime2.Preload.MainFrame.Initial recorded 1 samples, mean = 13392.0 (flags = 0x41)
0      ... 
10321  -O                                                                        (1 = 100.0%) {0.0%}
14319  ... 

Histogram: Blink.ScanAndPreloadTime2.Preload.MainFrame.NonInitial recorded 1 samples, mean = 1.0 (flags = 0x41)
0  O                                                                         (0 = 0.0%)
1  -O                                                                        (1 = 100.0%) {0.0%}
2  ... 

Histogram: Blink.ScanAndPreloadTime2.Scan.MainFrame.Initial recorded 1 samples, mean = 14551.0 (flags = 0x41)
0      ... 
14319  -O                                                                        (1 = 100.0%) {0.0%}
19866  ... 

Histogram: Blink.ScanAndPreloadTime2.Scan.MainFrame.NonInitial recorded 1 samples, mean = 1.0 (flags = 0x41)
0  O                                                                         (0 = 0.0%)
1  -O                                                                        (1 = 100.0%) {0.0%}
2  ... 

Histogram: Blink.Script.AsyncScript.FromReadyToStartExecution.Time recorded 26 samples, mean = 8.8 (flags = 0x41)
0   ---------O                                                                (9 = 34.6%)
1   -------------O                                                            (13 = 50.0%) {34.6%}
2   ... 
10  -O                                                                        (1 = 3.8%) {84.6%}
13  ... 
25  -O                                                                        (1 = 3.8%) {88.5%}
32  ... 
84  --O                                                                       (2 = 7.7%) {92.3%}
107 ... 

Histogram: Blink.Script.SchedulingType recorded 50 samples, mean = 5.4 (flags = 0x41)
0  ... 
3  -O                                                                        (1 = 2.0%) {0.0%}
4  O                                                                         (0 = 0.0%) {2.0%}
5  -------------------------O                                                (25 = 50.0%) {2.0%}
6  ------------------------O                                                 (24 = 48.0%) {52.0%}
7  ... 

Histogram: Blink.UseCounter.AnimatedCSSProperties recorded 1 samples, mean = 1.0 (flags = 0x41)
0  O                                                                         (0 = 0.0%)
1  -O                                                                        (1 = 100.0%) {0.0%}
2  ... 

Histogram: Blink.UseCounter.CSSProperties recorded 93 samples, mean = 280.7 (flags = 0x41)
0    O                                                                         (0 = 0.0%)
1    -O                                                                        (1 = 1.1%) {0.0%}
2    -O                                                                        (1 = 1.1%) {1.1%}
3    O                                                                         (0 = 0.0%) {2.2%}
4    -O                                                                        (1 = 1.1%) {2.2%}
5    -O                                                                        (1 = 1.1%) {3.2%}
6    -O                                                                        (1 = 1.1%) {4.3%}
7    -O                                                                        (1 = 1.1%) {5.4%}
8    -O                                                                        (1 = 1.1%) {6.5%}
9    O                                                                         (0 = 0.0%) {7.5%}
10   -O                                                                        (1 = 1.1%) {7.5%}
11   ... 
14   -O                                                                        (1 = 1.1%) {8.6%}
15   ... 
20   -O                                                                        (1 = 1.1%) {9.7%}
21   -O                                                                        (1 = 1.1%) {10.8%}
22   ... 
24   -O                                                                        (1 = 1.1%) {11.8%}
25   ... 
34   -O                                                                        (1 = 1.1%) {12.9%}
35   ... 
42   -O                                                                        (1 = 1.1%) {14.0%}
43   ... 
53   -O                                                                        (1 = 1.1%) {15.1%}
54   ... 
59   -O                                                                        (1 = 1.1%) {16.1%}
60   ... 
66   -O                                                                        (1 = 1.1%) {17.2%}
67   ... 
69   -O                                                                        (1 = 1.1%) {18.3%}
70   ... 
72   -O                                                                        (1 = 1.1%) {19.4%}
73   O                                                                         (0 = 0.0%) {20.4%}
74   -O                                                                        (1 = 1.1%) {20.4%}
75   ... 
77   -O                                                                        (1 = 1.1%) {21.5%}
78   ... 
81   -O                                                                        (1 = 1.1%) {22.6%}
82   ... 
84   -O                                                                        (1 = 1.1%) {23.7%}
85   ... 
89   -O                                                                        (1 = 1.1%) {24.7%}
90   ... 
95   -O                                                                        (1 = 1.1%) {25.8%}
96   -O                                                                        (1 = 1.1%) {26.9%}
97   -O                                                                        (1 = 1.1%) {28.0%}
98   -O                                                                        (1 = 1.1%) {29.0%}
99   O                                                                         (0 = 0.0%) {30.1%}
100  -O                                                                        (1 = 1.1%) {30.1%}
101  ... 
105  -O                                                                        (1 = 1.1%) {31.2%}
106  -O                                                                        (1 = 1.1%) {32.3%}
107  -O                                                                        (1 = 1.1%) {33.3%}
108  O                                                                         (0 = 0.0%) {34.4%}
109  -O                                                                        (1 = 1.1%) {34.4%}
110  ... 
119  -O                                                                        (1 = 1.1%) {35.5%}
120  ... 
124  -O                                                                        (1 = 1.1%) {36.6%}
125  ... 
127  -O                                                                        (1 = 1.1%) {37.6%}
128  -O                                                                        (1 = 1.1%) {38.7%}
129  -O                                                                        (1 = 1.1%) {39.8%}
130  ... 
143  -O                                                                        (1 = 1.1%) {40.9%}
144  ... 
150  -O                                                                        (1 = 1.1%) {41.9%}
151  O                                                                         (0 = 0.0%) {43.0%}
152  -O                                                                        (1 = 1.1%) {43.0%}
153  -O                                                                        (1 = 1.1%) {44.1%}
154  -O                                                                        (1 = 1.1%) {45.2%}
155  O                                                                         (0 = 0.0%) {46.2%}
156  -O                                                                        (1 = 1.1%) {46.2%}
157  -O                                                                        (1 = 1.1%) {47.3%}
158  O                                                                         (0 = 0.0%) {48.4%}
159  -O                                                                        (1 = 1.1%) {48.4%}
160  O                                                                         (0 = 0.0%) {49.5%}
161  -O                                                                        (1 = 1.1%) {49.5%}
162  ... 
164  -O                                                                        (1 = 1.1%) {50.5%}
165  -O                                                                        (1 = 1.1%) {51.6%}
166  ... 
231  -O                                                                        (1 = 1.1%) {52.7%}
232  -O                                                                        (1 = 1.1%) {53.8%}
233  O                                                                         (0 = 0.0%) {54.8%}
234  -O                                                                        (1 = 1.1%) {54.8%}
235  -O                                                                        (1 = 1.1%) {55.9%}
236  O                                                                         (0 = 0.0%) {57.0%}
237  -O                                                                        (1 = 1.1%) {57.0%}
238  -O                                                                        (1 = 1.1%) {58.1%}
239  -O                                                                        (1 = 1.1%) {59.1%}
240  -O                                                                        (1 = 1.1%) {60.2%}
241  O                                                                         (0 = 0.0%) {61.3%}
242  -O                                                                        (1 = 1.1%) {61.3%}
243  ... 
303  -O                                                                        (1 = 1.1%) {62.4%}
304  ... 
369  -O                                                                        (1 = 1.1%) {63.4%}
370  -O                                                                        (1 = 1.1%) {64.5%}
371  ... 
415  -O                                                                        (1 = 1.1%) {65.6%}
416  ... 
432  -O                                                                        (1 = 1.1%) {66.7%}
433  -O                                                                        (1 = 1.1%) {67.7%}
434  ... 
437  -O                                                                        (1 = 1.1%) {68.8%}
438  ... 
446  -O                                                                        (1 = 1.1%) {69.9%}
447  ... 
508  -O                                                                        (1 = 1.1%) {71.0%}
509  ... 
514  -O                                                                        (1 = 1.1%) {72.0%}
515  -O                                                                        (1 = 1.1%) {73.1%}
516  -O                                                                        (1 = 1.1%) {74.2%}
517  ... 
537  -O                                                                        (1 = 1.1%) {75.3%}
538  ... 
549  -O                                                                        (1 = 1.1%) {76.3%}
550  ... 
563  -O                                                                        (1 = 1.1%) {77.4%}
564  ... 
591  -O                                                                        (1 = 1.1%) {78.5%}
592  -O                                                                        (1 = 1.1%) {79.6%}
593  O                                                                         (0 = 0.0%) {80.6%}
594  -O                                                                        (1 = 1.1%) {80.6%}
595  -O                                                                        (1 = 1.1%) {81.7%}
596  ... 
598  -O                                                                        (1 = 1.1%) {82.8%}
599  -O                                                                        (1 = 1.1%) {83.9%}
600  ... 
618  -O                                                                        (1 = 1.1%) {84.9%}
619  -O                                                                        (1 = 1.1%) {86.0%}
620  -O                                                                        (1 = 1.1%) {87.1%}
621  -O                                                                        (1 = 1.1%) {88.2%}
622  ... 
636  -O                                                                        (1 = 1.1%) {89.2%}
637  ... 
657  -O                                                                        (1 = 1.1%) {90.3%}
658  -O                                                                        (1 = 1.1%) {91.4%}
659  ... 
662  -O                                                                        (1 = 1.1%) {92.5%}
663  ... 
672  -O                                                                        (1 = 1.1%) {93.5%}
673  -O                                                                        (1 = 1.1%) {94.6%}
674  O                                                                         (0 = 0.0%) {95.7%}
675  -O                                                                        (1 = 1.1%) {95.7%}
676  ... 
696  -O                                                                        (1 = 1.1%) {96.8%}
697  ... 
746  -O                                                                        (1 = 1.1%) {97.8%}
747  ... 
770  -O                                                                        (1 = 1.1%) {98.9%}
771  ... 

Histogram: Blink.UseCounter.Features recorded 183 samples, mean = 2264.8 (flags = 0x41)
0     ... 
13    -O                                                                        (1 = 0.5%) {0.0%}
14    ... 
16    -O                                                                        (1 = 0.5%) {0.5%}
17    ... 
52    -O                                                                        (1 = 0.5%) {1.1%}
53    ... 
69    -O                                                                        (1 = 0.5%) {1.6%}
70    ... 
123   -O                                                                        (1 = 0.5%) {2.2%}
124   -O                                                                        (1 = 0.5%) {2.7%}
125   -O                                                                        (1 = 0.5%) {3.3%}
126   ... 
138   -O                                                                        (1 = 0.5%) {3.8%}
139   ... 
240   -O                                                                        (1 = 0.5%) {4.4%}
241   ... 
250   -O                                                                        (1 = 0.5%) {4.9%}
251   ... 
429   -O                                                                        (1 = 0.5%) {5.5%}
430   -O                                                                        (1 = 0.5%) {6.0%}
431   -O                                                                        (1 = 0.5%) {6.6%}
432   -O                                                                        (1 = 0.5%) {7.1%}
433   ... 
469   -O                                                                        (1 = 0.5%) {7.7%}
470   ... 
494   -O                                                                        (1 = 0.5%) {8.2%}
495   ... 
522   -O                                                                        (1 = 0.5%) {8.7%}
523   -O                                                                        (1 = 0.5%) {9.3%}
524   -O                                                                        (1 = 0.5%) {9.8%}
525   ... 
540   -O                                                                        (1 = 0.5%) {10.4%}
541   ... 
587   -O                                                                        (1 = 0.5%) {10.9%}
588   -O                                                                        (1 = 0.5%) {11.5%}
589   ... 
675   -O                                                                        (1 = 0.5%) {12.0%}
676   ... 
710   -O                                                                        (1 = 0.5%) {12.6%}
711   -O                                                                        (1 = 0.5%) {13.1%}
712   -O                                                                        (1 = 0.5%) {13.7%}
713   ... 
717   -O                                                                        (1 = 0.5%) {14.2%}
718   ... 
730   -O                                                                        (1 = 0.5%) {14.8%}
731   ... 
744   -O                                                                        (1 = 0.5%) {15.3%}
745   ... 
780   -O                                                                        (1 = 0.5%) {15.8%}
781   -O                                                                        (1 = 0.5%) {16.4%}
782   ... 
786   -O                                                                        (1 = 0.5%) {16.9%}
787   -O                                                                        (1 = 0.5%) {17.5%}
788   ... 
804   -O                                                                        (1 = 0.5%) {18.0%}
805   ... 
900   -O                                                                        (1 = 0.5%) {18.6%}
901   -O                                                                        (1 = 0.5%) {19.1%}
902   ... 
907   -O                                                                        (1 = 0.5%) {19.7%}
908   ... 
954   -O                                                                        (1 = 0.5%) {20.2%}
955   ... 
970   -O                                                                        (1 = 0.5%) {20.8%}
971   O                                                                         (0 = 0.0%) {21.3%}
972   -O                                                                        (1 = 0.5%) {21.3%}
973   -O                                                                        (1 = 0.5%) {21.9%}
974   ... 
976   -O                                                                        (1 = 0.5%) {22.4%}
977   ... 
1023  -O                                                                        (1 = 0.5%) {23.0%}
1024  ... 
1067  -O                                                                        (1 = 0.5%) {23.5%}
1068  O                                                                         (0 = 0.0%) {24.0%}
1069  -O                                                                        (1 = 0.5%) {24.0%}
1070  -O                                                                        (1 = 0.5%) {24.6%}
1071  ... 
1075  -O                                                                        (1 = 0.5%) {25.1%}
1076  -O                                                                        (1 = 0.5%) {25.7%}
1077  ... 
1124  -O                                                                        (1 = 0.5%) {26.2%}
1125  ... 
1302  -O                                                                        (1 = 0.5%) {26.8%}
1303  ... 
1347  -O                                                                        (1 = 0.5%) {27.3%}
1348  ... 
1351  -O                                                                        (1 = 0.5%) {27.9%}
1352  ... 
1354  -O                                                                        (1 = 0.5%) {28.4%}
1355  ... 
1368  -O                                                                        (1 = 0.5%) {29.0%}
1369  ... 
1417  -O                                                                        (1 = 0.5%) {29.5%}
1418  ... 
1441  -O                                                                        (1 = 0.5%) {30.1%}
1442  ... 
1458  -O                                                                        (1 = 0.5%) {30.6%}
1459  -O                                                                        (1 = 0.5%) {31.1%}
1460  ... 
1462  -O                                                                        (1 = 0.5%) {31.7%}
1463  -O                                                                        (1 = 0.5%) {32.2%}
1464  ... 
1467  -O                                                                        (1 = 0.5%) {32.8%}
1468  ... 
1502  -O                                                                        (1 = 0.5%) {33.3%}
1503  ... 
1692  -O                                                                        (1 = 0.5%) {33.9%}
1693  -O                                                                        (1 = 0.5%) {34.4%}
1694  ... 
1827  -O                                                                        (1 = 0.5%) {35.0%}
1828  ... 
2010  -O                                                                        (1 = 0.5%) {35.5%}
2011  ... 
2013  -O                                                                        (1 = 0.5%) {36.1%}
2014  ... 
2077  -O                                                                        (1 = 0.5%) {36.6%}
2078  ... 
2094  -O                                                                        (1 = 0.5%) {37.2%}
2095  O                                                                         (0 = 0.0%) {37.7%}
2096  -O                                                                        (1 = 0.5%) {37.7%}
2097  ... 
2100  -O                                                                        (1 = 0.5%) {38.3%}
2101  ... 
2112  -O                                                                        (1 = 0.5%) {38.8%}
2113  ... 
2121  -O                                                                        (1 = 0.5%) {39.3%}
2122  ... 
2157  -O                                                                        (1 = 0.5%) {39.9%}
2158  ... 
2188  -O                                                                        (1 = 0.5%) {40.4%}
2189  ... 
2191  -O                                                                        (1 = 0.5%) {41.0%}
2192  ... 
2195  -O                                                                        (1 = 0.5%) {41.5%}
2196  ... 
2203  -O                                                                        (1 = 0.5%) {42.1%}
2204  -O                                                                        (1 = 0.5%) {42.6%}
2205  ... 
2217  -O                                                                        (1 = 0.5%) {43.2%}
2218  ... 
2226  -O                                                                        (1 = 0.5%) {43.7%}
2227  O                                                                         (0 = 0.0%) {44.3%}
2228  -O                                                                        (1 = 0.5%) {44.3%}
2229  -O                                                                        (1 = 0.5%) {44.8%}
2230  ... 
2236  -O                                                                        (1 = 0.5%) {45.4%}
2237  ... 
2298  -O                                                                        (1 = 0.5%) {45.9%}
2299  ... 
2314  -O                                                                        (1 = 0.5%) {46.4%}
2315  ... 
2319  -O                                                                        (1 = 0.5%) {47.0%}
2320  ... 
2322  -O                                                                        (1 = 0.5%) {47.5%}
2323  ... 
2347  -O                                                                        (1 = 0.5%) {48.1%}
2348  ... 
2355  -O                                                                        (1 = 0.5%) {48.6%}
2356  ... 
2361  -O                                                                        (1 = 0.5%) {49.2%}
2362  ... 
2387  -O                                                                        (1 = 0.5%) {49.7%}
2388  -O                                                                        (1 = 0.5%) {50.3%}
2389  ... 
2399  -O                                                                        (1 = 0.5%) {50.8%}
2400  ... 
2413  -O                                                                        (1 = 0.5%) {51.4%}
2414  ... 
2429  -O                                                                        (1 = 0.5%) {51.9%}
2430  O                                                                         (0 = 0.0%) {52.5%}
2431  -O                                                                        (1 = 0.5%) {52.5%}
2432  ... 
2487  -O                                                                        (1 = 0.5%) {53.0%}
2488  ... 
2518  -O                                                                        (1 = 0.5%) {53.6%}
2519  ... 
2618  -O                                                                        (1 = 0.5%) {54.1%}
2619  ... 
2654  -O                                                                        (1 = 0.5%) {54.6%}
2655  -O                                                                        (1 = 0.5%) {55.2%}
2656  -O                                                                        (1 = 0.5%) {55.7%}
2657  -O                                                                        (1 = 0.5%) {56.3%}
2658  -O                                                                        (1 = 0.5%) {56.8%}
2659  -O                                                                        (1 = 0.5%) {57.4%}
2660  -O                                                                        (1 = 0.5%) {57.9%}
2661  -O                                                                        (1 = 0.5%) {58.5%}
2662  -O                                                                        (1 = 0.5%) {59.0%}
2663  -O                                                                        (1 = 0.5%) {59.6%}
2664  ... 
2699  -O                                                                        (1 = 0.5%) {60.1%}
2700  -O                                                                        (1 = 0.5%) {60.7%}
2701  -O                                                                        (1 = 0.5%) {61.2%}
2702  -O                                                                        (1 = 0.5%) {61.7%}
2703  -O                                                                        (1 = 0.5%) {62.3%}
2704  -O                                                                        (1 = 0.5%) {62.8%}
2705  -O                                                                        (1 = 0.5%) {63.4%}
2706  -O                                                                        (1 = 0.5%) {63.9%}
2707  -O                                                                        (1 = 0.5%) {64.5%}
2708  ... 
2710  -O                                                                        (1 = 0.5%) {65.0%}
2711  -O                                                                        (1 = 0.5%) {65.6%}
2712  ... 
2714  -O                                                                        (1 = 0.5%) {66.1%}
2715  -O                                                                        (1 = 0.5%) {66.7%}
2716  -O                                                                        (1 = 0.5%) {67.2%}
2717  ... 
2738  -O                                                                        (1 = 0.5%) {67.8%}
2739  ... 
2769  -O                                                                        (1 = 0.5%) {68.3%}
2770  ... 
2789  -O                                                                        (1 = 0.5%) {68.9%}
2790  -O                                                                        (1 = 0.5%) {69.4%}
2791  -O                                                                        (1 = 0.5%) {69.9%}
2792  -O                                                                        (1 = 0.5%) {70.5%}
2793  ... 
2841  -O                                                                        (1 = 0.5%) {71.0%}
2842  ... 
2903  -O                                                                        (1 = 0.5%) {71.6%}
2904  -O                                                                        (1 = 0.5%) {72.1%}
2905  ... 
2927  -O                                                                        (1 = 0.5%) {72.7%}
2928  ... 
2935  -O                                                                        (1 = 0.5%) {73.2%}
2936  ... 
3004  -O                                                                        (1 = 0.5%) {73.8%}
3005  ... 
3019  -O                                                                        (1 = 0.5%) {74.3%}
3020  -O                                                                        (1 = 0.5%) {74.9%}
3021  ... 
3028  -O                                                                        (1 = 0.5%) {75.4%}
3029  ... 
3066  -O                                                                        (1 = 0.5%) {76.0%}
3067  ... 
3116  -O                                                                        (1 = 0.5%) {76.5%}
3117  ... 
3157  -O                                                                        (1 = 0.5%) {77.0%}
3158  ... 
3189  -O                                                                        (1 = 0.5%) {77.6%}
3190  ... 
3198  -O                                                                        (1 = 0.5%) {78.1%}
3199  ... 
3254  -O                                                                        (1 = 0.5%) {78.7%}
3255  ... 
3273  -O                                                                        (1 = 0.5%) {79.2%}
3274  O                                                                         (0 = 0.0%) {79.8%}
3275  -O                                                                        (1 = 0.5%) {79.8%}
3276  ... 
3307  -O                                                                        (1 = 0.5%) {80.3%}
3308  -O                                                                        (1 = 0.5%) {80.9%}
3309  ... 
3349  -O                                                                        (1 = 0.5%) {81.4%}
3350  ... 
3359  -O                                                                        (1 = 0.5%) {82.0%}
3360  ... 
3409  -O                                                                        (1 = 0.5%) {82.5%}
3410  ... 
3444  -O                                                                        (1 = 0.5%) {83.1%}
3445  ... 
3580  -O                                                                        (1 = 0.5%) {83.6%}
3581  -O                                                                        (1 = 0.5%) {84.2%}
3582  ... 
3698  -O                                                                        (1 = 0.5%) {84.7%}
3699  ... 
3789  -O                                                                        (1 = 0.5%) {85.2%}
3790  -O                                                                        (1 = 0.5%) {85.8%}
3791  ... 
3803  -O                                                                        (1 = 0.5%) {86.3%}
3804  ... 
3870  -O                                                                        (1 = 0.5%) {86.9%}
3871  ... 
3945  -O                                                                        (1 = 0.5%) {87.4%}
3946  ... 
3973  -O                                                                        (1 = 0.5%) {88.0%}
3974  ... 
4007  -O                                                                        (1 = 0.5%) {88.5%}
4008  ... 
4079  -O                                                                        (1 = 0.5%) {89.1%}
4080  ... 
4113  -O                                                                        (1 = 0.5%) {89.6%}
4114  ... 
4161  -O                                                                        (1 = 0.5%) {90.2%}
4162  ... 
4177  -O                                                                        (1 = 0.5%) {90.7%}
4178  ... 
4194  -O                                                                        (1 = 0.5%) {91.3%}
4195  O                                                                         (0 = 0.0%) {91.8%}
4196  -O                                                                        (1 = 0.5%) {91.8%}
4197  ... 
4240  -O                                                                        (1 = 0.5%) {92.3%}
4241  O                                                                         (0 = 0.0%) {92.9%}
4242  -O                                                                        (1 = 0.5%) {92.9%}
4243  ... 
4307  -O                                                                        (1 = 0.5%) {93.4%}
4308  ... 
4317  -O                                                                        (1 = 0.5%) {94.0%}
4318  ... 
4346  -O                                                                        (1 = 0.5%) {94.5%}
4347  ... 
4379  -O                                                                        (1 = 0.5%) {95.1%}
4380  ... 
4419  -O                                                                        (1 = 0.5%) {95.6%}
4420  ... 
4561  -O                                                                        (1 = 0.5%) {96.2%}
4562  ... 
4673  -O                                                                        (1 = 0.5%) {96.7%}
4674  ... 
4743  -O                                                                        (1 = 0.5%) {97.3%}
4744  ... 
4877  -O                                                                        (1 = 0.5%) {97.8%}
4878  ... 
4961  -O                                                                        (1 = 0.5%) {98.4%}
4962  ... 
4994  -O                                                                        (1 = 0.5%) {98.9%}
4995  ... 
5018  -O                                                                        (1 = 0.5%) {99.5%}
5019  ... 

Histogram: Blink.UseCounter.MainFrame.Features recorded 183 samples, mean = 2264.8 (flags = 0x41)
0     ... 
13    -O                                                                        (1 = 0.5%) {0.0%}
14    ... 
16    -O                                                                        (1 = 0.5%) {0.5%}
17    ... 
52    -O                                                                        (1 = 0.5%) {1.1%}
53    ... 
69    -O                                                                        (1 = 0.5%) {1.6%}
70    ... 
123   -O                                                                        (1 = 0.5%) {2.2%}
124   -O                                                                        (1 = 0.5%) {2.7%}
125   -O                                                                        (1 = 0.5%) {3.3%}
126   ... 
138   -O                                                                        (1 = 0.5%) {3.8%}
139   ... 
240   -O                                                                        (1 = 0.5%) {4.4%}
241   ... 
250   -O                                                                        (1 = 0.5%) {4.9%}
251   ... 
429   -O                                                                        (1 = 0.5%) {5.5%}
430   -O                                                                        (1 = 0.5%) {6.0%}
431   -O                                                                        (1 = 0.5%) {6.6%}
432   -O                                                                        (1 = 0.5%) {7.1%}
433   ... 
469   -O                                                                        (1 = 0.5%) {7.7%}
470   ... 
494   -O                                                                        (1 = 0.5%) {8.2%}
495   ... 
522   -O                                                                        (1 = 0.5%) {8.7%}
523   -O                                                                        (1 = 0.5%) {9.3%}
524   -O                                                                        (1 = 0.5%) {9.8%}
525   ... 
540   -O                                                                        (1 = 0.5%) {10.4%}
541   ... 
587   -O                                                                        (1 = 0.5%) {10.9%}
588   -O                                                                        (1 = 0.5%) {11.5%}
589   ... 
675   -O                                                                        (1 = 0.5%) {12.0%}
676   ... 
710   -O                                                                        (1 = 0.5%) {12.6%}
711   -O                                                                        (1 = 0.5%) {13.1%}
712   -O                                                                        (1 = 0.5%) {13.7%}
713   ... 
717   -O                                                                        (1 = 0.5%) {14.2%}
718   ... 
730   -O                                                                        (1 = 0.5%) {14.8%}
731   ... 
744   -O                                                                        (1 = 0.5%) {15.3%}
745   ... 
780   -O                                                                        (1 = 0.5%) {15.8%}
781   -O                                                                        (1 = 0.5%) {16.4%}
782   ... 
786   -O                                                                        (1 = 0.5%) {16.9%}
787   -O                                                                        (1 = 0.5%) {17.5%}
788   ... 
804   -O                                                                        (1 = 0.5%) {18.0%}
805   ... 
900   -O                                                                        (1 = 0.5%) {18.6%}
901   -O                                                                        (1 = 0.5%) {19.1%}
902   ... 
907   -O                                                                        (1 = 0.5%) {19.7%}
908   ... 
954   -O                                                                        (1 = 0.5%) {20.2%}
955   ... 
970   -O                                                                        (1 = 0.5%) {20.8%}
971   O                                                                         (0 = 0.0%) {21.3%}
972   -O                                                                        (1 = 0.5%) {21.3%}
973   -O                                                                        (1 = 0.5%) {21.9%}
974   ... 
976   -O                                                                        (1 = 0.5%) {22.4%}
977   ... 
1023  -O                                                                        (1 = 0.5%) {23.0%}
1024  ... 
1067  -O                                                                        (1 = 0.5%) {23.5%}
1068  O                                                                         (0 = 0.0%) {24.0%}
1069  -O                                                                        (1 = 0.5%) {24.0%}
1070  -O                                                                        (1 = 0.5%) {24.6%}
1071  ... 
1075  -O                                                                        (1 = 0.5%) {25.1%}
1076  -O                                                                        (1 = 0.5%) {25.7%}
1077  ... 
1124  -O                                                                        (1 = 0.5%) {26.2%}
1125  ... 
1302  -O                                                                        (1 = 0.5%) {26.8%}
1303  ... 
1347  -O                                                                        (1 = 0.5%) {27.3%}
1348  ... 
1351  -O                                                                        (1 = 0.5%) {27.9%}
1352  ... 
1354  -O                                                                        (1 = 0.5%) {28.4%}
1355  ... 
1368  -O                                                                        (1 = 0.5%) {29.0%}
1369  ... 
1417  -O                                                                        (1 = 0.5%) {29.5%}
1418  ... 
1441  -O                                                                        (1 = 0.5%) {30.1%}
1442  ... 
1458  -O                                                                        (1 = 0.5%) {30.6%}
1459  -O                                                                        (1 = 0.5%) {31.1%}
1460  ... 
1462  -O                                                                        (1 = 0.5%) {31.7%}
1463  -O                                                                        (1 = 0.5%) {32.2%}
1464  ... 
1467  -O                                                                        (1 = 0.5%) {32.8%}
1468  ... 
1502  -O                                                                        (1 = 0.5%) {33.3%}
1503  ... 
1692  -O                                                                        (1 = 0.5%) {33.9%}
1693  -O                                                                        (1 = 0.5%) {34.4%}
1694  ... 
1827  -O                                                                        (1 = 0.5%) {35.0%}
1828  ... 
2010  -O                                                                        (1 = 0.5%) {35.5%}
2011  ... 
2013  -O                                                                        (1 = 0.5%) {36.1%}
2014  ... 
2077  -O                                                                        (1 = 0.5%) {36.6%}
2078  ... 
2094  -O                                                                        (1 = 0.5%) {37.2%}
2095  O                                                                         (0 = 0.0%) {37.7%}
2096  -O                                                                        (1 = 0.5%) {37.7%}
2097  ... 
2100  -O                                                                        (1 = 0.5%) {38.3%}
2101  ... 
2112  -O                                                                        (1 = 0.5%) {38.8%}
2113  ... 
2121  -O                                                                        (1 = 0.5%) {39.3%}
2122  ... 
2157  -O                                                                        (1 = 0.5%) {39.9%}
2158  ... 
2188  -O                                                                        (1 = 0.5%) {40.4%}
2189  ... 
2191  -O                                                                        (1 = 0.5%) {41.0%}
2192  ... 
2195  -O                                                                        (1 = 0.5%) {41.5%}
2196  ... 
2203  -O                                                                        (1 = 0.5%) {42.1%}
2204  -O                                                                        (1 = 0.5%) {42.6%}
2205  ... 
2217  -O                                                                        (1 = 0.5%) {43.2%}
2218  ... 
2226  -O                                                                        (1 = 0.5%) {43.7%}
2227  O                                                                         (0 = 0.0%) {44.3%}
2228  -O                                                                        (1 = 0.5%) {44.3%}
2229  -O                                                                        (1 = 0.5%) {44.8%}
2230  ... 
2236  -O                                                                        (1 = 0.5%) {45.4%}
2237  ... 
2298  -O                                                                        (1 = 0.5%) {45.9%}
2299  ... 
2314  -O                                                                        (1 = 0.5%) {46.4%}
2315  ... 
2319  -O                                                                        (1 = 0.5%) {47.0%}
2320  ... 
2322  -O                                                                        (1 = 0.5%) {47.5%}
2323  ... 
2347  -O                                                                        (1 = 0.5%) {48.1%}
2348  ... 
2355  -O                                                                        (1 = 0.5%) {48.6%}
2356  ... 
2361  -O                                                                        (1 = 0.5%) {49.2%}
2362  ... 
2387  -O                                                                        (1 = 0.5%) {49.7%}
2388  -O                                                                        (1 = 0.5%) {50.3%}
2389  ... 
2399  -O                                                                        (1 = 0.5%) {50.8%}
2400  ... 
2413  -O                                                                        (1 = 0.5%) {51.4%}
2414  ... 
2429  -O                                                                        (1 = 0.5%) {51.9%}
2430  O                                                                         (0 = 0.0%) {52.5%}
2431  -O                                                                        (1 = 0.5%) {52.5%}
2432  ... 
2487  -O                                                                        (1 = 0.5%) {53.0%}
2488  ... 
2518  -O                                                                        (1 = 0.5%) {53.6%}
2519  ... 
2618  -O                                                                        (1 = 0.5%) {54.1%}
2619  ... 
2654  -O                                                                        (1 = 0.5%) {54.6%}
2655  -O                                                                        (1 = 0.5%) {55.2%}
2656  -O                                                                        (1 = 0.5%) {55.7%}
2657  -O                                                                        (1 = 0.5%) {56.3%}
2658  -O                                                                        (1 = 0.5%) {56.8%}
2659  -O                                                                        (1 = 0.5%) {57.4%}
2660  -O                                                                        (1 = 0.5%) {57.9%}
2661  -O                                                                        (1 = 0.5%) {58.5%}
2662  -O                                                                        (1 = 0.5%) {59.0%}
2663  -O                                                                        (1 = 0.5%) {59.6%}
2664  ... 
2699  -O                                                                        (1 = 0.5%) {60.1%}
2700  -O                                                                        (1 = 0.5%) {60.7%}
2701  -O                                                                        (1 = 0.5%) {61.2%}
2702  -O                                                                        (1 = 0.5%) {61.7%}
2703  -O                                                                        (1 = 0.5%) {62.3%}
2704  -O                                                                        (1 = 0.5%) {62.8%}
2705  -O                                                                        (1 = 0.5%) {63.4%}
2706  -O                                                                        (1 = 0.5%) {63.9%}
2707  -O                                                                        (1 = 0.5%) {64.5%}
2708  ... 
2710  -O                                                                        (1 = 0.5%) {65.0%}
2711  -O                                                                        (1 = 0.5%) {65.6%}
2712  ... 
2714  -O                                                                        (1 = 0.5%) {66.1%}
2715  -O                                                                        (1 = 0.5%) {66.7%}
2716  -O                                                                        (1 = 0.5%) {67.2%}
2717  ... 
2738  -O                                                                        (1 = 0.5%) {67.8%}
2739  ... 
2769  -O                                                                        (1 = 0.5%) {68.3%}
2770  ... 
2789  -O                                                                        (1 = 0.5%) {68.9%}
2790  -O                                                                        (1 = 0.5%) {69.4%}
2791  -O                                                                        (1 = 0.5%) {69.9%}
2792  -O                                                                        (1 = 0.5%) {70.5%}
2793  ... 
2841  -O                                                                        (1 = 0.5%) {71.0%}
2842  ... 
2903  -O                                                                        (1 = 0.5%) {71.6%}
2904  -O                                                                        (1 = 0.5%) {72.1%}
2905  ... 
2927  -O                                                                        (1 = 0.5%) {72.7%}
2928  ... 
2935  -O                                                                        (1 = 0.5%) {73.2%}
2936  ... 
3004  -O                                                                        (1 = 0.5%) {73.8%}
3005  ... 
3019  -O                                                                        (1 = 0.5%) {74.3%}
3020  -O                                                                        (1 = 0.5%) {74.9%}
3021  ... 
3028  -O                                                                        (1 = 0.5%) {75.4%}
3029  ... 
3066  -O                                                                        (1 = 0.5%) {76.0%}
3067  ... 
3116  -O                                                                        (1 = 0.5%) {76.5%}
3117  ... 
3157  -O                                                                        (1 = 0.5%) {77.0%}
3158  ... 
3189  -O                                                                        (1 = 0.5%) {77.6%}
3190  ... 
3198  -O                                                                        (1 = 0.5%) {78.1%}
3199  ... 
3254  -O                                                                        (1 = 0.5%) {78.7%}
3255  ... 
3273  -O                                                                        (1 = 0.5%) {79.2%}
3274  O                                                                         (0 = 0.0%) {79.8%}
3275  -O                                                                        (1 = 0.5%) {79.8%}
3276  ... 
3307  -O                                                                        (1 = 0.5%) {80.3%}
3308  -O                                                                        (1 = 0.5%) {80.9%}
3309  ... 
3349  -O                                                                        (1 = 0.5%) {81.4%}
3350  ... 
3359  -O                                                                        (1 = 0.5%) {82.0%}
3360  ... 
3409  -O                                                                        (1 = 0.5%) {82.5%}
3410  ... 
3444  -O                                                                        (1 = 0.5%) {83.1%}
3445  ... 
3580  -O                                                                        (1 = 0.5%) {83.6%}
3581  -O                                                                        (1 = 0.5%) {84.2%}
3582  ... 
3698  -O                                                                        (1 = 0.5%) {84.7%}
3699  ... 
3789  -O                                                                        (1 = 0.5%) {85.2%}
3790  -O                                                                        (1 = 0.5%) {85.8%}
3791  ... 
3803  -O                                                                        (1 = 0.5%) {86.3%}
3804  ... 
3870  -O                                                                        (1 = 0.5%) {86.9%}
3871  ... 
3945  -O                                                                        (1 = 0.5%) {87.4%}
3946  ... 
3973  -O                                                                        (1 = 0.5%) {88.0%}
3974  ... 
4007  -O                                                                        (1 = 0.5%) {88.5%}
4008  ... 
4079  -O                                                                        (1 = 0.5%) {89.1%}
4080  ... 
4113  -O                                                                        (1 = 0.5%) {89.6%}
4114  ... 
4161  -O                                                                        (1 = 0.5%) {90.2%}
4162  ... 
4177  -O                                                                        (1 = 0.5%) {90.7%}
4178  ... 
4194  -O                                                                        (1 = 0.5%) {91.3%}
4195  O                                                                         (0 = 0.0%) {91.8%}
4196  -O                                                                        (1 = 0.5%) {91.8%}
4197  ... 
4240  -O                                                                        (1 = 0.5%) {92.3%}
4241  O                                                                         (0 = 0.0%) {92.9%}
4242  -O                                                                        (1 = 0.5%) {92.9%}
4243  ... 
4307  -O                                                                        (1 = 0.5%) {93.4%}
4308  ... 
4317  -O                                                                        (1 = 0.5%) {94.0%}
4318  ... 
4346  -O                                                                        (1 = 0.5%) {94.5%}
4347  ... 
4379  -O                                                                        (1 = 0.5%) {95.1%}
4380  ... 
4419  -O                                                                        (1 = 0.5%) {95.6%}
4420  ... 
4561  -O                                                                        (1 = 0.5%) {96.2%}
4562  ... 
4673  -O                                                                        (1 = 0.5%) {96.7%}
4674  ... 
4743  -O                                                                        (1 = 0.5%) {97.3%}
4744  ... 
4877  -O                                                                        (1 = 0.5%) {97.8%}
4878  ... 
4961  -O                                                                        (1 = 0.5%) {98.4%}
4962  ... 
4994  -O                                                                        (1 = 0.5%) {98.9%}
4995  ... 
5018  -O                                                                        (1 = 0.5%) {99.5%}
5019  ... 

Histogram: Blink.UseCounter.PermissionsPolicy.Allow2 recorded 0 samples (flags = 0x41)
0 ... 

Histogram: Blink.UseCounter.PermissionsPolicy.Header2 recorded 0 samples (flags = 0x41)
0 ... 

Histogram: Blink.UseCounter.PermissionsPolicy.Violation.Enforce recorded 0 samples (flags = 0x41)
0 ... 

Histogram: Blink.UseCounter.WebDXFeatures recorded 15 samples, mean = 37.7 (flags = 0x41)
0   ... 
5   -O                                                                        (1 = 6.7%) {0.0%}
6   ... 
8   -O                                                                        (1 = 6.7%) {6.7%}
9   -O                                                                        (1 = 6.7%) {13.3%}
10  O                                                                         (0 = 0.0%) {20.0%}
11  -O                                                                        (1 = 6.7%) {20.0%}
12  ... 
27  -O                                                                        (1 = 6.7%) {26.7%}
28  -O                                                                        (1 = 6.7%) {33.3%}
29  -O                                                                        (1 = 6.7%) {40.0%}
30  ... 
38  -O                                                                        (1 = 6.7%) {46.7%}
39  -O                                                                        (1 = 6.7%) {53.3%}
40  ... 
45  -O                                                                        (1 = 6.7%) {60.0%}
46  -O                                                                        (1 = 6.7%) {66.7%}
47  ... 
58  -O                                                                        (1 = 6.7%) {73.3%}
59  ... 
68  -O                                                                        (1 = 6.7%) {80.0%}
69  ... 
71  -O                                                                        (1 = 6.7%) {86.7%}
72  ... 
83  -O                                                                        (1 = 6.7%) {93.3%}
84  ... 

Histogram: Blink.UserDrivenDocumentUpdate.UpdateTime.PreFCP recorded 1 samples, mean = 15.0 (flags = 0x41)
0   ... 
15  -O                                                                        (1 = 100.0%) {0.0%}
21  ... 

Histogram: Bookmarks.BookmarkBar.Shown recorded 1 samples, mean = 0.0 (flags = 0x41)
0  -O                                                                        (1 = 100.0%)
1  ... 

Histogram: Bookmarks.Count.OnProfileLoad3 recorded 1 samples, mean = 0.0 (flags = 0x41)
0  -O                                                                        (1 = 100.0%)
1  ... 

Histogram: Bookmarks.Storage.TimeToLoadAtStartup2 recorded 1 samples, mean = 18555.0 (flags = 0x41)
0      ... 
10000  -O                                                                        (1 = 100.0%) {0.0%}

Histogram: Bookmarks.Times.OnProfileLoad.TimeSinceAdded3 recorded 1 samples, mean = 0.0 (flags = 0x41)
0  -O                                                                        (1 = 100.0%)
1  ... 

Histogram: Bookmarks.Utilization.OnProfileLoad.PercentageUsed recorded 1 samples, mean = 0.0 (flags = 0x41)
0  -O                                                                        (1 = 100.0%)
1  ... 

Histogram: Bookmarks.Utilization.OnProfileLoad.TotalUnused recorded 1 samples, mean = 0.0 (flags = 0x41)
0  -O                                                                        (1 = 100.0%)
1  ... 

Histogram: Bookmarks.Utilization.OnProfileLoad.TotalUsed recorded 1 samples, mean = 0.0 (flags = 0x41)
0  -O                                                                        (1 = 100.0%)
1  ... 

Histogram: BrotliFilter.CompressionPercent recorded 40 samples, mean = 29.2 (flags = 0x41)
0    ... 
9    --O                                                                       (2 = 5.0%) {0.0%}
10   -O                                                                        (1 = 2.5%) {5.0%}
11   ... 
13   --O                                                                       (2 = 5.0%) {7.5%}
14   -O                                                                        (1 = 2.5%) {12.5%}
15   -O                                                                        (1 = 2.5%) {15.0%}
16   -O                                                                        (1 = 2.5%) {17.5%}
17   --O                                                                       (2 = 5.0%) {20.0%}
18   O                                                                         (0 = 0.0%) {25.0%}
19   --O                                                                       (2 = 5.0%) {25.0%}
20   O                                                                         (0 = 0.0%) {30.0%}
21   -O                                                                        (1 = 2.5%) {30.0%}
22   ---O                                                                      (3 = 7.5%) {32.5%}
23   ... 
25   ---O                                                                      (3 = 7.5%) {40.0%}
26   --O                                                                       (2 = 5.0%) {47.5%}
27   O                                                                         (0 = 0.0%) {52.5%}
28   ---O                                                                      (3 = 7.5%) {52.5%}
29   ---O                                                                      (3 = 7.5%) {60.0%}
30   -O                                                                        (1 = 2.5%) {67.5%}
31   -O                                                                        (1 = 2.5%) {70.0%}
32   -O                                                                        (1 = 2.5%) {72.5%}
33   --O                                                                       (2 = 5.0%) {75.0%}
34   O                                                                         (0 = 0.0%) {80.0%}
35   -O                                                                        (1 = 2.5%) {80.0%}
36   -O                                                                        (1 = 2.5%) {82.5%}
37   O                                                                         (0 = 0.0%) {85.0%}
38   -O                                                                        (1 = 2.5%) {85.0%}
39   ... 
43   -O                                                                        (1 = 2.5%) {87.5%}
44   O                                                                         (0 = 0.0%) {90.0%}
45   -O                                                                        (1 = 2.5%) {90.0%}
46   ... 
48   -O                                                                        (1 = 2.5%) {92.5%}
49   ... 
71   -O                                                                        (1 = 2.5%) {95.0%}
72   ... 
101  -O                                                                        (1 = 2.5%) {97.5%}

Histogram: BrotliFilter.Status recorded 40 samples, mean = 1.0 (flags = 0x41)
0  O                                                                         (0 = 0.0%)
1  ----------------------------------------O                                 (40 = 100.0%) {0.0%}
2  ... 

Histogram: BrotliFilter.UsedMemoryKB recorded 40 samples, mean = 170.1 (flags = 0x41)
0    ... 
16   -O                                                                        (1 = 2.5%) {0.0%}
20   O                                                                         (0 = 0.0%) {2.5%}
25   ----O                                                                     (4 = 10.0%) {2.5%}
31   -----O                                                                    (5 = 12.5%) {12.5%}
39   -----O                                                                    (5 = 12.5%) {25.0%}
49   O                                                                         (0 = 0.0%) {37.5%}
61   -O                                                                        (1 = 2.5%) {37.5%}
76   ----------O                                                               (10 = 25.0%) {40.0%}
95   O                                                                         (0 = 0.0%) {65.0%}
119  ----O                                                                     (4 = 10.0%) {65.0%}
149  O                                                                         (0 = 0.0%) {75.0%}
187  --O                                                                       (2 = 5.0%) {75.0%}
234  O                                                                         (0 = 0.0%) {80.0%}
293  -O                                                                        (1 = 2.5%) {80.0%}
367  ---O                                                                      (3 = 7.5%) {82.5%}
460  O                                                                         (0 = 0.0%) {90.0%}
576  -O                                                                        (1 = 2.5%) {90.0%}
722  ---O                                                                      (3 = 7.5%) {92.5%}
905  ... 

Histogram: Browser.MainThreadsCongestion.RunningOnly recorded 17 samples, mean = 0.4 (flags = 0x41)
0  ----------------O                                                         (16 = 94.1%)
1  ... 
6  -O                                                                        (1 = 5.9%) {94.1%}
7  ... 

Histogram: Browser.MainThreadsCongestion.RunningOnly.Initial recorded 1 samples, mean = 6.0 (flags = 0x41)
0  ... 
6  -O                                                                        (1 = 100.0%) {0.0%}
7  ... 

Histogram: Browser.Responsiveness.IOJanksTotalPerMinute recorded 8 samples, mean = 0.0 (flags = 0x41)
0  --------O                                                                 (8 = 100.0%)
1  ... 

Histogram: Browser.Responsiveness.IOJankyIntervalsPerMinute recorded 8 samples, mean = 0.0 (flags = 0x41)
0  --------O                                                                 (8 = 100.0%)
1  ... 

Histogram: BrowserRenderProcessHost.Cleanup.DelayReason recorded 12 samples, mean = 6.8 (flags = 0x41)
0  ---O                                                                      (3 = 25.0%)
1  ... 
9  ---------O                                                                (9 = 75.0%) {25.0%}
10 ... 

Histogram: BrowserRenderProcessHost.Cleanup.Total recorded 12 samples, mean = 1.0 (flags = 0x41)
0  O                                                                         (0 = 0.0%)
1  ------------O                                                             (12 = 100.0%) {0.0%}
2  O                                                                         (0 = 0.0%) {100.0%}

Histogram: BrowserRenderProcessHost.ExistingRendererIsInitializedAndNotDead recorded 1 samples, mean = 1.0 (flags = 0x41)
0  O                                                                         (0 = 0.0%)
1  -O                                                                        (1 = 100.0%) {0.0%}
2  O                                                                         (0 = 0.0%) {100.0%}

Histogram: BrowserRenderProcessHost.FastShutdownIfPossible.DelayReason recorded 1 samples, mean = 4.0 (flags = 0x41)
0  ... 
4  -O                                                                        (1 = 100.0%) {0.0%}
5  ... 

Histogram: BrowserRenderProcessHost.FastShutdownIfPossible.Total recorded 1 samples, mean = 1.0 (flags = 0x41)
0  O                                                                         (0 = 0.0%)
1  -O                                                                        (1 = 100.0%) {0.0%}
2  O                                                                         (0 = 0.0%) {100.0%}

Histogram: BrowserRenderProcessHost.SpareProcessEvictedOtherSpare recorded 2 samples, mean = 0.0 (flags = 0x41)
0  --O                                                                       (2 = 100.0%)
1  ... 

Histogram: BrowserRenderProcessHost.SpareProcessMaybeTakeAction recorded 2 samples, mean = 2.0 (flags = 0x41)
0  -O                                                                        (1 = 50.0%)
1  ... 
4  -O                                                                        (1 = 50.0%) {50.0%}
5  ... 

Histogram: BrowserRenderProcessHost.SpareProcessStartupTime recorded 2 samples, mean = 9824.5 (flags = 0x41)
0      ... 
633    -O                                                                        (1 = 50.0%) {0.0%}
752    ... 
10000  -O                                                                        (1 = 50.0%) {50.0%}

Histogram: BrowserSwitcher.ExternalGreylistSize recorded 1 samples, mean = 0.0 (flags = 0x41)
0  -O                                                                        (1 = 100.0%)
1  ... 

Histogram: BrowserSwitcher.ExternalSitelistSize recorded 1 samples, mean = 0.0 (flags = 0x41)
0  -O                                                                        (1 = 100.0%)
1  ... 

Histogram: BrowserSwitcher.IeemSitelistSize recorded 1 samples, mean = 0.0 (flags = 0x41)
0  -O                                                                        (1 = 100.0%)
1  ... 

Histogram: BrowsingTopics.BrowsingTopicsState.LoadFinishStatus recorded 1 samples, mean = 1.0 (flags = 0x41)
0  O                                                                         (0 = 0.0%)
1  -O                                                                        (1 = 100.0%) {0.0%}
2  O                                                                         (0 = 0.0%) {100.0%}

Histogram: BrowsingTopics.SiteDataStorage.FileSize.KB recorded 1 samples, mean = 28.0 (flags = 0x41)
0   ... 
28  -O                                                                        (1 = 100.0%) {0.0%}
37  ... 

Histogram: BrowsingTopics.SiteDataStorage.InitStatus recorded 1 samples, mean = 1.0 (flags = 0x41)
0  O                                                                         (0 = 0.0%)
1  -O                                                                        (1 = 100.0%) {0.0%}
2  O                                                                         (0 = 0.0%) {100.0%}

Histogram: CPU.Experimental.CpuEstimationTaskMigrated recorded 1 samples, mean = 0.0 (flags = 0x41)
0  -O                                                                        (1 = 100.0%)
1  ... 

Histogram: CPU.Experimental.CpuEstimationTaskQueuedTime.Performance recorded 1 samples, mean = 16.0 (flags = 0x41)
0   ... 
16  -O                                                                        (1 = 100.0%) {0.0%}
21  ... 

Histogram: CPU.Experimental.CpuEstimationTaskThreadTime.Performance recorded 1 samples, mean = 115.0 (flags = 0x41)
0    ... 
113  -O                                                                        (1 = 100.0%) {0.0%}
149  ... 

Histogram: CPU.Experimental.CpuEstimationTaskTotalTime.Performance recorded 1 samples, mean = 133.0 (flags = 0x41)
0    ... 
113  -O                                                                        (1 = 100.0%) {0.0%}
149  ... 

Histogram: CPU.Experimental.CpuEstimationTaskWallTime.Performance recorded 1 samples, mean = 117.0 (flags = 0x41)
0    ... 
113  -O                                                                        (1 = 100.0%) {0.0%}
149  ... 

Histogram: CPU.Experimental.CpuEstimationThreadTimePercent.Performance recorded 1 samples, mean = 98.0 (flags = 0x41)
0   ... 
98  -O                                                                        (1 = 100.0%) {0.0%}
99  ... 

Histogram: CPU.Experimental.EstimatedFrequencyAsPercentOfLimit.Performance recorded 1 samples, mean = 97.0 (flags = 0x41)
0   ... 
97  -O                                                                        (1 = 100.0%) {0.0%}
98  ... 

Histogram: CPU.Experimental.EstimatedFrequencyAsPercentOfMax.Performance recorded 1 samples, mean = 97.0 (flags = 0x41)
0   ... 
97  -O                                                                        (1 = 100.0%) {0.0%}
98  ... 

Histogram: CertificateType2.BR.Intermediate.ECDSA recorded 7 samples, mean = 292.6 (flags = 0x41)
0    ... 
256  -----O                                                                    (5 = 71.4%) {0.0%}
257  ... 
384  --O                                                                       (2 = 28.6%) {71.4%}
385  ... 

Histogram: CertificateType2.BR.Intermediate.RSA recorded 1 samples, mean = 2048.0 (flags = 0x41)
0     ... 
2048  -O                                                                        (1 = 100.0%) {0.0%}
2049  ... 

Histogram: CertificateType2.BR.Leaf.ECDSA recorded 6 samples, mean = 256.0 (flags = 0x41)
0    ... 
256  ------O                                                                   (6 = 100.0%) {0.0%}
257  ... 

Histogram: CertificateType2.BR.Leaf.RSA recorded 1 samples, mean = 2048.0 (flags = 0x41)
0     ... 
2048  -O                                                                        (1 = 100.0%) {0.0%}
2049  ... 

Histogram: CertificateType2.BR.Root.ECDSA recorded 6 samples, mean = 384.0 (flags = 0x41)
0    ... 
384  ------O                                                                   (6 = 100.0%) {0.0%}
385  ... 

Histogram: CertificateType2.BR.Root.RSA recorded 1 samples, mean = 2048.0 (flags = 0x41)
0     ... 
2048  -O                                                                        (1 = 100.0%) {0.0%}
2049  ... 

Histogram: ChildProcess.Launched.UtilityProcessHash recorded 3 samples (flags = 0x41)
-2043041185 -O                                                                        (1 = 33.3%)
-1468742076 -O                                                                        (1 = 33.3%)
1411170475  -O                                                                        (1 = 33.3%)

Histogram: ChildProcess.ProcessLifetime.Utility recorded 3 samples, mean = 343650.3 (flags = 0x41)
0       ... 
539     -O                                                                        (1 = 33.3%) {0.0%}
730     ... 
429605  --O                                                                       (2 = 66.7%) {33.3%}
582049  ... 

Histogram: Chrome.ProcessSingleton.NotifyResult recorded 1 samples, mean = 0.0 (flags = 0x41)
0  -O                                                                        (1 = 100.0%)
1  ... 

Histogram: Chrome.ProcessSingleton.TimeToCreate recorded 1 samples, mean = 14.0 (flags = 0x41)
0   ... 
12  -O                                                                        (1 = 100.0%) {0.0%}
15  ... 

Histogram: Chrome.SystemNetworkContextManager.NetworkSandboxState recorded 4 samples, mean = 0.0 (flags = 0x41)
0  ----O                                                                     (4 = 100.0%)
1  ... 

Histogram: ChromeElf.Beacon.RetryAttemptsBeforeSuccess recorded 1 samples, mean = 0.0 (flags = 0x41)
0  -O                                                                        (1 = 100.0%)
1  ... 

Histogram: ChromeElf.Beacon.SetupStatus recorded 2 samples, mean = 0.5 (flags = 0x41)
0  -O                                                                        (1 = 50.0%)
1  -O                                                                        (1 = 50.0%) {50.0%}
2  ... 

Histogram: ChromeElf.ExtensionPoint.EnableState recorded 1 samples, mean = 1.0 (flags = 0x41)
0  O                                                                         (0 = 0.0%)
1  -O                                                                        (1 = 100.0%) {0.0%}
2  O                                                                         (0 = 0.0%) {100.0%}

Histogram: ClientHints.CriticalCHRestart recorded 1 samples, mean = 0.0 (flags = 0x41)
0  -O                                                                        (1 = 100.0%)
1  ... 

Histogram: ClientHints.FetchLatency_PrefRead recorded 6 samples, mean = 10.7 (flags = 0x41)
0   ... 
8   -----O                                                                    (5 = 83.3%) {0.0%}
11  ... 
21  -O                                                                        (1 = 16.7%) {83.3%}
29  ... 

Histogram: ClientHints.FetchLatency_PrerenderHost recorded 6 samples, mean = 30.8 (flags = 0x41)
0    ----O                                                                     (4 = 66.7%)
1    -O                                                                        (1 = 16.7%) {66.7%}
2    ... 
146  -O                                                                        (1 = 16.7%) {83.3%}
203  ... 

Histogram: ClientHints.FetchLatency_Total recorded 6 samples, mean = 41.5 (flags = 0x41)
0    ... 
8    -----O                                                                    (5 = 83.3%) {0.0%}
11   ... 
203  -O                                                                        (1 = 16.7%) {83.3%}
282  ... 

Histogram: Commerce.PDPNavigation.ShoppingList.IneligibilityReason recorded 6 samples, mean = 4.0 (flags = 0x41)
0  ... 
3  --O                                                                       (2 = 33.3%) {0.0%}
4  --O                                                                       (2 = 33.3%) {33.3%}
5  --O                                                                       (2 = 33.3%) {66.7%}
6  ... 

Histogram: Commerce.PriceTracking.DanglingUserSubscriptionCountAtStartup recorded 1 samples, mean = 0.0 (flags = 0x41)
0  -O                                                                        (1 = 100.0%)
1  ... 

Histogram: Compositing.Browser.CompositorFrame.Quads recorded 3 samples, mean = 1.0 (flags = 0x41)
0  O                                                                         (0 = 0.0%)
1  ---O                                                                      (3 = 100.0%) {0.0%}
2  ... 

Histogram: Compositing.Browser.LayerTreeImpl.CalculateDrawPropertiesUs recorded 3 samples, mean = 17.7 (flags = 0x41)
0   ... 
7   -O                                                                        (1 = 33.3%) {0.0%}
9   -O                                                                        (1 = 33.3%) {33.3%}
12  ... 
28  -O                                                                        (1 = 33.3%) {66.7%}
37  ... 

Histogram: Compositing.Browser.LayersUpdateTime recorded 3 samples, mean = 16018.0 (flags = 0x41)
0      ... 
6      -O                                                                        (1 = 33.3%) {0.0%}
8      ... 
21     -O                                                                        (1 = 33.3%) {33.3%}
29     ... 
38240  -O                                                                        (1 = 33.3%) {66.7%}
53055  ... 

Histogram: Compositing.ColorGamut recorded 5 samples, mean = 0.0 (flags = 0x41)
0  -----O                                                                    (5 = 100.0%)
1  ... 

Histogram: Compositing.DidMainThreadBlockDuringCommit recorded 11 samples, mean = 0.1 (flags = 0x41)
0  ----------O                                                               (10 = 90.9%)
1  -O                                                                        (1 = 9.1%) {90.9%}
2  O                                                                         (0 = 0.0%) {100.0%}

Histogram: Compositing.DirectRenderer.OverlayProcessingUs recorded 5 samples, mean = 0.4 (flags = 0x41)
0  -----O                                                                    (5 = 100.0%)
5  ... 

Histogram: Compositing.DirectRenderer.PartialSwap.ExtraDamage recorded 5 samples, mean = 0.0 (flags = 0x41)
0  -----O                                                                    (5 = 100.0%)
1  ... 

Histogram: Compositing.DirectRenderer.PartialSwap.FrameBufferDamage recorded 5 samples, mean = 0.0 (flags = 0x41)
0  -----O                                                                    (5 = 100.0%)
1  ... 

Histogram: Compositing.DirectRenderer.PartialSwap.RootDamage recorded 5 samples, mean = 100.0 (flags = 0x41)
0    ... 
100  -----O                                                                    (5 = 100.0%) {0.0%}
101  O                                                                         (0 = 0.0%) {100.0%}

Histogram: Compositing.DirectRenderer.PartialSwap.TotalDamage recorded 5 samples, mean = 100.0 (flags = 0x41)
0    ... 
100  -----O                                                                    (5 = 100.0%) {0.0%}
101  O                                                                         (0 = 0.0%) {100.0%}

Histogram: Compositing.DirectRenderer.SkipAllNonRootRenderPassesPerFrame recorded 3 samples, mean = 0.0 (flags = 0x41)
0  ---O                                                                      (3 = 100.0%)
1  ... 

Histogram: Compositing.DirectRenderer.SkipNonRootRenderPass recorded 3 samples, mean = 0.0 (flags = 0x41)
0  ---O                                                                      (3 = 100.0%)
1  ... 

Histogram: Compositing.DirectRenderer.TotalPixelsRendered recorded 5 samples, mean = 1.6 (flags = 0x41)
0  O                                                                         (0 = 0.0%)
1  --O                                                                       (2 = 40.0%) {0.0%}
2  ---O                                                                      (3 = 60.0%) {40.0%}
3  ... 

Histogram: Compositing.Display.Draw.Occlusion.Calculation.Time recorded 5 samples, mean = 5.6 (flags = 0x41)
0   ... 
2   -O                                                                        (1 = 20.0%) {0.0%}
3   -O                                                                        (1 = 20.0%) {20.0%}
4   -O                                                                        (1 = 20.0%) {40.0%}
5   ... 
7   -O                                                                        (1 = 20.0%) {60.0%}
8   ... 
12  -O                                                                        (1 = 20.0%) {80.0%}
14  ... 

Histogram: Compositing.Display.Draw.Quads recorded 5 samples, mean = 2.2 (flags = 0x41)
0  O                                                                         (0 = 0.0%)
1  --O                                                                       (2 = 40.0%) {0.0%}
2  O                                                                         (0 = 0.0%) {40.0%}
3  ---O                                                                      (3 = 60.0%) {40.0%}
4  ... 

Histogram: Compositing.Display.DrawToSwapUs recorded 5 samples, mean = 109544.4 (flags = 0x41)
0      ... 
275    -O                                                                        (1 = 20.0%) {0.0%}
333    ... 
490    -O                                                                        (1 = 20.0%) {20.0%}
594    ... 
873    -O                                                                        (1 = 20.0%) {40.0%}
1059   ... 
34007  -O                                                                        (1 = 20.0%) {60.0%}
41235  O                                                                         (0 = 0.0%) {80.0%}
50000  -O                                                                        (1 = 20.0%) {80.0%}

Histogram: Compositing.Display.FlattenedRenderPassCount recorded 5 samples, mean = 1.6 (flags = 0x41)
0  O                                                                         (0 = 0.0%)
1  --O                                                                       (2 = 40.0%) {0.0%}
2  ---O                                                                      (3 = 60.0%) {40.0%}
3  ... 

Histogram: Compositing.Display.PendingSwaps recorded 5 samples, mean = 1.0 (flags = 0x41)
0  O                                                                         (0 = 0.0%)
1  -----O                                                                    (5 = 100.0%) {0.0%}
2  ... 

Histogram: Compositing.Display.VizDependencyResolvedToGpuStartedDrawUs recorded 5 samples, mean = 19.8 (flags = 0x41)
0   ... 
6   -O                                                                        (1 = 20.0%) {0.0%}
7   ... 
18  --O                                                                       (2 = 40.0%) {20.0%}
22  -O                                                                        (1 = 20.0%) {60.0%}
27  -O                                                                        (1 = 20.0%) {80.0%}
33  ... 

Histogram: Compositing.Display.VizScheduledDrawToDependencyResolvedUs recorded 5 samples, mean = 80.2 (flags = 0x41)
0    ----O                                                                     (4 = 80.0%)
5    ... 
333  -O                                                                        (1 = 20.0%) {80.0%}
404  ... 

Histogram: Compositing.Display.VizScheduledDrawToGpuStartedDrawUs recorded 5 samples, mean = 100.0 (flags = 0x41)
0    ... 
22   ---O                                                                      (3 = 60.0%) {0.0%}
27   O                                                                         (0 = 0.0%) {60.0%}
33   -O                                                                        (1 = 20.0%) {60.0%}
40   ... 
333  -O                                                                        (1 = 20.0%) {80.0%}
404  ... 

Histogram: Compositing.MainThreadBlockedDuringCommitTime recorded 2 samples, mean = 5.0 (flags = 0x41)
0  ... 
3  -O                                                                        (1 = 50.0%) {0.0%}
4  O                                                                         (0 = 0.0%) {50.0%}
6  -O                                                                        (1 = 50.0%) {50.0%}
8  ... 

Histogram: Compositing.Renderer.CompositorFrame.Quads recorded 2 samples, mean = 2.0 (flags = 0x41)
0  ... 
2  --O                                                                       (2 = 100.0%) {0.0%}
3  ... 

Histogram: Compositing.Renderer.LayersUpdateTime recorded 7 samples, mean = 5700.7 (flags = 0x41)
0      ... 
6      --O                                                                       (2 = 28.6%) {0.0%}
8      ---O                                                                      (3 = 42.9%) {28.6%}
11     O                                                                         (0 = 0.0%) {71.4%}
15     -O                                                                        (1 = 14.3%) {71.4%}
21     ... 
38240  -O                                                                        (1 = 14.3%) {85.7%}
53055  ... 

Histogram: Compositing.Renderer.NumRenderSurfaces recorded 12 samples, mean = 1.0 (flags = 0x41)
0  O                                                                         (0 = 0.0%)
1  ------------O                                                             (12 = 100.0%) {0.0%}
2  ... 

Histogram: Compositing.SurfaceAggregator.AggregateUs recorded 5 samples, mean = 14825.8 (flags = 0x41)
0      ... 
28     --O                                                                       (2 = 40.0%) {0.0%}
37     ... 
113    -O                                                                        (1 = 20.0%) {40.0%}
149    ... 
340    -O                                                                        (1 = 20.0%) {60.0%}
448    ... 
63662  -O                                                                        (1 = 20.0%) {80.0%}
83848  ... 

Histogram: Compositing.SurfaceAggregator.CopiedSurfaceCount recorded 5 samples, mean = 1.6 (flags = 0x41)
0  O                                                                         (0 = 0.0%)
1  --O                                                                       (2 = 40.0%) {0.0%}
2  ---O                                                                      (3 = 60.0%) {40.0%}
3  ... 

Histogram: Compositing.SurfaceAggregator.CopyUs recorded 5 samples, mean = 5985.6 (flags = 0x41)
0      O                                                                         (0 = 0.0%)
5      -O                                                                        (1 = 20.0%) {0.0%}
6      ... 
9      -O                                                                        (1 = 20.0%) {20.0%}
11     O                                                                         (0 = 0.0%) {40.0%}
13     -O                                                                        (1 = 20.0%) {40.0%}
15     O                                                                         (0 = 0.0%) {60.0%}
18     -O                                                                        (1 = 20.0%) {60.0%}
21     ... 
10000  -O                                                                        (1 = 20.0%) {80.0%}

Histogram: Compositing.SurfaceAggregator.HasCopyRequestsPerFrame recorded 5 samples, mean = 0.4 (flags = 0x41)
0  ---O                                                                      (3 = 60.0%)
1  --O                                                                       (2 = 40.0%) {60.0%}
2  O                                                                         (0 = 0.0%) {100.0%}

Histogram: Compositing.SurfaceAggregator.HasPixelMovingBackdropFiltersPerFrame recorded 5 samples, mean = 0.0 (flags = 0x41)
0  -----O                                                                    (5 = 100.0%)
1  ... 

Histogram: Compositing.SurfaceAggregator.HasPixelMovingFiltersPerFrame recorded 5 samples, mean = 0.0 (flags = 0x41)
0  -----O                                                                    (5 = 100.0%)
1  ... 

Histogram: Compositing.SurfaceAggregator.HasUnembeddedRenderPassesPerFrame recorded 5 samples, mean = 0.0 (flags = 0x41)
0  -----O                                                                    (5 = 100.0%)
1  ... 

Histogram: Compositing.SurfaceAggregator.PrewalkUs recorded 5 samples, mean = 8818.8 (flags = 0x41)
0      ... 
13     -O                                                                        (1 = 20.0%) {0.0%}
15     -O                                                                        (1 = 20.0%) {20.0%}
18     ... 
55     -O                                                                        (1 = 20.0%) {40.0%}
64     ... 
364    -O                                                                        (1 = 20.0%) {60.0%}
426    ... 
10000  -O                                                                        (1 = 20.0%) {80.0%}

Histogram: Compositing.SurfaceAggregator.PrewalkedSurfaceCount recorded 5 samples, mean = 1.6 (flags = 0x41)
0  O                                                                         (0 = 0.0%)
1  --O                                                                       (2 = 40.0%) {0.0%}
2  ---O                                                                      (3 = 60.0%) {40.0%}
3  ... 

Histogram: Compositing.SurfaceManager.MarkForDestructionToDestroy recorded 1 samples, mean = 1268.0 (flags = 0x41)
0     ... 
1262  -O                                                                        (1 = 100.0%) {0.0%}
1500  ... 

Histogram: Compositing.TileManager.EnoughMemory.Renderer recorded 2 samples, mean = 1.0 (flags = 0x41)
0  O                                                                         (0 = 0.0%)
1  --O                                                                       (2 = 100.0%) {0.0%}
2  O                                                                         (0 = 0.0%) {100.0%}

Histogram: Content.Classification.OpenGraph recorded 1 samples, mean = 4.0 (flags = 0x41)
0  ... 
4  -O                                                                        (1 = 100.0%) {0.0%}
5  ... 

Histogram: ContentSettings.AllowStorageAccessSync recorded 4 samples, mean = 0.0 (flags = 0x41)
0  ----O                                                                     (4 = 100.0%)
1  ... 

Histogram: ContentSettings.GetContentSetting.Network.Duration recorded 356 samples, mean = 0.4 (flags = 0x41)
0  ------------------------------------------------------------------------O (247 = 69.4%)
1  ----------------------O                                                   (77 = 21.6%) {69.4%}
2  ------O                                                                   (21 = 5.9%) {91.0%}
3  ---O                                                                      (10 = 2.8%) {96.9%}
4  O                                                                         (1 = 0.3%) {99.7%}
5  ... 

Histogram: ContentSettings.GetCookieSettingInternal.Duration recorded 138 samples, mean = 4.2 (flags = 0x41)
0   O                                                                         (0 = 0.0%)
1   -----------------------------------------------------------------O        (65 = 47.1%) {0.0%}
2   ---------------------------O                                              (27 = 19.6%) {47.1%}
3   --O                                                                       (2 = 1.4%) {66.7%}
4   ----O                                                                     (4 = 2.9%) {68.1%}
5   --------O                                                                 (8 = 5.8%) {71.0%}
7   ---------O                                                                (9 = 6.5%) {76.8%}
9   --------O                                                                 (8 = 5.8%) {83.3%}
12  ---O                                                                      (3 = 2.2%) {89.1%}
16  -----------O                                                              (11 = 8.0%) {91.3%}
21  -O                                                                        (1 = 0.7%) {99.3%}
28  ... 

Histogram: ContentSettings.NumberOfExceptions recorded 1 samples, mean = 4.0 (flags = 0x41)
0  ... 
4  -O                                                                        (1 = 100.0%) {0.0%}
5  ... 

Histogram: ContentSettings.Popups.StrongBlockerActions recorded 1 samples, mean = 0.0 (flags = 0x41)
0  -O                                                                        (1 = 100.0%)
1  ... 

Histogram: ContentSettings.RegularProfile.DefaultAutoVerifySetting recorded 1 samples, mean = 1.0 (flags = 0x41)
0  O                                                                         (0 = 0.0%)
1  -O                                                                        (1 = 100.0%) {0.0%}
2  ... 

Histogram: ContentSettings.RegularProfile.DefaultAutoplaySetting recorded 1 samples, mean = 1.0 (flags = 0x41)
0  O                                                                         (0 = 0.0%)
1  -O                                                                        (1 = 100.0%) {0.0%}
2  ... 

Histogram: ContentSettings.RegularProfile.DefaultBackgroundSyncSetting recorded 1 samples, mean = 1.0 (flags = 0x41)
0  O                                                                         (0 = 0.0%)
1  -O                                                                        (1 = 100.0%) {0.0%}
2  ... 

Histogram: ContentSettings.RegularProfile.DefaultCookiesSetting recorded 1 samples, mean = 1.0 (flags = 0x41)
0  O                                                                         (0 = 0.0%)
1  -O                                                                        (1 = 100.0%) {0.0%}
2  ... 

Histogram: ContentSettings.RegularProfile.DefaultIdleDetectionSetting recorded 1 samples, mean = 3.0 (flags = 0x41)
0  ... 
3  -O                                                                        (1 = 100.0%) {0.0%}
4  ... 

Histogram: ContentSettings.RegularProfile.DefaultImagesSetting recorded 1 samples, mean = 1.0 (flags = 0x41)
0  O                                                                         (0 = 0.0%)
1  -O                                                                        (1 = 100.0%) {0.0%}
2  ... 

Histogram: ContentSettings.RegularProfile.DefaultJavaScriptSetting recorded 1 samples, mean = 1.0 (flags = 0x41)
0  O                                                                         (0 = 0.0%)
1  -O                                                                        (1 = 100.0%) {0.0%}
2  ... 

Histogram: ContentSettings.RegularProfile.DefaultLocationSetting recorded 1 samples, mean = 3.0 (flags = 0x41)
0  ... 
3  -O                                                                        (1 = 100.0%) {0.0%}
4  ... 

Histogram: ContentSettings.RegularProfile.DefaultMIDISysExSetting recorded 1 samples, mean = 3.0 (flags = 0x41)
0  ... 
3  -O                                                                        (1 = 100.0%) {0.0%}
4  ... 

Histogram: ContentSettings.RegularProfile.DefaultMediaStreamCameraSetting recorded 1 samples, mean = 3.0 (flags = 0x41)
0  ... 
3  -O                                                                        (1 = 100.0%) {0.0%}
4  ... 

Histogram: ContentSettings.RegularProfile.DefaultMediaStreamMicSetting recorded 1 samples, mean = 3.0 (flags = 0x41)
0  ... 
3  -O                                                                        (1 = 100.0%) {0.0%}
4  ... 

Histogram: ContentSettings.RegularProfile.DefaultNotificationsSetting recorded 1 samples, mean = 3.0 (flags = 0x41)
0  ... 
3  -O                                                                        (1 = 100.0%) {0.0%}
4  ... 

Histogram: ContentSettings.RegularProfile.DefaultPopupsSetting recorded 1 samples, mean = 2.0 (flags = 0x41)
0  ... 
2  -O                                                                        (1 = 100.0%) {0.0%}
3  ... 

Histogram: ContentSettings.RegularProfile.DefaultSoundSetting recorded 1 samples, mean = 1.0 (flags = 0x41)
0  O                                                                         (0 = 0.0%)
1  -O                                                                        (1 = 100.0%) {0.0%}
2  ... 

Histogram: ContentSettings.RegularProfile.DefaultStorageAccessSetting recorded 1 samples, mean = 3.0 (flags = 0x41)
0  ... 
3  -O                                                                        (1 = 100.0%) {0.0%}
4  ... 

Histogram: ContentSettings.RegularProfile.DefaultSubresourceFilterSetting recorded 1 samples, mean = 2.0 (flags = 0x41)
0  ... 
2  -O                                                                        (1 = 100.0%) {0.0%}
3  ... 

Histogram: ContentSettings.RegularProfile.DefaultUsbGuardSetting recorded 1 samples, mean = 3.0 (flags = 0x41)
0  ... 
3  -O                                                                        (1 = 100.0%) {0.0%}
4  ... 

Histogram: ContentSettings.RegularProfile.DefaultWebBluetoothGuardSetting recorded 1 samples, mean = 3.0 (flags = 0x41)
0  ... 
3  -O                                                                        (1 = 100.0%) {0.0%}
4  ... 

Histogram: ContentSettings.RegularProfile.Exceptions.3pcd-heuristics-grants recorded 1 samples, mean = 0.0 (flags = 0x41)
0  -O                                                                        (1 = 100.0%)
1  ... 

Histogram: ContentSettings.RegularProfile.Exceptions.3pcd-support recorded 1 samples, mean = 0.0 (flags = 0x41)
0  -O                                                                        (1 = 100.0%)
1  ... 

Histogram: ContentSettings.RegularProfile.Exceptions.abusive-notification-permissions recorded 1 samples, mean = 0.0 (flags = 0x41)
0  -O                                                                        (1 = 100.0%)
1  ... 

Histogram: ContentSettings.RegularProfile.Exceptions.access-to-get-all-screens-media-in-session recorded 1 samples, mean = 0.0 (flags = 0x41)
0  -O                                                                        (1 = 100.0%)
1  ... 

Histogram: ContentSettings.RegularProfile.Exceptions.accessibility-events recorded 1 samples, mean = 0.0 (flags = 0x41)
0  -O                                                                        (1 = 100.0%)
1  ... 

Histogram: ContentSettings.RegularProfile.Exceptions.anti-abuse recorded 1 samples, mean = 0.0 (flags = 0x41)
0  -O                                                                        (1 = 100.0%)
1  ... 

Histogram: ContentSettings.RegularProfile.Exceptions.app-banner recorded 1 samples, mean = 0.0 (flags = 0x41)
0  -O                                                                        (1 = 100.0%)
1  ... 

Histogram: ContentSettings.RegularProfile.Exceptions.ar recorded 1 samples, mean = 0.0 (flags = 0x41)
0  -O                                                                        (1 = 100.0%)
1  ... 

Histogram: ContentSettings.RegularProfile.Exceptions.auto-picture-in-picture recorded 1 samples, mean = 0.0 (flags = 0x41)
0  -O                                                                        (1 = 100.0%)
1  ... 

Histogram: ContentSettings.RegularProfile.Exceptions.auto-select-certificate recorded 1 samples, mean = 0.0 (flags = 0x41)
0  -O                                                                        (1 = 100.0%)
1  ... 

Histogram: ContentSettings.RegularProfile.Exceptions.automatic-downloads recorded 1 samples, mean = 0.0 (flags = 0x41)
0  -O                                                                        (1 = 100.0%)
1  ... 

Histogram: ContentSettings.RegularProfile.Exceptions.automatic-fullscreen recorded 1 samples, mean = 0.0 (flags = 0x41)
0  -O                                                                        (1 = 100.0%)
1  ... 

Histogram: ContentSettings.RegularProfile.Exceptions.autoplay recorded 1 samples, mean = 0.0 (flags = 0x41)
0  -O                                                                        (1 = 100.0%)
1  ... 

Histogram: ContentSettings.RegularProfile.Exceptions.background-sync recorded 1 samples, mean = 0.0 (flags = 0x41)
0  -O                                                                        (1 = 100.0%)
1  ... 

Histogram: ContentSettings.RegularProfile.Exceptions.bluetooth-chooser-data recorded 1 samples, mean = 0.0 (flags = 0x41)
0  -O                                                                        (1 = 100.0%)
1  ... 

Histogram: ContentSettings.RegularProfile.Exceptions.bluetooth-guard recorded 1 samples, mean = 0.0 (flags = 0x41)
0  -O                                                                        (1 = 100.0%)
1  ... 

Histogram: ContentSettings.RegularProfile.Exceptions.bluetooth-scanning recorded 1 samples, mean = 0.0 (flags = 0x41)
0  -O                                                                        (1 = 100.0%)
1  ... 

Histogram: ContentSettings.RegularProfile.Exceptions.camera-pan-tilt-zoom recorded 1 samples, mean = 0.0 (flags = 0x41)
0  -O                                                                        (1 = 100.0%)
1  ... 

Histogram: ContentSettings.RegularProfile.Exceptions.captured-surface-control recorded 1 samples, mean = 0.0 (flags = 0x41)
0  -O                                                                        (1 = 100.0%)
1  ... 

Histogram: ContentSettings.RegularProfile.Exceptions.client-hints recorded 1 samples, mean = 1.0 (flags = 0x41)
0  O                                                                         (0 = 0.0%)
1  -O                                                                        (1 = 100.0%) {0.0%}
2  ... 

Histogram: ContentSettings.RegularProfile.Exceptions.clipboard recorded 1 samples, mean = 0.0 (flags = 0x41)
0  -O                                                                        (1 = 100.0%)
1  ... 

Histogram: ContentSettings.RegularProfile.Exceptions.cookie-controls-metadata recorded 1 samples, mean = 0.0 (flags = 0x41)
0  -O                                                                        (1 = 100.0%)
1  ... 

Histogram: ContentSettings.RegularProfile.Exceptions.cookies recorded 1 samples, mean = 0.0 (flags = 0x41)
0  -O                                                                        (1 = 100.0%)
1  ... 

Histogram: ContentSettings.RegularProfile.Exceptions.cookies.Allow recorded 1 samples, mean = 0.0 (flags = 0x41)
0  -O                                                                        (1 = 100.0%)
1  ... 

Histogram: ContentSettings.RegularProfile.Exceptions.cookies.AllowThirdParty recorded 1 samples, mean = 0.0 (flags = 0x41)
0  -O                                                                        (1 = 100.0%)
1  ... 

Histogram: ContentSettings.RegularProfile.Exceptions.cookies.Block recorded 1 samples, mean = 0.0 (flags = 0x41)
0  -O                                                                        (1 = 100.0%)
1  ... 

Histogram: ContentSettings.RegularProfile.Exceptions.cookies.DomainWildcardAllowThirdParty recorded 1 samples, mean = 0.0 (flags = 0x41)
0  -O                                                                        (1 = 100.0%)
1  ... 

Histogram: ContentSettings.RegularProfile.Exceptions.cookies.SessionOnly recorded 1 samples, mean = 0.0 (flags = 0x41)
0  -O                                                                        (1 = 100.0%)
1  ... 

Histogram: ContentSettings.RegularProfile.Exceptions.cookies.TemporaryAllowThirdParty recorded 1 samples, mean = 0.0 (flags = 0x41)
0  -O                                                                        (1 = 100.0%)
1  ... 

Histogram: ContentSettings.RegularProfile.Exceptions.direct-sockets recorded 1 samples, mean = 0.0 (flags = 0x41)
0  -O                                                                        (1 = 100.0%)
1  ... 

Histogram: ContentSettings.RegularProfile.Exceptions.display-media-system-audio recorded 1 samples, mean = 0.0 (flags = 0x41)
0  -O                                                                        (1 = 100.0%)
1  ... 

Histogram: ContentSettings.RegularProfile.Exceptions.durable-storage recorded 1 samples, mean = 0.0 (flags = 0x41)
0  -O                                                                        (1 = 100.0%)
1  ... 

Histogram: ContentSettings.RegularProfile.Exceptions.fedcm-idp-registration recorded 1 samples, mean = 0.0 (flags = 0x41)
0  -O                                                                        (1 = 100.0%)
1  ... 

Histogram: ContentSettings.RegularProfile.Exceptions.fedcm-idp-signin recorded 1 samples, mean = 1.0 (flags = 0x41)
0  O                                                                         (0 = 0.0%)
1  -O                                                                        (1 = 100.0%) {0.0%}
2  ... 

Histogram: ContentSettings.RegularProfile.Exceptions.fedcm-share recorded 1 samples, mean = 0.0 (flags = 0x41)
0  -O                                                                        (1 = 100.0%)
1  ... 

Histogram: ContentSettings.RegularProfile.Exceptions.file-system-access-chooser-data recorded 1 samples, mean = 0.0 (flags = 0x41)
0  -O                                                                        (1 = 100.0%)
1  ... 

Histogram: ContentSettings.RegularProfile.Exceptions.file-system-access-extended-permission recorded 1 samples, mean = 0.0 (flags = 0x41)
0  -O                                                                        (1 = 100.0%)
1  ... 

Histogram: ContentSettings.RegularProfile.Exceptions.file-system-access-restore-permission recorded 1 samples, mean = 0.0 (flags = 0x41)
0  -O                                                                        (1 = 100.0%)
1  ... 

Histogram: ContentSettings.RegularProfile.Exceptions.file-system-last-picked-directory recorded 1 samples, mean = 0.0 (flags = 0x41)
0  -O                                                                        (1 = 100.0%)
1  ... 

Histogram: ContentSettings.RegularProfile.Exceptions.file-system-read-guard recorded 1 samples, mean = 0.0 (flags = 0x41)
0  -O                                                                        (1 = 100.0%)
1  ... 

Histogram: ContentSettings.RegularProfile.Exceptions.file-system-write-guard recorded 1 samples, mean = 0.0 (flags = 0x41)
0  -O                                                                        (1 = 100.0%)
1  ... 

Histogram: ContentSettings.RegularProfile.Exceptions.formfill-metadata recorded 1 samples, mean = 0.0 (flags = 0x41)
0  -O                                                                        (1 = 100.0%)
1  ... 

Histogram: ContentSettings.RegularProfile.Exceptions.geolocation recorded 1 samples, mean = 0.0 (flags = 0x41)
0  -O                                                                        (1 = 100.0%)
1  ... 

Histogram: ContentSettings.RegularProfile.Exceptions.hid-chooser-data recorded 1 samples, mean = 0.0 (flags = 0x41)
0  -O                                                                        (1 = 100.0%)
1  ... 

Histogram: ContentSettings.RegularProfile.Exceptions.hid-guard recorded 1 samples, mean = 0.0 (flags = 0x41)
0  -O                                                                        (1 = 100.0%)
1  ... 

Histogram: ContentSettings.RegularProfile.Exceptions.http-allowed recorded 1 samples, mean = 0.0 (flags = 0x41)
0  -O                                                                        (1 = 100.0%)
1  ... 

Histogram: ContentSettings.RegularProfile.Exceptions.https-enforced recorded 1 samples, mean = 0.0 (flags = 0x41)
0  -O                                                                        (1 = 100.0%)
1  ... 

Histogram: ContentSettings.RegularProfile.Exceptions.idle-detection recorded 1 samples, mean = 0.0 (flags = 0x41)
0  -O                                                                        (1 = 100.0%)
1  ... 

Histogram: ContentSettings.RegularProfile.Exceptions.images recorded 1 samples, mean = 0.0 (flags = 0x41)
0  -O                                                                        (1 = 100.0%)
1  ... 

Histogram: ContentSettings.RegularProfile.Exceptions.important-site-info recorded 1 samples, mean = 0.0 (flags = 0x41)
0  -O                                                                        (1 = 100.0%)
1  ... 

Histogram: ContentSettings.RegularProfile.Exceptions.insecure-private-network recorded 1 samples, mean = 0.0 (flags = 0x41)
0  -O                                                                        (1 = 100.0%)
1  ... 

Histogram: ContentSettings.RegularProfile.Exceptions.intent-picker-auto-display recorded 1 samples, mean = 0.0 (flags = 0x41)
0  -O                                                                        (1 = 100.0%)
1  ... 

Histogram: ContentSettings.RegularProfile.Exceptions.javascript recorded 1 samples, mean = 0.0 (flags = 0x41)
0  -O                                                                        (1 = 100.0%)
1  ... 

Histogram: ContentSettings.RegularProfile.Exceptions.javascript-jit recorded 1 samples, mean = 0.0 (flags = 0x41)
0  -O                                                                        (1 = 100.0%)
1  ... 

Histogram: ContentSettings.RegularProfile.Exceptions.javascript-optimizer recorded 1 samples, mean = 0.0 (flags = 0x41)
0  -O                                                                        (1 = 100.0%)
1  ... 

Histogram: ContentSettings.RegularProfile.Exceptions.keyboard-lock recorded 1 samples, mean = 0.0 (flags = 0x41)
0  -O                                                                        (1 = 100.0%)
1  ... 

Histogram: ContentSettings.RegularProfile.Exceptions.legacy-cookie-access recorded 1 samples, mean = 0.0 (flags = 0x41)
0  -O                                                                        (1 = 100.0%)
1  ... 

Histogram: ContentSettings.RegularProfile.Exceptions.local-fonts recorded 1 samples, mean = 0.0 (flags = 0x41)
0  -O                                                                        (1 = 100.0%)
1  ... 

Histogram: ContentSettings.RegularProfile.Exceptions.media-engagement recorded 1 samples, mean = 1.0 (flags = 0x41)
0  O                                                                         (0 = 0.0%)
1  -O                                                                        (1 = 100.0%) {0.0%}
2  ... 

Histogram: ContentSettings.RegularProfile.Exceptions.media-stream-camera recorded 1 samples, mean = 0.0 (flags = 0x41)
0  -O                                                                        (1 = 100.0%)
1  ... 

Histogram: ContentSettings.RegularProfile.Exceptions.media-stream-mic recorded 1 samples, mean = 0.0 (flags = 0x41)
0  -O                                                                        (1 = 100.0%)
1  ... 

Histogram: ContentSettings.RegularProfile.Exceptions.midi-sysex recorded 1 samples, mean = 0.0 (flags = 0x41)
0  -O                                                                        (1 = 100.0%)
1  ... 

Histogram: ContentSettings.RegularProfile.Exceptions.mixed-script recorded 1 samples, mean = 0.0 (flags = 0x41)
0  -O                                                                        (1 = 100.0%)
1  ... 

Histogram: ContentSettings.RegularProfile.Exceptions.nfc-devices recorded 1 samples, mean = 0.0 (flags = 0x41)
0  -O                                                                        (1 = 100.0%)
1  ... 

Histogram: ContentSettings.RegularProfile.Exceptions.notification-interactions recorded 1 samples, mean = 0.0 (flags = 0x41)
0  -O                                                                        (1 = 100.0%)
1  ... 

Histogram: ContentSettings.RegularProfile.Exceptions.notification-permission-review recorded 1 samples, mean = 0.0 (flags = 0x41)
0  -O                                                                        (1 = 100.0%)
1  ... 

Histogram: ContentSettings.RegularProfile.Exceptions.notifications recorded 1 samples, mean = 0.0 (flags = 0x41)
0  -O                                                                        (1 = 100.0%)
1  ... 

Histogram: ContentSettings.RegularProfile.Exceptions.password-protection recorded 1 samples, mean = 0.0 (flags = 0x41)
0  -O                                                                        (1 = 100.0%)
1  ... 

Histogram: ContentSettings.RegularProfile.Exceptions.payment-handler recorded 1 samples, mean = 0.0 (flags = 0x41)
0  -O                                                                        (1 = 100.0%)
1  ... 

Histogram: ContentSettings.RegularProfile.Exceptions.permission-autoblocking-data recorded 1 samples, mean = 0.0 (flags = 0x41)
0  -O                                                                        (1 = 100.0%)
1  ... 

Histogram: ContentSettings.RegularProfile.Exceptions.permission-autorevocation-data recorded 1 samples, mean = 0.0 (flags = 0x41)
0  -O                                                                        (1 = 100.0%)
1  ... 

Histogram: ContentSettings.RegularProfile.Exceptions.pointer-lock recorded 1 samples, mean = 0.0 (flags = 0x41)
0  -O                                                                        (1 = 100.0%)
1  ... 

Histogram: ContentSettings.RegularProfile.Exceptions.popups recorded 1 samples, mean = 0.0 (flags = 0x41)
0  -O                                                                        (1 = 100.0%)
1  ... 

Histogram: ContentSettings.RegularProfile.Exceptions.popups.Allow recorded 1 samples, mean = 0.0 (flags = 0x41)
0  -O                                                                        (1 = 100.0%)
1  ... 

Histogram: ContentSettings.RegularProfile.Exceptions.popups.Block recorded 1 samples, mean = 0.0 (flags = 0x41)
0  -O                                                                        (1 = 100.0%)
1  ... 

Histogram: ContentSettings.RegularProfile.Exceptions.private-network-chooser-data recorded 1 samples, mean = 0.0 (flags = 0x41)
0  -O                                                                        (1 = 100.0%)
1  ... 

Histogram: ContentSettings.RegularProfile.Exceptions.private-network-guard recorded 1 samples, mean = 0.0 (flags = 0x41)
0  -O                                                                        (1 = 100.0%)
1  ... 

Histogram: ContentSettings.RegularProfile.Exceptions.protected-media-identifier recorded 1 samples, mean = 0.0 (flags = 0x41)
0  -O                                                                        (1 = 100.0%)
1  ... 

Histogram: ContentSettings.RegularProfile.Exceptions.protocol-handler recorded 1 samples, mean = 0.0 (flags = 0x41)
0  -O                                                                        (1 = 100.0%)
1  ... 

Histogram: ContentSettings.RegularProfile.Exceptions.reduced-accept-language recorded 1 samples, mean = 0.0 (flags = 0x41)
0  -O                                                                        (1 = 100.0%)
1  ... 

Histogram: ContentSettings.RegularProfile.Exceptions.safe-browsing-url-check-data recorded 1 samples, mean = 0.0 (flags = 0x41)
0  -O                                                                        (1 = 100.0%)
1  ... 

Histogram: ContentSettings.RegularProfile.Exceptions.sensors recorded 1 samples, mean = 0.0 (flags = 0x41)
0  -O                                                                        (1 = 100.0%)
1  ... 

Histogram: ContentSettings.RegularProfile.Exceptions.serial-chooser-data recorded 1 samples, mean = 0.0 (flags = 0x41)
0  -O                                                                        (1 = 100.0%)
1  ... 

Histogram: ContentSettings.RegularProfile.Exceptions.serial-guard recorded 1 samples, mean = 0.0 (flags = 0x41)
0  -O                                                                        (1 = 100.0%)
1  ... 

Histogram: ContentSettings.RegularProfile.Exceptions.site-engagement recorded 1 samples, mean = 1.0 (flags = 0x41)
0  O                                                                         (0 = 0.0%)
1  -O                                                                        (1 = 100.0%) {0.0%}
2  ... 

Histogram: ContentSettings.RegularProfile.Exceptions.sound recorded 1 samples, mean = 0.0 (flags = 0x41)
0  -O                                                                        (1 = 100.0%)
1  ... 

Histogram: ContentSettings.RegularProfile.Exceptions.speaker-selection recorded 1 samples, mean = 0.0 (flags = 0x41)
0  -O                                                                        (1 = 100.0%)
1  ... 

Histogram: ContentSettings.RegularProfile.Exceptions.ssl-cert-decisions recorded 1 samples, mean = 0.0 (flags = 0x41)
0  -O                                                                        (1 = 100.0%)
1  ... 

Histogram: ContentSettings.RegularProfile.Exceptions.storage-access recorded 1 samples, mean = 0.0 (flags = 0x41)
0  -O                                                                        (1 = 100.0%)
1  ... 

Histogram: ContentSettings.RegularProfile.Exceptions.storage-access-header-origin-trial recorded 1 samples, mean = 0.0 (flags = 0x41)
0  -O                                                                        (1 = 100.0%)
1  ... 

Histogram: ContentSettings.RegularProfile.Exceptions.storage-access.Allow recorded 1 samples, mean = 0.0 (flags = 0x41)
0  -O                                                                        (1 = 100.0%)
1  ... 

Histogram: ContentSettings.RegularProfile.Exceptions.storage-access.Ask recorded 1 samples, mean = 0.0 (flags = 0x41)
0  -O                                                                        (1 = 100.0%)
1  ... 

Histogram: ContentSettings.RegularProfile.Exceptions.storage-access.Block recorded 1 samples, mean = 0.0 (flags = 0x41)
0  -O                                                                        (1 = 100.0%)
1  ... 

Histogram: ContentSettings.RegularProfile.Exceptions.storage-access.MaxRequester recorded 1 samples, mean = 0.0 (flags = 0x41)
0  -O                                                                        (1 = 100.0%)
1  ... 

Histogram: ContentSettings.RegularProfile.Exceptions.storage-access.MaxTopLevel recorded 1 samples, mean = 0.0 (flags = 0x41)
0  -O                                                                        (1 = 100.0%)
1  ... 

Histogram: ContentSettings.RegularProfile.Exceptions.subresource-filter recorded 1 samples, mean = 0.0 (flags = 0x41)
0  -O                                                                        (1 = 100.0%)
1  ... 

Histogram: ContentSettings.RegularProfile.Exceptions.subresource-filter-data recorded 1 samples, mean = 0.0 (flags = 0x41)
0  -O                                                                        (1 = 100.0%)
1  ... 

Histogram: ContentSettings.RegularProfile.Exceptions.subresource-filter.Allow recorded 1 samples, mean = 0.0 (flags = 0x41)
0  -O                                                                        (1 = 100.0%)
1  ... 

Histogram: ContentSettings.RegularProfile.Exceptions.subresource-filter.Block recorded 1 samples, mean = 0.0 (flags = 0x41)
0  -O                                                                        (1 = 100.0%)
1  ... 

Histogram: ContentSettings.RegularProfile.Exceptions.third-party-storage-partitioning recorded 1 samples, mean = 0.0 (flags = 0x41)
0  -O                                                                        (1 = 100.0%)
1  ... 

Histogram: ContentSettings.RegularProfile.Exceptions.top-level-3pcd-origin-trial recorded 1 samples, mean = 0.0 (flags = 0x41)
0  -O                                                                        (1 = 100.0%)
1  ... 

Histogram: ContentSettings.RegularProfile.Exceptions.top-level-3pcd-support recorded 1 samples, mean = 0.0 (flags = 0x41)
0  -O                                                                        (1 = 100.0%)
1  ... 

Histogram: ContentSettings.RegularProfile.Exceptions.top-level-storage-access recorded 1 samples, mean = 0.0 (flags = 0x41)
0  -O                                                                        (1 = 100.0%)
1  ... 

Histogram: ContentSettings.RegularProfile.Exceptions.tracking-protection recorded 1 samples, mean = 0.0 (flags = 0x41)
0  -O                                                                        (1 = 100.0%)
1  ... 

Histogram: ContentSettings.RegularProfile.Exceptions.tracking-protection.Allow recorded 1 samples, mean = 0.0 (flags = 0x41)
0  -O                                                                        (1 = 100.0%)
1  ... 

Histogram: ContentSettings.RegularProfile.Exceptions.tracking-protection.Block recorded 1 samples, mean = 0.0 (flags = 0x41)
0  -O                                                                        (1 = 100.0%)
1  ... 

Histogram: ContentSettings.RegularProfile.Exceptions.unused-site-permissions recorded 1 samples, mean = 0.0 (flags = 0x41)
0  -O                                                                        (1 = 100.0%)
1  ... 

Histogram: ContentSettings.RegularProfile.Exceptions.usb-chooser-data recorded 1 samples, mean = 0.0 (flags = 0x41)
0  -O                                                                        (1 = 100.0%)
1  ... 

Histogram: ContentSettings.RegularProfile.Exceptions.usb-guard recorded 1 samples, mean = 0.0 (flags = 0x41)
0  -O                                                                        (1 = 100.0%)
1  ... 

Histogram: ContentSettings.RegularProfile.Exceptions.vr recorded 1 samples, mean = 0.0 (flags = 0x41)
0  -O                                                                        (1 = 100.0%)
1  ... 

Histogram: ContentSettings.RegularProfile.Exceptions.webid-api recorded 1 samples, mean = 0.0 (flags = 0x41)
0  -O                                                                        (1 = 100.0%)
1  ... 

Histogram: ContentSettings.RegularProfile.Exceptions.webid-auto-reauthn recorded 1 samples, mean = 0.0 (flags = 0x41)
0  -O                                                                        (1 = 100.0%)
1  ... 

Histogram: ContentSettings.RegularProfile.Exceptions.window-placement recorded 1 samples, mean = 0.0 (flags = 0x41)
0  -O                                                                        (1 = 100.0%)
1  ... 

Histogram: Conversions.DelayOnAttestationsLoaded recorded 1 samples, mean = 300233.0 (flags = 0x41)
0       ... 
300000  -O                                                                        (1 = 100.0%) {0.0%}

Histogram: Cookie.ClockSkew.ExpiredWithoutSkew recorded 6 samples, mean = 0.0 (flags = 0x41)
0  ------O                                                                   (6 = 100.0%)
1  ... 

Histogram: Cookie.ClockSkew.SubtractMinutes recorded 6 samples, mean = 0.0 (flags = 0x41)
0  ------O                                                                   (6 = 100.0%)
1  ... 

Histogram: Cookie.ClockSkew.SubtractMinutes12To24Hours recorded 6 samples, mean = 0.0 (flags = 0x41)
0  ------O                                                                   (6 = 100.0%)
720... 

Histogram: Cookie.CookiePrefix recorded 7 samples, mean = 0.0 (flags = 0x41)
0  -------O                                                                  (7 = 100.0%)
1  ... 

Histogram: Cookie.CookieSchemeRequestScheme recorded 48 samples, mean = 2.0 (flags = 0x41)
0  ... 
2  ------------------------------------------------O                         (48 = 100.0%) {0.0%}
3  ... 

Histogram: Cookie.CookieSourceScheme recorded 7 samples, mean = 0.0 (flags = 0x41)
0  -------O                                                                  (7 = 100.0%)
1  ... 

Histogram: Cookie.CookieSourceSchemeName recorded 7 samples, mean = 14.0 (flags = 0x41)
0   ... 
14  -------O                                                                  (7 = 100.0%) {0.0%}
15  ... 

Histogram: Cookie.CrossSiteRedirectType.Read recorded 106 samples, mean = 1.0 (flags = 0x41)
0  O                                                                         (0 = 0.0%)
1  ------------------------------------------------------------------------O (106 = 100.0%) {0.0%}
2  ... 

Histogram: Cookie.CrossSiteRedirectType.Write recorded 7 samples, mean = 1.0 (flags = 0x41)
0  O                                                                         (0 = 0.0%)
1  -------O                                                                  (7 = 100.0%) {0.0%}
2  ... 

Histogram: Cookie.DomainHasNonASCII recorded 7 samples, mean = 0.0 (flags = 0x41)
0  -------O                                                                  (7 = 100.0%)
1  ... 

Histogram: Cookie.DomainSet recorded 7 samples, mean = 1.0 (flags = 0x41)
0  O                                                                         (0 = 0.0%)
1  -------O                                                                  (7 = 100.0%) {0.0%}
2  O                                                                         (0 = 0.0%) {100.0%}

Histogram: Cookie.DoubleUnderscorePrefixedName recorded 7 samples, mean = 0.7 (flags = 0x41)
0  --O                                                                       (2 = 28.6%)
1  -----O                                                                    (5 = 71.4%) {28.6%}
2  O                                                                         (0 = 0.0%) {100.0%}

Histogram: Cookie.ExpirationDuration400DaysLTE recorded 7 samples, mean = 52.6 (flags = 0x41)
0    -----O                                                                    (5 = 71.4%)
1    ... 
3    -O                                                                        (1 = 14.3%) {71.4%}
4    ... 
364  -O                                                                        (1 = 14.3%) {85.7%}
400  O                                                                         (0 = 0.0%) {100.0%}

Histogram: Cookie.ExpirationDurationMinutesSecure recorded 7 samples, mean = 75724.3 (flags = 0x41)
0       ... 
26      -----O                                                                    (5 = 71.4%) {0.0%}
36      ... 
3929    -O                                                                        (1 = 14.3%) {71.4%}
5373    ... 
429766  -O                                                                        (1 = 14.3%) {85.7%}
587706  ... 

Histogram: Cookie.FirstPartyPartitioned.HasCrossSiteAncestor recorded 4 samples, mean = 0.0 (flags = 0x41)
0  ----O                                                                     (4 = 100.0%)
1  ... 

Histogram: Cookie.FirstPartySets.Browser.DelayedQueriesCount recorded 1 samples, mean = 2.0 (flags = 0x41)
0  ... 
2  -O                                                                        (1 = 100.0%) {0.0%}
3  ... 

Histogram: Cookie.FirstPartySets.Browser.MostDelayedQueryDelta recorded 1 samples, mean = 4507.0 (flags = 0x41)
0     ... 
4222  -O                                                                        (1 = 100.0%) {0.0%}
5017  ... 

Histogram: Cookie.FirstPartySets.ComponentSetsNonfatalErrors recorded 1 samples, mean = 0.0 (flags = 0x41)
0  -O                                                                        (1 = 100.0%)
1  ... 

Histogram: Cookie.FirstPartySets.ComponentSetsParsedSuccessfully recorded 1 samples, mean = 0.0 (flags = 0x41)
0  -O                                                                        (1 = 100.0%)
1  ... 

Histogram: Cookie.FirstPartySets.ContextDelayedQueriesCount recorded 1 samples, mean = 0.0 (flags = 0x41)
0  -O                                                                        (1 = 100.0%)
1  ... 

Histogram: Cookie.FirstPartySets.ContextMostDelayedQueryDelta recorded 1 samples, mean = 0.0 (flags = 0x41)
0  -O                                                                        (1 = 100.0%)
1  ... 

Histogram: Cookie.FirstPartySets.EnqueueingDelay.ContextConfig2 recorded 1 samples, mean = 1688.0 (flags = 0x41)
0     ... 
1500  -O                                                                        (1 = 100.0%) {0.0%}
1782  ... 

Histogram: Cookie.FirstPartySets.InitializationDuration.ContextReadyToServeQueries2 recorded 1 samples, mean = 7675.0 (flags = 0x41)
0     ... 
7083  -O                                                                        (1 = 100.0%) {0.0%}
8416  ... 

Histogram: Cookie.FirstPartySets.InitializationDuration.ReadCommandLineSet2 recorded 1 samples, mean = 4543.0 (flags = 0x41)
0     ... 
4222  -O                                                                        (1 = 100.0%) {0.0%}
5017  ... 

Histogram: Cookie.FirstPartySets.InitializationDuration.ReadComponentSets2 recorded 1 samples, mean = 36.0 (flags = 0x41)
0   ... 
34  -O                                                                        (1 = 100.0%) {0.0%}
40  ... 

Histogram: Cookie.FirstPartySets.InitializationDuration.ReadyToServeQueries2 recorded 1 samples, mean = 3862.0 (flags = 0x41)
0     ... 
3553  -O                                                                        (1 = 100.0%) {0.0%}
4222  ... 

Histogram: Cookie.FirstPartySets.Network.DelayedQueriesCount recorded 1 samples, mean = 0.0 (flags = 0x41)
0  -O                                                                        (1 = 100.0%)
1  ... 

Histogram: Cookie.FirstPartySets.Network.MostDelayedQueryDelta recorded 1 samples, mean = 0.0 (flags = 0x41)
0  -O                                                                        (1 = 100.0%)
1  ... 

Histogram: Cookie.FirstPartySets.ProcessedEntireComponent recorded 1 samples, mean = 1.0 (flags = 0x41)
0  O                                                                         (0 = 0.0%)
1  -O                                                                        (1 = 100.0%) {0.0%}
2  O                                                                         (0 = 0.0%) {100.0%}

Histogram: Cookie.FromStorageWithValidLength recorded 81 samples, mean = 1.0 (flags = 0x41)
0  O                                                                         (0 = 0.0%)
1  ------------------------------------------------------------------------O (81 = 100.0%) {0.0%}
2  O                                                                         (0 = 0.0%) {100.0%}

Histogram: Cookie.HasNonASCII.Name recorded 7 samples, mean = 0.0 (flags = 0x41)
0  -------O                                                                  (7 = 100.0%)
1  ... 

Histogram: Cookie.HasNonASCII.Value recorded 7 samples, mean = 0.0 (flags = 0x41)
0  -------O                                                                  (7 = 100.0%)
1  ... 

Histogram: Cookie.IncludedRequestEffectiveSameSite recorded 111 samples, mean = 0.0 (flags = 0x41)
0  ------------------------------------------------------------------------O (111 = 100.0%)
1  ... 

Histogram: Cookie.IncludedResponseEffectiveSameSite recorded 7 samples, mean = 0.0 (flags = 0x41)
0  -------O                                                                  (7 = 100.0%)
1  ... 

Histogram: Cookie.IsPartitionedValid recorded 1 samples, mean = 1.0 (flags = 0x41)
0  O                                                                         (0 = 0.0%)
1  -O                                                                        (1 = 100.0%) {0.0%}
2  O                                                                         (0 = 0.0%) {100.0%}

Histogram: Cookie.LoadProblem recorded 4 samples, mean = 0.0 (flags = 0x41)
0  ----O                                                                     (4 = 100.0%)
1  ... 

Histogram: Cookie.NameOrValueHtab recorded 7 samples, mean = 0.0 (flags = 0x41)
0  -------O                                                                  (7 = 100.0%)
1  ... 

Histogram: Cookie.OnCookiesAccessed.BatchSize recorded 11 samples, mean = 1.4 (flags = 0x41)
0  O                                                                         (0 = 0.0%)
1  -------O                                                                  (7 = 63.6%) {0.0%}
2  ----O                                                                     (4 = 36.4%) {63.6%}
3  ... 

Histogram: Cookie.OnCookiesAccessed.TotalAccesses recorded 11 samples, mean = 2.2 (flags = 0x41)
0  O                                                                         (0 = 0.0%)
1  ---O                                                                      (3 = 27.3%) {0.0%}
2  ----O                                                                     (4 = 36.4%) {27.3%}
3  ---O                                                                      (3 = 27.3%) {63.6%}
4  -O                                                                        (1 = 9.1%) {90.9%}
5  ... 

Histogram: Cookie.PartitionedCookiesInRequest recorded 37 samples, mean = 0.0 (flags = 0x41)
0  ------------------------------------O                                     (36 = 97.3%)
1  -O                                                                        (1 = 2.7%) {97.3%}
2  ... 

Histogram: Cookie.Port.Read.RemoteHost recorded 97 samples, mean = 7.0 (flags = 0x41)
0  ... 
7  ------------------------------------------------------------------------O (97 = 100.0%) {0.0%}
8  ... 

Histogram: Cookie.Port.ReadDiffersFromSet.DomainSet recorded 97 samples, mean = 4.0 (flags = 0x41)
0  ... 
4  ------------------------------------------------------------------------O (97 = 100.0%) {0.0%}
5  O                                                                         (0 = 0.0%) {100.0%}

Histogram: Cookie.Port.ReadDiffersFromSet.RemoteHost recorded 97 samples, mean = 4.0 (flags = 0x41)
0  ... 
4  ------------------------------------------------------------------------O (97 = 100.0%) {0.0%}
5  O                                                                         (0 = 0.0%) {100.0%}

Histogram: Cookie.Port.Set.RemoteHost recorded 7 samples, mean = 7.0 (flags = 0x41)
0  ... 
7  -------O                                                                  (7 = 100.0%) {0.0%}
8  ... 

Histogram: Cookie.RequestSameSiteContext recorded 120 samples, mean = 3.0 (flags = 0x41)
0  ... 
3  ------------------------------------------------------------------------O (120 = 100.0%) {0.0%}
4  O                                                                         (0 = 0.0%) {100.0%}

Histogram: Cookie.SameSiteAttributeValue recorded 7 samples, mean = 5.0 (flags = 0x41)
0  ... 
5  -------O                                                                  (7 = 100.0%) {0.0%}
6  ... 

Histogram: Cookie.SameSiteNoneSizeBytes recorded 7 samples, mean = 215.1 (flags = 0x41)
0    ... 
40   -O                                                                        (1 = 14.3%) {0.0%}
48   ... 
190  -----O                                                                    (5 = 71.4%) {14.3%}
226  ... 
378  -O                                                                        (1 = 14.3%) {85.7%}
449  ... 

Histogram: Cookie.SameSiteNoneSizeBytes.Partitioned recorded 1 samples, mean = 438.0 (flags = 0x41)
0    ... 
378  -O                                                                        (1 = 100.0%) {0.0%}
449  ... 

Histogram: Cookie.SameSiteNoneSizeBytes.Unpartitioned recorded 6 samples, mean = 178.0 (flags = 0x41)
0    ... 
40   -O                                                                        (1 = 16.7%) {0.0%}
48   ... 
190  -----O                                                                    (5 = 83.3%) {16.7%}
226  ... 

Histogram: Cookie.SourceType recorded 7 samples, mean = 1.0 (flags = 0x41)
0  O                                                                         (0 = 0.0%)
1  -------O                                                                  (7 = 100.0%) {0.0%}
2  ... 

Histogram: Cookie.TimeBlockedOnLoad recorded 2 samples, mean = 2843.0 (flags = 0x41)
0     O                                                                         (0 = 0.0%)
1     -O                                                                        (1 = 50.0%) {0.0%}
2     ... 
5647  -O                                                                        (1 = 50.0%) {50.0%}
7000  ... 

Histogram: Cookie.TimeInitializeDB recorded 2 samples, mean = 0.5 (flags = 0x41)
0  -O                                                                        (1 = 50.0%)
1  -O                                                                        (1 = 50.0%) {50.0%}
2  ... 

Histogram: Cookie.TimeOpsBlockedDueToGlobalOp recorded 2 samples, mean = 0.5 (flags = 0x41)
0  -O                                                                        (1 = 50.0%)
1  -O                                                                        (1 = 50.0%) {50.0%}
2  ... 

Histogram: Cookie.Type2 recorded 7 samples, mean = 13.7 (flags = 0x41)
0   ... 
12  -O                                                                        (1 = 14.3%) {0.0%}
13  O                                                                         (0 = 0.0%) {14.3%}
14  ------O                                                                   (6 = 85.7%) {14.3%}
15  ... 

Histogram: Crypto.TPMDuration.MessageSigningECDSA recorded 1 samples, mean = 26.0 (flags = 0x41)
0   ... 
25  -O                                                                        (1 = 100.0%) {0.0%}
32  ... 

Histogram: Crypto.TPMDuration.NewKeyCreationECDSA recorded 1 samples, mean = 84.0 (flags = 0x41)
0   ... 
84  -O                                                                        (1 = 100.0%) {0.0%}
107 ... 

Histogram: Crypto.TPMDuration.Virtual.MessageSigningECDSA recorded 1 samples, mean = 0.0 (flags = 0x41)
0  -O                                                                        (1 = 100.0%)
1  ... 

Histogram: Crypto.TPMDuration.Virtual.NewKeyCreationECDSA recorded 1 samples, mean = 6.0 (flags = 0x41)
0  ... 
6  -O                                                                        (1 = 100.0%) {0.0%}
8  ... 

Histogram: Crypto.TPMDuration.Virtual.WrappedKeyCreationECDSA recorded 1 samples, mean = 2.0 (flags = 0x41)
0  ... 
2  -O                                                                        (1 = 100.0%) {0.0%}
3  ... 

Histogram: Crypto.TPMDuration.WrappedKeyCreationECDSA recorded 1 samples, mean = 15.0 (flags = 0x41)
0   ... 
13  -O                                                                        (1 = 100.0%) {0.0%}
16  ... 

Histogram: Crypto.TPMOperation.MessageSigningECDSA recorded 1 samples, mean = 1.0 (flags = 0x41)
0  O                                                                         (0 = 0.0%)
1  -O                                                                        (1 = 100.0%) {0.0%}
2  O                                                                         (0 = 0.0%) {100.0%}

Histogram: Crypto.TPMOperation.MessageVerifyECDSA recorded 1 samples, mean = 1.0 (flags = 0x41)
0  O                                                                         (0 = 0.0%)
1  -O                                                                        (1 = 100.0%) {0.0%}
2  O                                                                         (0 = 0.0%) {100.0%}

Histogram: Crypto.TPMOperation.NewKeyCreationECDSA recorded 1 samples, mean = 1.0 (flags = 0x41)
0  O                                                                         (0 = 0.0%)
1  -O                                                                        (1 = 100.0%) {0.0%}
2  O                                                                         (0 = 0.0%) {100.0%}

Histogram: Crypto.TPMOperation.Virtual.MessageSigningECDSA recorded 1 samples, mean = 1.0 (flags = 0x41)
0  O                                                                         (0 = 0.0%)
1  -O                                                                        (1 = 100.0%) {0.0%}
2  O                                                                         (0 = 0.0%) {100.0%}

Histogram: Crypto.TPMOperation.Virtual.MessageVerifyECDSA recorded 1 samples, mean = 1.0 (flags = 0x41)
0  O                                                                         (0 = 0.0%)
1  -O                                                                        (1 = 100.0%) {0.0%}
2  O                                                                         (0 = 0.0%) {100.0%}

Histogram: Crypto.TPMOperation.Virtual.NewKeyCreationECDSA recorded 1 samples, mean = 1.0 (flags = 0x41)
0  O                                                                         (0 = 0.0%)
1  -O                                                                        (1 = 100.0%) {0.0%}
2  O                                                                         (0 = 0.0%) {100.0%}

Histogram: Crypto.TPMOperation.Virtual.WrappedKeyCreationECDSA recorded 1 samples, mean = 1.0 (flags = 0x41)
0  O                                                                         (0 = 0.0%)
1  -O                                                                        (1 = 100.0%) {0.0%}
2  O                                                                         (0 = 0.0%) {100.0%}

Histogram: Crypto.TPMOperation.WrappedKeyCreationECDSA recorded 1 samples, mean = 1.0 (flags = 0x41)
0  O                                                                         (0 = 0.0%)
1  -O                                                                        (1 = 100.0%) {0.0%}
2  O                                                                         (0 = 0.0%) {100.0%}

Histogram: Crypto.TPMSupport2 recorded 1 samples, mean = 2.0 (flags = 0x41)
0  ... 
2  -O                                                                        (1 = 100.0%) {0.0%}
3  O                                                                         (0 = 0.0%) {100.0%}

Histogram: Crypto.TPMSupportType recorded 1 samples, mean = 3.0 (flags = 0x41)
0  ... 
3  -O                                                                        (1 = 100.0%) {0.0%}
4  O                                                                         (0 = 0.0%) {100.0%}

Histogram: Crypto.VirtualKeySupport recorded 1 samples, mean = 2.0 (flags = 0x41)
0  ... 
2  -O                                                                        (1 = 100.0%) {0.0%}
3  O                                                                         (0 = 0.0%) {100.0%}

Histogram: DOMStorage.CommitMeasuredDelay recorded 4 samples, mean = 3651.8 (flags = 0x41)
0     ... 
50    -O                                                                        (1 = 25.0%) {0.0%}
58    ... 
4249  -O                                                                        (1 = 25.0%) {25.0%}
4904  --O                                                                       (2 = 50.0%) {50.0%}
5660  ... 

Histogram: DOMStorage.CommitSizeBytes recorded 2 samples, mean = 892.5 (flags = 0x41)
0    ... 
762  -O                                                                        (1 = 50.0%) {0.0%}
859  -O                                                                        (1 = 50.0%) {50.0%}
968  ... 

Histogram: DataUse.BytesReceived3.Delegate recorded 15 samples, mean = 10642.7 (flags = 0x41)
0       ... 
297     -O                                                                        (1 = 6.7%) {0.0%}
383     -O                                                                        (1 = 6.7%) {6.7%}
494     --O                                                                       (2 = 13.3%) {13.3%}
637     O                                                                         (0 = 0.0%) {26.7%}
821     -O                                                                        (1 = 6.7%) {26.7%}
1059    -O                                                                        (1 = 6.7%) {33.3%}
1366    -O                                                                        (1 = 6.7%) {40.0%}
1761    ... 
2928    -----O                                                                    (5 = 33.3%) {46.7%}
3776    ... 
8097    -O                                                                        (1 = 6.7%) {80.0%}
10441   ... 
22388   -O                                                                        (1 = 6.7%) {86.7%}
28869   ... 
102923  -O                                                                        (1 = 6.7%) {93.3%}
132718  ... 

Histogram: DataUse.BytesSent3.Delegate recorded 15 samples, mean = 1750.3 (flags = 0x41)
0      ... 
340    --O                                                                       (2 = 13.3%) {0.0%}
448    -O                                                                        (1 = 6.7%) {13.3%}
590    ------O                                                                   (6 = 40.0%) {20.0%}
777    ----O                                                                     (4 = 26.7%) {60.0%}
1023   -O                                                                        (1 = 6.7%) {86.7%}
1347   ... 
16063  -O                                                                        (1 = 6.7%) {93.3%}
21156  ... 

Histogram: DefaultBrowser.State recorded 1 samples, mean = 0.0 (flags = 0x41)
0  -O                                                                        (1 = 100.0%)
1  ... 

Histogram: DiskCache.0.Error recorded 1 samples, mean = 0.0 (flags = 0x41)
0  -O                                                                        (1 = 100.0%)
1  ... 

Histogram: DiskCache.0.TotalIOTimeRead recorded 160 samples, mean = 0.5 (flags = 0x41)
0   ------------------------------------------------------------------------O (120 = 75.0%)
1   -----------O                                                              (19 = 11.9%) {75.0%}
2   ----------O                                                               (16 = 10.0%) {86.9%}
3   -O                                                                        (1 = 0.6%) {96.9%}
4   --O                                                                       (3 = 1.9%) {97.5%}
5   ... 
20  -O                                                                        (1 = 0.6%) {99.4%}
24  ... 

Histogram: DiskCache.0.TotalIOTimeWrite recorded 97 samples, mean = 0.0 (flags = 0x41)
0  ------------------------------------------------------------------------O (96 = 99.0%)
1  O                                                                         (0 = 0.0%) {99.0%}
2  -O                                                                        (1 = 1.0%) {99.0%}
3  ... 

Histogram: Download.Database.IsAvailable recorded 1 samples, mean = 1.0 (flags = 0x41)
0  O                                                                         (0 = 0.0%)
1  -O                                                                        (1 = 100.0%) {0.0%}
2  O                                                                         (0 = 0.0%) {100.0%}

Histogram: Download.Service.Db.Operation.Failure recorded 1 samples, mean = 0.0 (flags = 0x41)
0  -O                                                                        (1 = 100.0%)
1  ... 

Histogram: Download.Service.Files.CleanUp.External recorded 1 samples, mean = 0.0 (flags = 0x41)
0  -O                                                                        (1 = 100.0%)
1  ... 

Histogram: Download.Service.Files.CleanUp.External.HardRecovery recorded 1 samples, mean = 0.0 (flags = 0x41)
0  -O                                                                        (1 = 100.0%)
1  ... 

Histogram: Download.Service.Files.CleanUp.Failure recorded 1 samples, mean = 0.0 (flags = 0x41)
0  -O                                                                        (1 = 100.0%)
1  ... 

Histogram: Download.Service.Files.CleanUp.Failure.HardRecovery recorded 1 samples, mean = 0.0 (flags = 0x41)
0  -O                                                                        (1 = 100.0%)
1  ... 

Histogram: Download.Service.Files.CleanUp.Success recorded 1 samples, mean = 0.0 (flags = 0x41)
0  -O                                                                        (1 = 100.0%)
1  ... 

Histogram: Download.Service.Files.CleanUp.Success.HardRecovery recorded 1 samples, mean = 0.0 (flags = 0x41)
0  -O                                                                        (1 = 100.0%)
1  ... 

Histogram: Download.Service.StartUpStatus.Initialization recorded 2 samples, mean = 2.0 (flags = 0x41)
0  O                                                                         (0 = 0.0%)
1  -O                                                                        (1 = 50.0%) {0.0%}
2  O                                                                         (0 = 0.0%) {50.0%}
3  -O                                                                        (1 = 50.0%) {50.0%}
4  ... 

Histogram: Download.Service.StartUpStatus.Recovery recorded 2 samples, mean = 2.0 (flags = 0x41)
0  O                                                                         (0 = 0.0%)
1  -O                                                                        (1 = 50.0%) {0.0%}
2  O                                                                         (0 = 0.0%) {50.0%}
3  -O                                                                        (1 = 50.0%) {50.0%}
4  ... 

Histogram: Enterprise.TimeToFirstPolicyLoad.Profile.Unmanaged recorded 1 samples, mean = 0.0 (flags = 0x41)
0  -O                                                                        (1 = 100.0%)
1  ... 

Histogram: EnterpriseCheck.AzureADJoinStatusCheckTime recorded 1 samples, mean = 1.0 (flags = 0x41)
0  O                                                                         (0 = 0.0%)
1  -O                                                                        (1 = 100.0%) {0.0%}
2  ... 

Histogram: Event.GestureCreated recorded 3 samples, mean = 12.0 (flags = 0x41)
0   ... 
12  ---O                                                                      (3 = 100.0%) {0.0%}
13  ... 

Histogram: Extension.Toolbar.BrowserActionsCount2 recorded 1 samples, mean = 0.0 (flags = 0x41)
0  -O                                                                        (1 = 100.0%)
1  ... 

Histogram: ExtensionToolbarModel.BrowserActionsCount recorded 1 samples, mean = 0.0 (flags = 0x41)
0  -O                                                                        (1 = 100.0%)
1  ... 

Histogram: Extensions.AppLocation2 recorded 1 samples, mean = 5.0 (flags = 0x41)
0  ... 
5  -O                                                                        (1 = 100.0%) {0.0%}
6  ... 

Histogram: Extensions.CorruptExtensionTotalDisables recorded 1 samples, mean = 0.0 (flags = 0x41)
0  -O                                                                        (1 = 100.0%)
1  ... 

Histogram: Extensions.CorruptExtensionTotalDisables2 recorded 1 samples, mean = 0.0 (flags = 0x41)
0  -O                                                                        (1 = 100.0%)
1  ... 

Histogram: Extensions.Database.Open.Rules recorded 4 samples, mean = 5.0 (flags = 0x41)
0  ... 
5  ----O                                                                     (4 = 100.0%) {0.0%}
6  O                                                                         (0 = 0.0%) {100.0%}

Histogram: Extensions.Database.Open.Scripts recorded 2 samples, mean = 5.0 (flags = 0x41)
0  ... 
5  --O                                                                       (2 = 100.0%) {0.0%}
6  O                                                                         (0 = 0.0%) {100.0%}

Histogram: Extensions.Database.Open.State recorded 8 samples, mean = 5.0 (flags = 0x41)
0  ... 
5  --------O                                                                 (8 = 100.0%) {0.0%}
6  O                                                                         (0 = 0.0%) {100.0%}

Histogram: Extensions.DeveloperModeEnabled recorded 2 samples, mean = 0.0 (flags = 0x41)
0  --O                                                                       (2 = 100.0%)
1  ... 

Histogram: Extensions.DidCreateScriptContext_Unspecified recorded 1 samples, mean = 102.0 (flags = 0x41)
0   ... 
96  -O                                                                        (1 = 100.0%) {0.0%}
114 ... 

Histogram: Extensions.DidCreateScriptContext_WebPage recorded 3 samples, mean = 0.0 (flags = 0x41)
0  ---O                                                                      (3 = 100.0%)
1  ... 

Histogram: Extensions.Disabled recorded 1 samples, mean = 0.0 (flags = 0x41)
0  -O                                                                        (1 = 100.0%)
1  ... 

Histogram: Extensions.Disabled2 recorded 1 samples, mean = 0.0 (flags = 0x41)
0  -O                                                                        (1 = 100.0%)
1  ... 

Histogram: Extensions.DisabledForPermissions recorded 1 samples, mean = 0.0 (flags = 0x41)
0  -O                                                                        (1 = 100.0%)
1  ... 

Histogram: Extensions.DisabledForPermissions2 recorded 1 samples, mean = 0.0 (flags = 0x41)
0  -O                                                                        (1 = 100.0%)
1  ... 

Histogram: Extensions.EventlessEventPages2 recorded 1 samples, mean = 0.0 (flags = 0x41)
0  -O                                                                        (1 = 100.0%)
1  ... 

Histogram: Extensions.ExtensionLocation recorded 1 samples, mean = 5.0 (flags = 0x41)
0  ... 
5  -O                                                                        (1 = 100.0%) {0.0%}
6  ... 

Histogram: Extensions.ExtensionLocation2 recorded 1 samples, mean = 5.0 (flags = 0x41)
0  ... 
5  -O                                                                        (1 = 100.0%) {0.0%}
6  ... 

Histogram: Extensions.ExtensionsWithPageActions recorded 1 samples, mean = 0.0 (flags = 0x41)
0  -O                                                                        (1 = 100.0%)
1  ... 

Histogram: Extensions.HomepageOverrides recorded 1 samples, mean = 0.0 (flags = 0x41)
0  -O                                                                        (1 = 100.0%)
1  ... 

Histogram: Extensions.HomepageOverrides2 recorded 1 samples, mean = 0.0 (flags = 0x41)
0  -O                                                                        (1 = 100.0%)
1  ... 

Histogram: Extensions.InjectEnd_ScriptCount recorded 3 samples, mean = 0.0 (flags = 0x41)
0  ---O                                                                      (3 = 100.0%)
1  ... 

Histogram: Extensions.InjectIdle_ScriptCount recorded 3 samples, mean = 0.0 (flags = 0x41)
0  ---O                                                                      (3 = 100.0%)
1  ... 

Histogram: Extensions.InjectStart_CssCount recorded 5 samples, mean = 0.0 (flags = 0x41)
0  -----O                                                                    (5 = 100.0%)
1  ... 

Histogram: Extensions.InjectStart_ScriptCount recorded 5 samples, mean = 0.0 (flags = 0x41)
0  -----O                                                                    (5 = 100.0%)
1  ... 

Histogram: Extensions.LoadAll recorded 1 samples, mean = 2.0 (flags = 0x41)
0  ... 
2  -O                                                                        (1 = 100.0%) {0.0%}
3  ... 

Histogram: Extensions.LoadAll2 recorded 1 samples, mean = 2.0 (flags = 0x41)
0  ... 
2  -O                                                                        (1 = 100.0%) {0.0%}
3  ... 

Histogram: Extensions.LoadAllComponentTime recorded 1 samples, mean = 73.0 (flags = 0x41)
0   ... 
68  -O                                                                        (1 = 100.0%) {0.0%}
81  ... 

Histogram: Extensions.LoadAllComponentTime.User recorded 1 samples, mean = 73.0 (flags = 0x41)
0   ... 
68  -O                                                                        (1 = 100.0%) {0.0%}
81  ... 

Histogram: Extensions.LoadAllTime2 recorded 1 samples, mean = 0.0 (flags = 0x41)
0  -O                                                                        (1 = 100.0%)
1  ... 

Histogram: Extensions.LoadAllTime2.User recorded 1 samples, mean = 0.0 (flags = 0x41)
0  -O                                                                        (1 = 100.0%)
1  ... 

Histogram: Extensions.LoadApp recorded 1 samples, mean = 0.0 (flags = 0x41)
0  -O                                                                        (1 = 100.0%)
1  ... 

Histogram: Extensions.LoadApp2 recorded 1 samples, mean = 0.0 (flags = 0x41)
0  -O                                                                        (1 = 100.0%)
1  ... 

Histogram: Extensions.LoadAppExternal recorded 1 samples, mean = 0.0 (flags = 0x41)
0  -O                                                                        (1 = 100.0%)
1  ... 

Histogram: Extensions.LoadAppExternal2 recorded 1 samples, mean = 0.0 (flags = 0x41)
0  -O                                                                        (1 = 100.0%)
1  ... 

Histogram: Extensions.LoadAppUser recorded 1 samples, mean = 0.0 (flags = 0x41)
0  -O                                                                        (1 = 100.0%)
1  ... 

Histogram: Extensions.LoadAppUser2 recorded 1 samples, mean = 0.0 (flags = 0x41)
0  -O                                                                        (1 = 100.0%)
1  ... 

Histogram: Extensions.LoadBrowserAction recorded 1 samples, mean = 0.0 (flags = 0x41)
0  -O                                                                        (1 = 100.0%)
1  ... 

Histogram: Extensions.LoadBrowserAction2 recorded 1 samples, mean = 0.0 (flags = 0x41)
0  -O                                                                        (1 = 100.0%)
1  ... 

Histogram: Extensions.LoadExtension recorded 1 samples, mean = 0.0 (flags = 0x41)
0  -O                                                                        (1 = 100.0%)
1  ... 

Histogram: Extensions.LoadExtension2 recorded 1 samples, mean = 0.0 (flags = 0x41)
0  -O                                                                        (1 = 100.0%)
1  ... 

Histogram: Extensions.LoadExtensionExternal recorded 1 samples, mean = 0.0 (flags = 0x41)
0  -O                                                                        (1 = 100.0%)
1  ... 

Histogram: Extensions.LoadExtensionExternal2 recorded 1 samples, mean = 0.0 (flags = 0x41)
0  -O                                                                        (1 = 100.0%)
1  ... 

Histogram: Extensions.LoadExtensionUser2 recorded 1 samples, mean = 0.0 (flags = 0x41)
0  -O                                                                        (1 = 100.0%)
1  ... 

Histogram: Extensions.LoadHostedApp recorded 1 samples, mean = 0.0 (flags = 0x41)
0  -O                                                                        (1 = 100.0%)
1  ... 

Histogram: Extensions.LoadHostedApp2 recorded 1 samples, mean = 0.0 (flags = 0x41)
0  -O                                                                        (1 = 100.0%)
1  ... 

Histogram: Extensions.LoadNoExtensionAction recorded 1 samples, mean = 0.0 (flags = 0x41)
0  -O                                                                        (1 = 100.0%)
1  ... 

Histogram: Extensions.LoadNoExtensionAction2 recorded 1 samples, mean = 0.0 (flags = 0x41)
0  -O                                                                        (1 = 100.0%)
1  ... 

Histogram: Extensions.LoadOffStoreItems recorded 1 samples, mean = 0.0 (flags = 0x41)
0  -O                                                                        (1 = 100.0%)
1  ... 

Histogram: Extensions.LoadOffStoreItems2 recorded 1 samples, mean = 0.0 (flags = 0x41)
0  -O                                                                        (1 = 100.0%)
1  ... 

Histogram: Extensions.LoadPackagedApp recorded 1 samples, mean = 0.0 (flags = 0x41)
0  -O                                                                        (1 = 100.0%)
1  ... 

Histogram: Extensions.LoadPackagedApp2 recorded 1 samples, mean = 0.0 (flags = 0x41)
0  -O                                                                        (1 = 100.0%)
1  ... 

Histogram: Extensions.LoadPlatformApp recorded 1 samples, mean = 0.0 (flags = 0x41)
0  -O                                                                        (1 = 100.0%)
1  ... 

Histogram: Extensions.LoadPlatformApp2 recorded 1 samples, mean = 0.0 (flags = 0x41)
0  -O                                                                        (1 = 100.0%)
1  ... 

Histogram: Extensions.LoadTheme recorded 1 samples, mean = 0.0 (flags = 0x41)
0  -O                                                                        (1 = 100.0%)
1  ... 

Histogram: Extensions.LoadTheme2 recorded 1 samples, mean = 0.0 (flags = 0x41)
0  -O                                                                        (1 = 100.0%)
1  ... 

Histogram: Extensions.LoadUserScript recorded 1 samples, mean = 0.0 (flags = 0x41)
0  -O                                                                        (1 = 100.0%)
1  ... 

Histogram: Extensions.LoadUserScript2 recorded 1 samples, mean = 0.0 (flags = 0x41)
0  -O                                                                        (1 = 100.0%)
1  ... 

Histogram: Extensions.Management_Refresh recorded 1 samples, mean = 12.0 (flags = 0x41)
0   ... 
12  -O                                                                        (1 = 100.0%) {0.0%}
14  ... 

Histogram: Extensions.ManifestVersion2Count.Component recorded 1 samples, mean = 1.0 (flags = 0x41)
0  O                                                                         (0 = 0.0%)
1  -O                                                                        (1 = 100.0%) {0.0%}
2  ... 

Histogram: Extensions.ManifestVersion2Count.External recorded 1 samples, mean = 0.0 (flags = 0x41)
0  -O                                                                        (1 = 100.0%)
1  ... 

Histogram: Extensions.ManifestVersion2Count.Internal recorded 1 samples, mean = 0.0 (flags = 0x41)
0  -O                                                                        (1 = 100.0%)
1  ... 

Histogram: Extensions.ManifestVersion2Count.Policy recorded 1 samples, mean = 0.0 (flags = 0x41)
0  -O                                                                        (1 = 100.0%)
1  ... 

Histogram: Extensions.ManifestVersion2Count.Unpacked recorded 1 samples, mean = 0.0 (flags = 0x41)
0  -O                                                                        (1 = 100.0%)
1  ... 

Histogram: Extensions.ManifestVersion3Count.Component recorded 1 samples, mean = 0.0 (flags = 0x41)
0  -O                                                                        (1 = 100.0%)
1  ... 

Histogram: Extensions.ManifestVersion3Count.External recorded 1 samples, mean = 0.0 (flags = 0x41)
0  -O                                                                        (1 = 100.0%)
1  ... 

Histogram: Extensions.ManifestVersion3Count.Internal recorded 1 samples, mean = 0.0 (flags = 0x41)
0  -O                                                                        (1 = 100.0%)
1  ... 

Histogram: Extensions.ManifestVersion3Count.Policy recorded 1 samples, mean = 0.0 (flags = 0x41)
0  -O                                                                        (1 = 100.0%)
1  ... 

Histogram: Extensions.ManifestVersion3Count.Unpacked recorded 1 samples, mean = 0.0 (flags = 0x41)
0  -O                                                                        (1 = 100.0%)
1  ... 

Histogram: Extensions.ManifestVersionByLocation.Component recorded 1 samples, mean = 2.0 (flags = 0x41)
0  ... 
2  -O                                                                        (1 = 100.0%) {0.0%}
3  ... 

Histogram: Extensions.ManifestVersionPopulationSplit.Component recorded 1 samples, mean = 1.0 (flags = 0x41)
0  O                                                                         (0 = 0.0%)
1  -O                                                                        (1 = 100.0%) {0.0%}
2  ... 

Histogram: Extensions.ManifestVersionPopulationSplit.External recorded 1 samples, mean = 0.0 (flags = 0x41)
0  -O                                                                        (1 = 100.0%)
1  ... 

Histogram: Extensions.ManifestVersionPopulationSplit.Internal recorded 1 samples, mean = 0.0 (flags = 0x41)
0  -O                                                                        (1 = 100.0%)
1  ... 

Histogram: Extensions.ManifestVersionPopulationSplit.InternalAndExternal recorded 1 samples, mean = 0.0 (flags = 0x41)
0  -O                                                                        (1 = 100.0%)
1  ... 

Histogram: Extensions.ManifestVersionPopulationSplit.Unpacked recorded 1 samples, mean = 0.0 (flags = 0x41)
0  -O                                                                        (1 = 100.0%)
1  ... 

Histogram: Extensions.NewTabPageOverrides recorded 1 samples, mean = 0.0 (flags = 0x41)
0  -O                                                                        (1 = 100.0%)
1  ... 

Histogram: Extensions.NewTabPageOverrides2 recorded 1 samples, mean = 0.0 (flags = 0x41)
0  -O                                                                        (1 = 100.0%)
1  ... 

Histogram: Extensions.NonWebStoreNewTabPageOverrides recorded 1 samples, mean = 0.0 (flags = 0x41)
0  -O                                                                        (1 = 100.0%)
1  ... 

Histogram: Extensions.NonWebStoreNewTabPageOverrides2 recorded 1 samples, mean = 0.0 (flags = 0x41)
0  -O                                                                        (1 = 100.0%)
1  ... 

Histogram: Extensions.NonWebstoreLocation recorded 2 samples, mean = 5.0 (flags = 0x41)
0  ... 
5  --O                                                                       (2 = 100.0%) {0.0%}
6  ... 

Histogram: Extensions.NonWebstoreLocation2 recorded 2 samples, mean = 5.0 (flags = 0x41)
0  ... 
5  --O                                                                       (2 = 100.0%) {0.0%}
6  ... 

Histogram: Extensions.NonWebstoreLocationWithDeveloperModeOff.Enabled3 recorded 2 samples, mean = 5.0 (flags = 0x41)
0  ... 
5  --O                                                                       (2 = 100.0%) {0.0%}
6  ... 

Histogram: Extensions.NotAllowlistedDisabled recorded 1 samples, mean = 0.0 (flags = 0x41)
0  -O                                                                        (1 = 100.0%)
1  ... 

Histogram: Extensions.NotAllowlistedDisabled2 recorded 1 samples, mean = 0.0 (flags = 0x41)
0  -O                                                                        (1 = 100.0%)
1  ... 

Histogram: Extensions.NotAllowlistedEnabled recorded 1 samples, mean = 0.0 (flags = 0x41)
0  -O                                                                        (1 = 100.0%)
1  ... 

Histogram: Extensions.NotAllowlistedEnabled2 recorded 1 samples, mean = 0.0 (flags = 0x41)
0  -O                                                                        (1 = 100.0%)
1  ... 

Histogram: Extensions.ProcessManagerStartupHostsTime2 recorded 1 samples, mean = 6.0 (flags = 0x41)
0  ... 
6  -O                                                                        (1 = 100.0%) {0.0%}
7  ... 

Histogram: Extensions.SearchEngineOverrides recorded 1 samples, mean = 0.0 (flags = 0x41)
0  -O                                                                        (1 = 100.0%)
1  ... 

Histogram: Extensions.SearchEngineOverrides2 recorded 1 samples, mean = 0.0 (flags = 0x41)
0  -O                                                                        (1 = 100.0%)
1  ... 

Histogram: Extensions.StartupPagesOverrides recorded 1 samples, mean = 0.0 (flags = 0x41)
0  -O                                                                        (1 = 100.0%)
1  ... 

Histogram: Extensions.StartupPagesOverrides2 recorded 1 samples, mean = 0.0 (flags = 0x41)
0  -O                                                                        (1 = 100.0%)
1  ... 

Histogram: Extensions.WebRequestBlockingCount recorded 1 samples, mean = 0.0 (flags = 0x41)
0  -O                                                                        (1 = 100.0%)
1  ... 

Histogram: Extensions.WebRequestBlockingCount2 recorded 1 samples, mean = 0.0 (flags = 0x41)
0  -O                                                                        (1 = 100.0%)
1  ... 

Histogram: Extensions.WebRequestCount recorded 1 samples, mean = 0.0 (flags = 0x41)
0  -O                                                                        (1 = 100.0%)
1  ... 

Histogram: Extensions.WebRequestCount2 recorded 1 samples, mean = 0.0 (flags = 0x41)
0  -O                                                                        (1 = 100.0%)
1  ... 

Histogram: FetchKeepAlive.Renderer.Total.ReceivedResponse recorded 1 samples, mean = 1.0 (flags = 0x41)
0  O                                                                         (0 = 0.0%)
1  -O                                                                        (1 = 100.0%) {0.0%}
2  O                                                                         (0 = 0.0%) {100.0%}

Histogram: FetchKeepAlive.Renderer.Total.Started recorded 1 samples, mean = 1.0 (flags = 0x41)
0  O                                                                         (0 = 0.0%)
1  -O                                                                        (1 = 100.0%) {0.0%}
2  O                                                                         (0 = 0.0%) {100.0%}

Histogram: FetchKeepAlive.Requests2.Network recorded 2 samples, mean = 0.5 (flags = 0x41)
0  -O                                                                        (1 = 50.0%)
1  -O                                                                        (1 = 50.0%) {50.0%}
2  O                                                                         (0 = 0.0%) {100.0%}

Histogram: FetchKeepAlive.Requests2.SentToService.Renderer recorded 1 samples, mean = 2.0 (flags = 0x41)
0  ... 
2  -O                                                                        (1 = 100.0%) {0.0%}
3  ... 

Histogram: FetchKeepAlive.Requests2.Started.IsContextDetached.Renderer recorded 1 samples, mean = 0.0 (flags = 0x41)
0  -O                                                                        (1 = 100.0%)
1  ... 

Histogram: FetchKeepAlive.Requests2.Started.Renderer recorded 1 samples, mean = 1.0 (flags = 0x41)
0  O                                                                         (0 = 0.0%)
1  -O                                                                        (1 = 100.0%) {0.0%}
2  ... 

Histogram: FetchKeepAlive.Requests2.Succeeded.IsContextDetached.Renderer recorded 1 samples, mean = 0.0 (flags = 0x41)
0  -O                                                                        (1 = 100.0%)
1  ... 

Histogram: FetchKeepAlive.Requests2.Succeeded.Renderer recorded 1 samples, mean = 1.0 (flags = 0x41)
0  O                                                                         (0 = 0.0%)
1  -O                                                                        (1 = 100.0%) {0.0%}
2  ... 

Histogram: FetchKeepAlive.Requests2.Total.Renderer recorded 1 samples, mean = 1.0 (flags = 0x41)
0  O                                                                         (0 = 0.0%)
1  -O                                                                        (1 = 100.0%) {0.0%}
2  ... 

Histogram: FirstPartySets.Database.InitStatus recorded 1 samples, mean = 1.0 (flags = 0x41)
0  O                                                                         (0 = 0.0%)
1  -O                                                                        (1 = 100.0%) {0.0%}
2  ... 

Histogram: FirstPartySets.Database.TransactionFailed recorded 7 samples, mean = 0.0 (flags = 0x41)
0  -------O                                                                  (7 = 100.0%)
1  ... 

Histogram: FirstPartySets.Initialization.ClearSiteDataOutcome recorded 1 samples, mean = 1.0 (flags = 0x41)
0  O                                                                         (0 = 0.0%)
1  -O                                                                        (1 = 100.0%) {0.0%}
2  O                                                                         (0 = 0.0%) {100.0%}

Histogram: FirstPartySets.Initialization.SitesToClear.Count recorded 1 samples, mean = 0.0 (flags = 0x41)
0  -O                                                                        (1 = 100.0%)
1  ... 

Histogram: GPU.ANGLE.D3DShaderBlobSizeKB recorded 4 samples, mean = 0.5 (flags = 0x41)
0  ----O                                                                     (4 = 100.0%)
1000... 

Histogram: GPU.ANGLE.D3DShaderCompilationTimeUs recorded 4 samples, mean = 48319.2 (flags = 0x41)
0       ... 
1774    -O                                                                        (1 = 25.0%) {0.0%}
2336    ... 
27864   --O                                                                       (2 = 50.0%) {25.0%}
36699   ... 
110434  -O                                                                        (1 = 25.0%) {75.0%}
145450  ... 

Histogram: GPU.BlocklistFeatureTestResults.Accelerated2dCanvas recorded 1 samples, mean = 0.0 (flags = 0x41)
0  -O                                                                        (1 = 100.0%)
1  ... 

Histogram: GPU.BlocklistFeatureTestResults.GpuCompositing recorded 1 samples, mean = 0.0 (flags = 0x41)
0  -O                                                                        (1 = 100.0%)
1  ... 

Histogram: GPU.BlocklistFeatureTestResults.GpuRasterization recorded 1 samples, mean = 0.0 (flags = 0x41)
0  -O                                                                        (1 = 100.0%)
1  ... 

Histogram: GPU.BlocklistFeatureTestResults.Webgl recorded 1 samples, mean = 0.0 (flags = 0x41)
0  -O                                                                        (1 = 100.0%)
1  ... 

Histogram: GPU.BlocklistFeatureTestResults.Webgl2 recorded 1 samples, mean = 0.0 (flags = 0x41)
0  -O                                                                        (1 = 100.0%)
1  ... 

Histogram: GPU.BlocklistFeatureTestResults.Webgpu recorded 1 samples, mean = 2.0 (flags = 0x41)
0  ... 
2  -O                                                                        (1 = 100.0%) {0.0%}
3  ... 

Histogram: GPU.BlocklistTestResultsPerEntry recorded 1 samples, mean = 0.0 (flags = 0x41)
0  -O                                                                        (1 = 100.0%)
1  ... 

Histogram: GPU.CanvasOopRaster.OopRasterAndGpuAcceleration recorded 1 samples, mean = 0.0 (flags = 0x41)
0  -O                                                                        (1 = 100.0%)
1  ... 

Histogram: GPU.CompositingMode recorded 1 samples, mean = 1.0 (flags = 0x41)
0  O                                                                         (0 = 0.0%)
1  -O                                                                        (1 = 100.0%) {0.0%}
2  ... 

Histogram: GPU.D3D12FeatureLevel recorded 1 samples, mean = 5.0 (flags = 0x41)
0  ... 
5  -O                                                                        (1 = 100.0%) {0.0%}
6  O                                                                         (0 = 0.0%) {100.0%}

Histogram: GPU.D3D12HighestShaderModel2 recorded 1 samples, mean = 9.0 (flags = 0x41)
0  ... 
9  -O                                                                        (1 = 100.0%) {0.0%}
10 O                                                                         (0 = 0.0%) {100.0%}

Histogram: GPU.DriverBugTestResultsPerEntry recorded 10 samples (flags = 0x41)
0    -O                                                                        (1 = 10.0%)
17   -O                                                                        (1 = 10.0%)
165  -O                                                                        (1 = 10.0%)
206  -O                                                                        (1 = 10.0%)
256  -O                                                                        (1 = 10.0%)
315  -O                                                                        (1 = 10.0%)
364  -O                                                                        (1 = 10.0%)
403  -O                                                                        (1 = 10.0%)
426  -O                                                                        (1 = 10.0%)
430  -O                                                                        (1 = 10.0%)

Histogram: GPU.EstablishGpuChannelSyncTime recorded 2 samples, mean = 2174.5 (flags = 0x41)
0     ... 
1262  -O                                                                        (1 = 50.0%) {0.0%}
1500  ... 
2990  -O                                                                        (1 = 50.0%) {50.0%}
3553  ... 

Histogram: GPU.EstablishGpuChannelSyncTime.FirstRun recorded 2 samples, mean = 2174.5 (flags = 0x41)
0     ... 
1262  -O                                                                        (1 = 50.0%) {0.0%}
1500  ... 
2990  -O                                                                        (1 = 50.0%) {50.0%}
3553  ... 

Histogram: GPU.GPUProcessLaunchTime recorded 2 samples, mean = 10464.5 (flags = 0x41)
0      ... 
318    -O                                                                        (1 = 50.0%) {0.0%}
378    ... 
10000  -O                                                                        (1 = 50.0%) {50.0%}

Histogram: GPU.GPUProcessTerminationStatus2 recorded 1 samples, mean = 4.0 (flags = 0x41)
0  ... 
4  -O                                                                        (1 = 100.0%) {0.0%}
5  ... 

Histogram: GPU.HardwareAccelerationModeEnabled recorded 1 samples, mean = 1.0 (flags = 0x41)
0  O                                                                         (0 = 0.0%)
1  -O                                                                        (1 = 100.0%) {0.0%}
2  O                                                                         (0 = 0.0%) {100.0%}

Histogram: GPU.MultiGpu.AMD recorded 1 samples (flags = 0x41)
5056  -O                                                                        (1 = 100.0%)

Histogram: GPU.MultiGpu.Nvidia recorded 2 samples (flags = 0x41)
11269  --O                                                                       (2 = 100.0%)

Histogram: GPU.ProcessLifetimeEvents.HardwareAccelerated recorded 1 samples, mean = 0.0 (flags = 0x41)
0  -O                                                                        (1 = 100.0%)
1  ... 

Histogram: GPU.RasterDecoder.TimeToFlush recorded 1 samples, mean = 291.0 (flags = 0x41)
0    ... 
281  -O                                                                        (1 = 100.0%) {0.0%}
320  ... 

Histogram: GPU.SharedImage.BackingType recorded 4 samples, mean = 7.0 (flags = 0x41)
0   ... 
2   --O                                                                       (2 = 50.0%) {0.0%}
3   ... 
12  --O                                                                       (2 = 50.0%) {50.0%}
13  ... 

Histogram: GPU.SharedImage.ContentConsumed recorded 10 samples, mean = 0.4 (flags = 0x41)
0  ------O                                                                   (6 = 60.0%)
1  ----O                                                                     (4 = 40.0%) {60.0%}
2  O                                                                         (0 = 0.0%) {100.0%}

Histogram: GPU.SkiaBackendType recorded 1 samples, mean = 2.0 (flags = 0x41)
0  ... 
2  -O                                                                        (1 = 100.0%) {0.0%}
3  ... 

Histogram: GPU.SupportsDX12 recorded 1 samples, mean = 1.0 (flags = 0x41)
0  O                                                                         (0 = 0.0%)
1  -O                                                                        (1 = 100.0%) {0.0%}
2  O                                                                         (0 = 0.0%) {100.0%}

Histogram: GPU.WatchdogThread.Event recorded 1 samples, mean = 0.0 (flags = 0x41)
0  -O                                                                        (1 = 100.0%)
1  ... 

Histogram: GPU.WatchdogThread.Event.main recorded 1 samples, mean = 0.0 (flags = 0x41)
0  -O                                                                        (1 = 100.0%)
1  ... 

Histogram: GPU.WatchdogThread.Timeout recorded 25 samples, mean = 0.0 (flags = 0x41)
0  -------------------------O                                                (25 = 100.0%)
1  ... 

Histogram: GPU.WatchdogThread.Timeout.Normal recorded 25 samples, mean = 0.0 (flags = 0x41)
0  -------------------------O                                                (25 = 100.0%)
1  ... 

Histogram: GPU.WatchdogThread.Timeout.Normal.main recorded 25 samples, mean = 0.0 (flags = 0x41)
0  -------------------------O                                                (25 = 100.0%)
1  ... 

Histogram: GPU.WatchdogThread.Timeout.main recorded 25 samples, mean = 0.0 (flags = 0x41)
0  -------------------------O                                                (25 = 100.0%)
1  ... 

Histogram: Gaia.AuthFetcher.ListAccounts.NetErrorCodes recorded 1 samples (flags = 0x41)
0  -O                                                                        (1 = 100.0%)

Histogram: Gpu.FenceHandle.CloneCountsPerSubmit recorded 5 samples, mean = 0.0 (flags = 0x41)
0  -----O                                                                    (5 = 100.0%)
1  ... 

Histogram: Gpu.GrCompileShaderUs recorded 4 samples, mean = 15101.0 (flags = 0x41)
0      ... 
258    -O                                                                        (1 = 25.0%) {0.0%}
340    -O                                                                        (1 = 25.0%) {25.0%}
448    O                                                                         (0 = 0.0%) {50.0%}
590    -O                                                                        (1 = 25.0%) {50.0%}
777    ... 
48336  -O                                                                        (1 = 25.0%) {75.0%}
63662  ... 

Histogram: Gpu.GrLinkProgramUs recorded 2 samples, mean = 81452.0 (flags = 0x41)
0       ... 
27864   -O                                                                        (1 = 50.0%) {0.0%}
36699   ... 
110434  -O                                                                        (1 = 50.0%) {50.0%}
145450  ... 

Histogram: Gpu.PassthroughProgramCacheLoadHitInCache recorded 2 samples, mean = 0.0 (flags = 0x41)
0  --O                                                                       (2 = 100.0%)
1  ... 

Histogram: Gpu.Rasterization.Raster.MSAASampleCountLog2 recorded 1 samples, mean = 0.0 (flags = 0x41)
0  -O                                                                        (1 = 100.0%)
1  ... 

Histogram: HangWatcher.IsThreadHung.BrowserProcess.IOThread.Normal recorded 53 samples, mean = 0.0 (flags = 0x41)
0  -----------------------------------------------------O                    (53 = 100.0%)
1  ... 

Histogram: HangWatcher.IsThreadHung.BrowserProcess.UIThread.Normal recorded 53 samples, mean = 0.0 (flags = 0x41)
0  -----------------------------------------------------O                    (53 = 100.0%)
1  ... 

Histogram: HangWatcher.IsThreadHung.RendererProcess.IOThread.BestEffort recorded 52 samples, mean = 0.0 (flags = 0x41)
0  ----------------------------------------------------O                     (52 = 100.0%)
1  ... 

Histogram: HangWatcher.IsThreadHung.RendererProcess.MainThread.BestEffort recorded 51 samples, mean = 0.0 (flags = 0x41)
0  ---------------------------------------------------O                      (51 = 100.0%)
1  ... 

Histogram: HangWatcher.IsThreadHung.UtilityProcess.IOThread recorded 106 samples, mean = 0.0 (flags = 0x41)
0  ------------------------------------------------------------------------O (106 = 100.0%)
1  ... 

Histogram: HangWatcher.IsThreadHung.UtilityProcess.MainThread recorded 106 samples, mean = 0.0 (flags = 0x41)
0  ------------------------------------------------------------------------O (106 = 100.0%)
1  ... 

Histogram: HangWatcher.SleepDrift.BrowserProcess recorded 209 samples, mean = 5.4 (flags = 0x41)
0   -----------------------------------------------------------O              (59 = 28.2%)
1   ------------O                                                             (12 = 5.7%) {28.2%}
2   ------------O                                                             (12 = 5.7%) {34.0%}
3   -----------O                                                              (11 = 5.3%) {39.7%}
4   ----------O                                                               (10 = 4.8%) {45.0%}
5   --------O                                                                 (8 = 3.8%) {49.8%}
6   ----------O                                                               (10 = 4.8%) {53.6%}
7   ---------------O                                                          (15 = 7.2%) {58.4%}
8   ------------------------O                                                 (24 = 11.5%) {65.6%}
10  -------------O                                                            (13 = 6.2%) {77.0%}
12  ---------------------O                                                    (21 = 10.0%) {83.3%}
14  --------------O                                                           (14 = 6.7%) {93.3%}
17  ... 

Histogram: Hardware.Display.Count.OnStartup recorded 1 samples, mean = 2.0 (flags = 0x41)
0  ... 
2  -O                                                                        (1 = 100.0%) {0.0%}
3  ... 

Histogram: Hardware.Display.SupportsHDR recorded 2 samples, mean = 0.0 (flags = 0x41)
0  --O                                                                       (2 = 100.0%)
1  ... 

Histogram: HeapProfiling.InProcess.Enabled recorded 1 samples, mean = 0.0 (flags = 0x41)
0  -O                                                                        (1 = 100.0%)
1  ... 

Histogram: HeapProfiling.InProcess.Enabled.Browser recorded 1 samples, mean = 0.0 (flags = 0x41)
0  -O                                                                        (1 = 100.0%)
1  ... 

Histogram: Histogram.TooManyBuckets.1000 recorded 4 samples (flags = 0x41)
-2140283801 --O                                                                       (2 = 50.0%)
1721222685  --O                                                                       (2 = 50.0%)

Histogram: History.Backend.TransactionCommitSuccess recorded 3 samples, mean = 1.0 (flags = 0x41)
0  O                                                                         (0 = 0.0%)
1  ---O                                                                      (3 = 100.0%) {0.0%}
2  O                                                                         (0 = 0.0%) {100.0%}

Histogram: History.ClearBrowsingData.TaskQueueAtShutdown recorded 1 samples, mean = 0.0 (flags = 0x41)
0  -O                                                                        (1 = 100.0%)
1  ... 

Histogram: History.Clusters.ContextClusterer.VisitProcessingLatency.UrlVisited recorded 5 samples, mean = 0.0 (flags = 0x41)
0  -----O                                                                    (5 = 100.0%)
1  ... 

Histogram: History.Clusters.JourneysEligibleAndEnabledAtSessionStart recorded 1 samples, mean = 1.0 (flags = 0x41)
0  O                                                                         (0 = 0.0%)
1  -O                                                                        (1 = 100.0%) {0.0%}
2  O                                                                         (0 = 0.0%) {100.0%}

Histogram: History.Clusters.KeywordCache.LoadCachesFromPrefs.Latency recorded 1 samples, mean = 0.0 (flags = 0x41)
0  -O                                                                        (1 = 100.0%)
1  ... 

Histogram: History.DomainCount1Day_V2 recorded 1 samples, mean = 1.0 (flags = 0x41)
0  O                                                                         (0 = 0.0%)
1  -O                                                                        (1 = 100.0%) {0.0%}
2  ... 

Histogram: History.DomainCount1Day_V3 recorded 1 samples, mean = 1.0 (flags = 0x41)
0  O                                                                         (0 = 0.0%)
1  -O                                                                        (1 = 100.0%) {0.0%}
2  ... 

Histogram: History.DomainCount28Day_V2 recorded 1 samples, mean = 1.0 (flags = 0x41)
0  O                                                                         (0 = 0.0%)
1  -O                                                                        (1 = 100.0%) {0.0%}
2  ... 

Histogram: History.DomainCount28Day_V3 recorded 1 samples, mean = 1.0 (flags = 0x41)
0  O                                                                         (0 = 0.0%)
1  -O                                                                        (1 = 100.0%) {0.0%}
2  ... 

Histogram: History.DomainCount7Day_V2 recorded 1 samples, mean = 1.0 (flags = 0x41)
0  O                                                                         (0 = 0.0%)
1  -O                                                                        (1 = 100.0%) {0.0%}
2  ... 

Histogram: History.DomainCount7Day_V3 recorded 1 samples, mean = 1.0 (flags = 0x41)
0  O                                                                         (0 = 0.0%)
1  -O                                                                        (1 = 100.0%) {0.0%}
2  ... 

Histogram: History.InMemoryDBItemCount recorded 1 samples, mean = 2.0 (flags = 0x41)
0  ... 
2  -O                                                                        (1 = 100.0%) {0.0%}
3  ... 

Histogram: History.TopSites.QueryFromHistoryTime recorded 1 samples, mean = 1.0 (flags = 0x41)
0  O                                                                         (0 = 0.0%)
1  -O                                                                        (1 = 100.0%) {0.0%}
2  ... 

Histogram: History.VisitedLinks.HashTableLengthOnReaderInit recorded 3 samples, mean = 16381.0 (flags = 0x41)
0      ... 
14319  ---O                                                                      (3 = 100.0%) {0.0%}
19866  ... 

Histogram: History.VisitedLinks.HashTableSizeOnTableCreate recorded 2 samples, mean = 0.0 (flags = 0x41)
0  --O                                                                       (2 = 100.0%)
1  ... 

Histogram: History.VisitedLinks.HashTableUsageOnLinkAdded recorded 5 samples, mean = 4.8 (flags = 0x41)
0  -O                                                                        (1 = 20.0%)
1  ... 
6  ----O                                                                     (4 = 80.0%) {20.0%}
8  ... 

Histogram: History.VisitedLinks.TryToAddFingerprint recorded 6 samples, mean = 0.8 (flags = 0x41)
0  -O                                                                        (1 = 16.7%)
1  -----O                                                                    (5 = 83.3%) {16.7%}
2  ... 

Histogram: History.VisitedLinks.VisitLoggedFromMainFrame recorded 3 samples, mean = 1.0 (flags = 0x41)
0  O                                                                         (0 = 0.0%)
1  ---O                                                                      (3 = 100.0%) {0.0%}
2  O                                                                         (0 = 0.0%) {100.0%}

Histogram: History.VisitedLinks.VisitLoggedFromTransition recorded 3 samples, mean = 1.7 (flags = 0x41)
0  O                                                                         (0 = 0.0%)
1  -O                                                                        (1 = 33.3%) {0.0%}
2  --O                                                                       (2 = 66.7%) {33.3%}
3  ... 

Histogram: HttpCache.AccessToDone2 recorded 61 samples, mean = 57.4 (flags = 0x41)
0    ---O                                                                      (3 = 4.9%)
1    -------O                                                                  (7 = 11.5%) {4.9%}
2    -O                                                                        (1 = 1.6%) {16.4%}
3    -----O                                                                    (5 = 8.2%) {18.0%}
4    --------O                                                                 (8 = 13.1%) {26.2%}
5    -------O                                                                  (7 = 11.5%) {39.3%}
6    -------O                                                                  (7 = 11.5%) {50.8%}
7    ... 
11   --O                                                                       (2 = 3.3%) {62.3%}
12   --O                                                                       (2 = 3.3%) {65.6%}
13   O                                                                         (0 = 0.0%) {68.9%}
14   -O                                                                        (1 = 1.6%) {68.9%}
15   ... 
20   -O                                                                        (1 = 1.6%) {70.5%}
22   ... 
28   -O                                                                        (1 = 1.6%) {72.1%}
31   ----O                                                                     (4 = 6.6%) {73.8%}
34   ... 
45   --O                                                                       (2 = 3.3%) {80.3%}
49   -O                                                                        (1 = 1.6%) {83.6%}
54   ... 
93   -O                                                                        (1 = 1.6%) {85.2%}
102  -O                                                                        (1 = 1.6%) {86.9%}
112  -O                                                                        (1 = 1.6%) {88.5%}
123  ... 
212  -O                                                                        (1 = 1.6%) {90.2%}
232  ... 
278  -O                                                                        (1 = 1.6%) {91.8%}
304  O                                                                         (0 = 0.0%) {93.4%}
333  -O                                                                        (1 = 1.6%) {93.4%}
364  ... 
436  -O                                                                        (1 = 1.6%) {95.1%}
477  ... 
625  -O                                                                        (1 = 1.6%) {96.7%}
684  -O                                                                        (1 = 1.6%) {98.4%}
748  ... 

Histogram: HttpCache.AccessToDone2.SentRequest recorded 11 samples, mean = 228.3 (flags = 0x41)
0    ... 
14   -O                                                                        (1 = 9.1%) {0.0%}
15   ... 
20   -O                                                                        (1 = 9.1%) {9.1%}
22   ... 
45   -O                                                                        (1 = 9.1%) {18.2%}
49   -O                                                                        (1 = 9.1%) {27.3%}
54   ... 
93   -O                                                                        (1 = 9.1%) {36.4%}
102  -O                                                                        (1 = 9.1%) {45.5%}
112  -O                                                                        (1 = 9.1%) {54.5%}
123  ... 
212  -O                                                                        (1 = 9.1%) {63.6%}
232  ... 
436  -O                                                                        (1 = 9.1%) {72.7%}
477  ... 
625  -O                                                                        (1 = 9.1%) {81.8%}
684  -O                                                                        (1 = 9.1%) {90.9%}
748  ... 

Histogram: HttpCache.AccessToDone2.Used recorded 50 samples, mean = 19.9 (flags = 0x41)
0    ---O                                                                      (3 = 6.0%)
1    -------O                                                                  (7 = 14.0%) {6.0%}
2    -O                                                                        (1 = 2.0%) {20.0%}
3    -----O                                                                    (5 = 10.0%) {22.0%}
4    --------O                                                                 (8 = 16.0%) {32.0%}
5    -------O                                                                  (7 = 14.0%) {48.0%}
6    -------O                                                                  (7 = 14.0%) {62.0%}
7    ... 
11   --O                                                                       (2 = 4.0%) {76.0%}
12   --O                                                                       (2 = 4.0%) {80.0%}
13   ... 
29   -O                                                                        (1 = 2.0%) {84.0%}
31   ----O                                                                     (4 = 8.0%) {86.0%}
33   ... 
48   -O                                                                        (1 = 2.0%) {94.0%}
51   ... 
270  -O                                                                        (1 = 2.0%) {96.0%}
288  ... 
327  -O                                                                        (1 = 2.0%) {98.0%}
348  ... 

Histogram: HttpCache.AddTransactionToEntry recorded 61 samples, mean = 0.2 (flags = 0x41)
0  -------------------------------------------------------O                  (55 = 90.2%)
1  -----O                                                                    (5 = 8.2%) {90.2%}
2  ... 
8  -O                                                                        (1 = 1.6%) {98.4%}
10 ... 

Histogram: HttpCache.BeforeSend recorded 11 samples, mean = 1.6 (flags = 0x41)
0   --------O                                                                 (8 = 72.7%)
1   -O                                                                        (1 = 9.1%) {72.7%}
2   ... 
4   -O                                                                        (1 = 9.1%) {81.8%}
5   ... 
12  -O                                                                        (1 = 9.1%) {90.9%}
14  ... 

Histogram: HttpCache.BeforeSend.CantConditionalize recorded 2 samples, mean = 0.0 (flags = 0x41)
0  --O                                                                       (2 = 100.0%)
1  ... 

Histogram: HttpCache.BeforeSend.NotCached recorded 6 samples, mean = 2.2 (flags = 0x41)
0   -----O                                                                    (5 = 83.3%)
1   ... 
12  -O                                                                        (1 = 16.7%) {83.3%}
14  ... 

Histogram: HttpCache.BeforeSend.Updated recorded 1 samples, mean = 4.0 (flags = 0x41)
0  ... 
4  -O                                                                        (1 = 100.0%) {0.0%}
5  ... 

Histogram: HttpCache.BeforeSend.Validated recorded 2 samples, mean = 0.5 (flags = 0x41)
0  -O                                                                        (1 = 50.0%)
1  -O                                                                        (1 = 50.0%) {50.0%}
2  ... 

Histogram: HttpCache.CreateDiskEntry recorded 6 samples, mean = 2.2 (flags = 0x41)
0   -----O                                                                    (5 = 83.3%)
1   ... 
12  -O                                                                        (1 = 16.7%) {83.3%}
14  ... 

Histogram: HttpCache.HardReset recorded 1 samples, mean = 0.0 (flags = 0x40)
0  -O                                                                        (1 = 100.0%)
1  ... 

Histogram: HttpCache.IsNoStore recorded 61 samples, mean = 0.1 (flags = 0x41)
0  -------------------------------------------------------O                  (55 = 90.2%)
1  ------O                                                                   (6 = 9.8%) {90.2%}
2  O                                                                         (0 = 0.0%) {100.0%}

Histogram: HttpCache.IsNoStore.MainFrameHTML recorded 1 samples, mean = 1.0 (flags = 0x41)
0  O                                                                         (0 = 0.0%)
1  -O                                                                        (1 = 100.0%) {0.0%}
2  O                                                                         (0 = 0.0%) {100.0%}

Histogram: HttpCache.MaxFileSizeOnInit recorded 1 samples, mean = 40960.0 (flags = 0x41)
0      ... 
37526  -O                                                                        (1 = 100.0%) {0.0%}
42713  ... 

Histogram: HttpCache.OpenDiskEntry recorded 55 samples, mean = 0.7 (flags = 0x41)
0   ------------------------------------------------------O                   (54 = 98.2%)
1   ... 
34  -O                                                                        (1 = 1.8%) {98.2%}
40  ... 

Histogram: HttpCache.Pattern recorded 61 samples, mean = 3.1 (flags = 0x41)
0  ... 
2  ------O                                                                   (6 = 9.8%) {0.0%}
3  --------------------------------------------------O                       (50 = 82.0%) {9.8%}
4  --O                                                                       (2 = 3.3%) {91.8%}
5  -O                                                                        (1 = 1.6%) {95.1%}
6  --O                                                                       (2 = 3.3%) {96.7%}
7  O                                                                         (0 = 0.0%) {100.0%}

Histogram: HttpCache.Pattern.CSS recorded 20 samples, mean = 3.0 (flags = 0x41)
0  ... 
3  -------------------O                                                      (19 = 95.0%) {0.0%}
4  -O                                                                        (1 = 5.0%) {95.0%}
5  ... 

Histogram: HttpCache.Pattern.CSSThirdParty recorded 20 samples, mean = 3.0 (flags = 0x41)
0  ... 
3  -------------------O                                                      (19 = 95.0%) {0.0%}
4  -O                                                                        (1 = 5.0%) {95.0%}
5  ... 

Histogram: HttpCache.Pattern.Font recorded 5 samples, mean = 3.0 (flags = 0x41)
0  ... 
3  -----O                                                                    (5 = 100.0%) {0.0%}
4  ... 

Histogram: HttpCache.Pattern.FontThirdParty recorded 5 samples, mean = 3.0 (flags = 0x41)
0  ... 
3  -----O                                                                    (5 = 100.0%) {0.0%}
4  ... 

Histogram: HttpCache.Pattern.Image recorded 1 samples, mean = 2.0 (flags = 0x41)
0  ... 
2  -O                                                                        (1 = 100.0%) {0.0%}
3  ... 

Histogram: HttpCache.Pattern.JavaScript recorded 26 samples, mean = 3.2 (flags = 0x41)
0  ... 
3  ------------------------O                                                 (24 = 92.3%) {0.0%}
4  O                                                                         (0 = 0.0%) {92.3%}
5  -O                                                                        (1 = 3.8%) {92.3%}
6  -O                                                                        (1 = 3.8%) {96.2%}
7  O                                                                         (0 = 0.0%) {100.0%}

Histogram: HttpCache.Pattern.JavaScriptThirdParty recorded 24 samples, mean = 3.1 (flags = 0x41)
0  ... 
3  -----------------------O                                                  (23 = 95.8%) {0.0%}
4  O                                                                         (0 = 0.0%) {95.8%}
5  -O                                                                        (1 = 4.2%) {95.8%}
6  ... 

Histogram: HttpCache.Pattern.MainFrameHTML recorded 1 samples, mean = 2.0 (flags = 0x41)
0  ... 
2  -O                                                                        (1 = 100.0%) {0.0%}
3  ... 

Histogram: HttpCache.Pattern.NonTinyImage recorded 1 samples, mean = 2.0 (flags = 0x41)
0  ... 
2  -O                                                                        (1 = 100.0%) {0.0%}
3  ... 

Histogram: HttpCache.TotalDiskCacheTimePerTransaction.Read recorded 5 samples, mean = 0.2 (flags = 0x41)
0  ----O                                                                     (4 = 80.0%)
1  -O                                                                        (1 = 20.0%) {80.0%}
2  ... 

Histogram: HttpCache.TotalDiskCacheTimePerTransaction.Write recorded 5 samples, mean = 0.8 (flags = 0x41)
0  ----O                                                                     (4 = 80.0%)
1  ... 
4  -O                                                                        (1 = 20.0%) {80.0%}
5  ... 

Histogram: ImageDecoder.Png.UiGfxIntoSkBitmap recorded 1 samples, mean = 60087.0 (flags = 0x41)
0      ... 
48336  -O                                                                        (1 = 100.0%) {0.0%}
63662  ... 

Histogram: ImportantFile.FileReplaceRetryCount recorded 18 samples, mean = 0.0 (flags = 0x41)
0  ------------------O                                                       (18 = 100.0%)
1  ... 

Histogram: ImportantFile.SerializationDuration recorded 3 samples, mean = 0.0 (flags = 0x41)
0  ---O                                                                      (3 = 100.0%)
1  ... 

Histogram: ImportantFile.SerializationDuration.Local_State recorded 5 samples, mean = 0.0 (flags = 0x41)
0  -----O                                                                    (5 = 100.0%)
1  ... 

Histogram: ImportantFile.SerializationDuration.Preferences recorded 4 samples, mean = 0.0 (flags = 0x41)
0  ----O                                                                     (4 = 100.0%)
1  ... 

Histogram: ImportantFile.SerializationDuration.Secure_Preferences recorded 1 samples, mean = 0.0 (flags = 0x41)
0  -O                                                                        (1 = 100.0%)
1  ... 

Histogram: ImportantFile.SerializationDuration.TransportSecurityPersister recorded 2 samples, mean = 0.0 (flags = 0x41)
0  --O                                                                       (2 = 100.0%)
1  ... 

Histogram: ImportantFile.WriteDuration recorded 3 samples, mean = 15.3 (flags = 0x41)
0   ... 
14  --O                                                                       (2 = 66.7%) {0.0%}
17  -O                                                                        (1 = 33.3%) {66.7%}
20  ... 

Histogram: ImportantFile.WriteDuration.Local_State recorded 5 samples, mean = 14.6 (flags = 0x41)
0   ... 
14  -----O                                                                    (5 = 100.0%) {0.0%}
17  ... 

Histogram: ImportantFile.WriteDuration.Preferences recorded 4 samples, mean = 13.8 (flags = 0x41)
0   ... 
10  -O                                                                        (1 = 25.0%) {0.0%}
12  O                                                                         (0 = 0.0%) {25.0%}
14  ---O                                                                      (3 = 75.0%) {25.0%}
17  ... 

Histogram: ImportantFile.WriteDuration.SCTAuditing recorded 2 samples, mean = 9.5 (flags = 0x41)
0   ... 
8   -O                                                                        (1 = 50.0%) {0.0%}
10  -O                                                                        (1 = 50.0%) {50.0%}
12  ... 

Histogram: ImportantFile.WriteDuration.Secure_Preferences recorded 1 samples, mean = 15.0 (flags = 0x41)
0   ... 
14  -O                                                                        (1 = 100.0%) {0.0%}
17  ... 

Histogram: ImportantFile.WriteDuration.TransportSecurityPersister recorded 2 samples, mean = 16.0 (flags = 0x41)
0   ... 
14  -O                                                                        (1 = 50.0%) {0.0%}
17  -O                                                                        (1 = 50.0%) {50.0%}
20  ... 

Histogram: ImportantFile.WriteDuration.TrustedVault recorded 1 samples, mean = 12.0 (flags = 0x41)
0   ... 
12  -O                                                                        (1 = 100.0%) {0.0%}
14  ... 

Histogram: InProductHelp.Config.ParsingEvent recorded 68 samples, mean = 6.4 (flags = 0x41)
0   -----------------------------O                                            (29 = 42.6%)
1   O                                                                         (0 = 0.0%) {42.6%}
2   ---------O                                                                (9 = 13.2%) {42.6%}
3   ... 
14  ------------------------------O                                           (30 = 44.1%) {55.9%}
15  ... 

Histogram: InProductHelp.Db.Init.AvailabilityStore recorded 1 samples, mean = 0.0 (flags = 0x41)
0  -O                                                                        (1 = 100.0%)
1  ... 

Histogram: InProductHelp.Db.Init.EventStore recorded 1 samples, mean = 0.0 (flags = 0x41)
0  -O                                                                        (1 = 100.0%)
1  ... 

Histogram: IndexedDB.ContextShutdownDuration recorded 1 samples, mean = 0.0 (flags = 0x41)
0  -O                                                                        (1 = 100.0%)
1  ... 

Histogram: Input.Digitizer.MaxTouchPointsSupportedBySystemAtStartup recorded 1 samples, mean = 0.0 (flags = 0x41)
0  -O                                                                        (1 = 100.0%)
1  ... 

Histogram: Input.PointerTypePrimary recorded 1 samples, mean = 2.0 (flags = 0x41)
0  ... 
2  -O                                                                        (1 = 100.0%) {0.0%}
3  O                                                                         (0 = 0.0%) {100.0%}

Histogram: Input.PointerTypesAll recorded 1 samples, mean = 2.0 (flags = 0x41)
0  ... 
2  -O                                                                        (1 = 100.0%) {0.0%}
3  ... 

Histogram: LanguageDetection.TFLiteModel.WasModelAvailableForDetection recorded 1 samples, mean = 0.0 (flags = 0x41)
0  -O                                                                        (1 = 100.0%)
1  ... 

Histogram: LanguageDetection.TFLiteModel.WasModelRequestDeferred recorded 2 samples, mean = 1.0 (flags = 0x41)
0  O                                                                         (0 = 0.0%)
1  --O                                                                       (2 = 100.0%) {0.0%}
2  O                                                                         (0 = 0.0%) {100.0%}

Histogram: LanguageDetection.TFLiteModel.WasModelUnavailableDueToDeferredLoad recorded 1 samples, mean = 0.0 (flags = 0x41)
0  -O                                                                        (1 = 100.0%)
1  ... 

Histogram: LanguageUsage.AcceptLanguage recorded 1 samples (flags = 0x41)
25966  -O                                                                        (1 = 100.0%)

Histogram: LanguageUsage.AcceptLanguage.Count recorded 1 samples, mean = 1.0 (flags = 0x41)
0  O                                                                         (0 = 0.0%)
1  -O                                                                        (1 = 100.0%) {0.0%}
2  ... 

Histogram: LanguageUsage.AcceptLanguageAndContentLanguageUsage recorded 1 samples, mean = 0.0 (flags = 0x41)
0  -O                                                                        (1 = 100.0%)
1  ... 

Histogram: LanguageUsage.AcceptLanguageAndXmlHtmlLangUsage recorded 1 samples, mean = 7.0 (flags = 0x41)
0  ... 
7  -O                                                                        (1 = 100.0%) {0.0%}
8  O                                                                         (0 = 0.0%) {100.0%}

Histogram: LevelDB.ApproximateMemTableMemoryUse.BudgetManager recorded 0 samples (flags = 0x41)
0 ... 

Histogram: LevelDB.ApproximateMemTableMemoryUse.CartDatabase recorded 0 samples (flags = 0x41)
0 ... 

Histogram: LevelDB.ApproximateMemTableMemoryUse.ClientCertificatesDatabase recorded 0 samples (flags = 0x41)
0 ... 

Histogram: LevelDB.ApproximateMemTableMemoryUse.CommerceParcelTrackingDatabase recorded 0 samples (flags = 0x41)
0 ... 

Histogram: LevelDB.ApproximateMemTableMemoryUse.CommerceSubscriptionDatabase recorded 0 samples (flags = 0x41)
0 ... 

Histogram: LevelDB.ApproximateMemTableMemoryUse.CouponDatabase recorded 0 samples (flags = 0x41)
0 ... 

Histogram: LevelDB.ApproximateMemTableMemoryUse.DiscountsDatabase recorded 0 samples (flags = 0x41)
0 ... 

Histogram: LevelDB.ApproximateMemTableMemoryUse.DownloadDB recorded 0 samples (flags = 0x41)
0 ... 

Histogram: LevelDB.ApproximateMemTableMemoryUse.DownloadService recorded 0 samples (flags = 0x41)
0 ... 

Histogram: LevelDB.ApproximateMemTableMemoryUse.FeatureEngagementTrackerAvailabilityStore recorded 0 samples (flags = 0x41)
0 ... 

Histogram: LevelDB.ApproximateMemTableMemoryUse.FeatureEngagementTrackerEventStore recorded 0 samples (flags = 0x41)
0 ... 

Histogram: LevelDB.ApproximateMemTableMemoryUse.Metadata recorded 0 samples (flags = 0x41)
0 ... 

Histogram: LevelDB.ApproximateMemTableMemoryUse.PersistentOriginTrials recorded 0 samples (flags = 0x41)
0 ... 

Histogram: LevelDB.ApproximateMemTableMemoryUse.PreviewsHintCacheStore recorded 0 samples (flags = 0x41)
0 ... 

Histogram: LevelDB.ApproximateMemTableMemoryUse.SegmentInfoDatabase recorded 0 samples (flags = 0x41)
0 ... 

Histogram: LevelDB.ApproximateMemTableMemoryUse.SharedProtoDB recorded 0 samples (flags = 0x41)
0 ... 

Histogram: LevelDB.ApproximateMemTableMemoryUse.SignalDatabase recorded 0 samples (flags = 0x41)
0 ... 

Histogram: LevelDB.ApproximateMemTableMemoryUse.SignalStorageConfigDatabase recorded 0 samples (flags = 0x41)
0 ... 

Histogram: LevelDB.ApproximateMemTableMemoryUse.StrikeService recorded 0 samples (flags = 0x41)
0 ... 

Histogram: LevelDBEnv.DeleteTableBackupFile recorded 0 samples (flags = 0x41)
0 ... 

Histogram: LevelDBWrapper.CommitDelay recorded 2 samples, mean = 5000.0 (flags = 0x41)
0     ... 
4516  --O                                                                       (2 = 100.0%) {0.0%}
6118  ... 

Histogram: LoadingPredictor.PreconnectCount recorded 1 samples, mean = 1.0 (flags = 0x41)
0  O                                                                         (0 = 0.0%)
1  -O                                                                        (1 = 100.0%) {0.0%}
2  ... 

Histogram: LoadingPredictor.PreconnectHitsPercentage recorded 1 samples, mean = 100.0 (flags = 0x41)
0    ... 
100  -O                                                                        (1 = 100.0%) {0.0%}
101  O                                                                         (0 = 0.0%) {100.0%}

Histogram: LoadingPredictor.PreconnectLearningCount.Navigation recorded 1 samples, mean = 4.0 (flags = 0x41)
0  ... 
4  -O                                                                        (1 = 100.0%) {0.0%}
5  ... 

Histogram: LoadingPredictor.PreconnectLearningPrecision.Navigation recorded 1 samples, mean = 75.0 (flags = 0x41)
0   ... 
75  -O                                                                        (1 = 100.0%) {0.0%}
76  ... 

Histogram: LoadingPredictor.PreconnectLearningRecall.Navigation recorded 1 samples, mean = 100.0 (flags = 0x41)
0    ... 
100  -O                                                                        (1 = 100.0%) {0.0%}

Histogram: LoadingPredictor.PreconnectLearningRedirectStatus.Navigation recorded 1 samples, mean = 2.0 (flags = 0x41)
0  ... 
2  -O                                                                        (1 = 100.0%) {0.0%}
3  ... 

Histogram: LoadingPredictor.PredictorDatabaseFileSize recorded 1 samples, mean = 44.0 (flags = 0x41)
0   ... 
37  -O                                                                        (1 = 100.0%) {0.0%}
49  ... 

Histogram: LoadingPredictor.PreresolveCount recorded 1 samples, mean = 1.0 (flags = 0x41)
0  O                                                                         (0 = 0.0%)
1  -O                                                                        (1 = 100.0%) {0.0%}
2  ... 

Histogram: LoadingPredictor.PreresolveHitsPercentage recorded 1 samples, mean = 100.0 (flags = 0x41)
0    ... 
100  -O                                                                        (1 = 100.0%) {0.0%}
101  O                                                                         (0 = 0.0%) {100.0%}

Histogram: LocalStorage.MojoSizeInKB recorded 1 samples, mean = 1.0 (flags = 0x41)
0  O                                                                         (0 = 0.0%)
1  -O                                                                        (1 = 100.0%) {0.0%}
2  ... 

Histogram: LocalStorage.MojoTimeToPrime recorded 1 samples, mean = 3.0 (flags = 0x41)
0  ... 
3  -O                                                                        (1 = 100.0%) {0.0%}
4  ... 

Histogram: LocalStorage.MojoTimeToPrimeForUnder100KB recorded 1 samples, mean = 3.0 (flags = 0x41)
0  ... 
3  -O                                                                        (1 = 100.0%) {0.0%}
4  ... 

Histogram: LocalStorage.RendererAreaCacheHit recorded 2 samples, mean = 1.0 (flags = 0x41)
0  -O                                                                        (1 = 50.0%)
1  O                                                                         (0 = 0.0%) {50.0%}
2  -O                                                                        (1 = 50.0%) {50.0%}
3  O                                                                         (0 = 0.0%) {100.0%}

Histogram: LocalStorageContext.ShutDown.MaybeDroppedChanges recorded 1 samples, mean = 0.0 (flags = 0x40)
0  -O                                                                        (1 = 100.0%)
1  ... 

Histogram: MPArch.ChildProcessLaunchFirst recorded 1 samples, mean = 212.0 (flags = 0x41)
0    ... 
190  -O                                                                        (1 = 100.0%) {0.0%}
226  ... 

Histogram: MPArch.ChildProcessLaunchSubsequent recorded 7 samples, mean = 3.6 (flags = 0x41)
0  ... 
3  ---O                                                                      (3 = 42.9%) {0.0%}
4  ----O                                                                     (4 = 57.1%) {42.9%}
5  ... 

Histogram: ManagedUsers.BlockedIframeCount recorded 1 samples, mean = 0.0 (flags = 0x41)
0  -O                                                                        (1 = 100.0%)
1  ... 

Histogram: Manifest.HasProperty.description recorded 1 samples, mean = 0.0 (flags = 0x41)
0  -O                                                                        (1 = 100.0%)
1  ... 

Histogram: Manifest.HasProperty.display recorded 1 samples, mean = 1.0 (flags = 0x41)
0  O                                                                         (0 = 0.0%)
1  -O                                                                        (1 = 100.0%) {0.0%}
2  O                                                                         (0 = 0.0%) {100.0%}

Histogram: Manifest.HasProperty.gcm_sender_id recorded 1 samples, mean = 0.0 (flags = 0x41)
0  -O                                                                        (1 = 100.0%)
1  ... 

Histogram: Manifest.HasProperty.icons recorded 1 samples, mean = 1.0 (flags = 0x41)
0  O                                                                         (0 = 0.0%)
1  -O                                                                        (1 = 100.0%) {0.0%}
2  O                                                                         (0 = 0.0%) {100.0%}

Histogram: Manifest.HasProperty.name recorded 1 samples, mean = 1.0 (flags = 0x41)
0  O                                                                         (0 = 0.0%)
1  -O                                                                        (1 = 100.0%) {0.0%}
2  O                                                                         (0 = 0.0%) {100.0%}

Histogram: Manifest.HasProperty.orientation recorded 1 samples, mean = 0.0 (flags = 0x41)
0  -O                                                                        (1 = 100.0%)
1  ... 

Histogram: Manifest.HasProperty.protocol_handlers recorded 1 samples, mean = 0.0 (flags = 0x41)
0  -O                                                                        (1 = 100.0%)
1  ... 

Histogram: Manifest.HasProperty.screenshots recorded 1 samples, mean = 0.0 (flags = 0x41)
0  -O                                                                        (1 = 100.0%)
1  ... 

Histogram: Manifest.HasProperty.share_target recorded 1 samples, mean = 0.0 (flags = 0x41)
0  -O                                                                        (1 = 100.0%)
1  ... 

Histogram: Manifest.HasProperty.short_name recorded 1 samples, mean = 1.0 (flags = 0x41)
0  O                                                                         (0 = 0.0%)
1  -O                                                                        (1 = 100.0%) {0.0%}
2  O                                                                         (0 = 0.0%) {100.0%}

Histogram: Manifest.HasProperty.start_url recorded 1 samples, mean = 1.0 (flags = 0x41)
0  O                                                                         (0 = 0.0%)
1  -O                                                                        (1 = 100.0%) {0.0%}
2  O                                                                         (0 = 0.0%) {100.0%}

Histogram: Manifest.ParseIdResult recorded 1 samples, mean = 1.0 (flags = 0x41)
0  O                                                                         (0 = 0.0%)
1  -O                                                                        (1 = 100.0%) {0.0%}
2  ... 

Histogram: Media.GPU.VideoDecoderType recorded 1 samples, mean = 11.0 (flags = 0x41)
0   ... 
11  -O                                                                        (1 = 100.0%) {0.0%}
12  ... 

Histogram: Media.MediaHistory.DatabaseExists recorded 1 samples, mean = 0.0 (flags = 0x41)
0  -O                                                                        (1 = 100.0%)
1  ... 

Histogram: MediaRouter.Cast.Discovery.ConnectedDevicesCount recorded 1 samples, mean = 0.0 (flags = 0x41)
0  -O                                                                        (1 = 100.0%)
1  ... 

Histogram: MediaRouter.Cast.Discovery.KnownDevicesCount recorded 1 samples, mean = 0.0 (flags = 0x41)
0  -O                                                                        (1 = 100.0%)
1  ... 

Histogram: MediaRouter.Dial.AvailableDevicesCount recorded 1 samples, mean = 0.0 (flags = 0x41)
0  -O                                                                        (1 = 100.0%)
1  ... 

Histogram: MediaRouter.Dial.KnownDevicesCount recorded 1 samples, mean = 0.0 (flags = 0x41)
0  -O                                                                        (1 = 100.0%)
1  ... 

Histogram: Memory.Discardable.FreelistSize.Foreground recorded 2 samples, mean = 0.0 (flags = 0x41)
0  --O                                                                       (2 = 100.0%)
1  ... 

Histogram: Memory.Discardable.Size.Foreground recorded 2 samples, mean = 0.0 (flags = 0x41)
0  --O                                                                       (2 = 100.0%)
1  ... 

Histogram: Memory.Discardable.VirtualSize.Foreground recorded 2 samples, mean = 0.0 (flags = 0x41)
0  --O                                                                       (2 = 100.0%)
1  ... 

Histogram: Memory.Experimental.AvailableMemoryMB recorded 4 samples, mean = 11359.5 (flags = 0x41)
0      ... 
10757  ----O                                                                     (4 = 100.0%) {0.0%}
11877  ... 

Histogram: Memory.Experimental.AvailableMemoryPercent recorded 4 samples, mean = 35.2 (flags = 0x41)
0   ... 
35  ---O                                                                      (3 = 75.0%) {0.0%}
36  -O                                                                        (1 = 25.0%) {75.0%}
37  ... 

Histogram: Memory.Experimental.Renderer.HighestPrivateMemoryFootprint.0to2min recorded 1 samples, mean = 93.0 (flags = 0x41)
0   ... 
84  -O                                                                        (1 = 100.0%) {0.0%}
95  ... 

Histogram: Memory.Experimental.Renderer.HighestPrivateMemoryFootprint.2to4min recorded 1 samples, mean = 65.0 (flags = 0x41)
0   ... 
60  -O                                                                        (1 = 100.0%) {0.0%}
67  ... 

Histogram: Memory.Experimental.Renderer.HighestPrivateMemoryFootprint.4to8min recorded 1 samples, mean = 65.0 (flags = 0x41)
0   ... 
60  -O                                                                        (1 = 100.0%) {0.0%}
67  ... 

Histogram: Memory.GPU.PeakMemoryAllocationSource2.PageLoad.SharedContextState recorded 1 samples, mean = 0.0 (flags = 0x41)
0  -O                                                                        (1 = 100.0%)
1  ... 

Histogram: Memory.GPU.PeakMemoryAllocationSource2.PageLoad.SharedImageStub recorded 1 samples, mean = 0.0 (flags = 0x41)
0  -O                                                                        (1 = 100.0%)
1  ... 

Histogram: Memory.GPU.PeakMemoryAllocationSource2.PageLoad.Skia recorded 1 samples, mean = 0.0 (flags = 0x41)
0  -O                                                                        (1 = 100.0%)
1  ... 

Histogram: Memory.GPU.PeakMemoryUsage2.PageLoad recorded 1 samples, mean = 0.0 (flags = 0x41)
0  -O                                                                        (1 = 100.0%)
1  ... 

Histogram: Memory.ParkableString.Compression.Latency recorded 22 samples, mean = 8631.5 (flags = 0x41)
0       --------O                                                                 (8 = 36.4%)
500     ... 
584     --O                                                                       (2 = 9.1%) {36.4%}
631     ... 
737     --O                                                                       (2 = 9.1%) {45.5%}
796     ... 
929     -O                                                                        (1 = 4.5%) {54.5%}
1004    ... 
1173    -O                                                                        (1 = 4.5%) {59.1%}
1268    ... 
1599    -O                                                                        (1 = 4.5%) {63.6%}
1728    ... 
2181    -O                                                                        (1 = 4.5%) {68.2%}
2357    ... 
2752    -O                                                                        (1 = 4.5%) {72.7%}
2974    ... 
7544    -O                                                                        (1 = 4.5%) {77.3%}
8152    ... 
10289   -O                                                                        (1 = 4.5%) {81.8%}
11119   ... 
12985   -O                                                                        (1 = 4.5%) {86.4%}
14032   ... 
24152   -O                                                                        (1 = 4.5%) {90.9%}
26100   ... 
113951  -O                                                                        (1 = 4.5%) {95.5%}
123142  ... 

Histogram: Memory.ParkableString.Compression.SizeKb recorded 22 samples, mean = 553.3 (flags = 0x41)
0     ... 
11    -O                                                                        (1 = 4.5%) {0.0%}
12    ... 
20    ---O                                                                      (3 = 13.6%) {4.5%}
23    O                                                                         (0 = 0.0%) {18.2%}
26    -O                                                                        (1 = 4.5%) {18.2%}
29    --O                                                                       (2 = 9.1%) {22.7%}
33    -O                                                                        (1 = 4.5%) {31.8%}
37    -O                                                                        (1 = 4.5%) {36.4%}
42    -O                                                                        (1 = 4.5%) {40.9%}
47    O                                                                         (0 = 0.0%) {45.5%}
53    --O                                                                       (2 = 9.1%) {45.5%}
60    ... 
84    --O                                                                       (2 = 9.1%) {54.5%}
95    O                                                                         (0 = 0.0%) {63.6%}
107   -O                                                                        (1 = 4.5%) {63.6%}
120   ... 
192   --O                                                                       (2 = 9.1%) {68.2%}
216   ... 
437   -O                                                                        (1 = 4.5%) {77.3%}
492   ... 
701   --O                                                                       (2 = 9.1%) {81.8%}
789   ... 
1000  --O                                                                       (2 = 9.1%) {90.9%}

Histogram: Memory.ParkableString.Decompression.Latency recorded 3 samples, mean = 673.0 (flags = 0x41)
0     --O                                                                       (2 = 66.7%)
500   ... 
1599  -O                                                                        (1 = 33.3%) {66.7%}
1728  ... 

Histogram: Memory.ParkableString.Decompression.ThroughputMBps recorded 3 samples, mean = 608.7 (flags = 0x41)
0    ... 
388  -O                                                                        (1 = 33.3%) {0.0%}
437  -O                                                                        (1 = 33.3%) {33.3%}
492  ... 
888  -O                                                                        (1 = 33.3%) {66.7%}
1000 O                                                                         (0 = 0.0%) {100.0%}

Histogram: Memory.ParkableString.DiskReadTime.5min recorded 1 samples, mean = 0.0 (flags = 0x41)
0  -O                                                                        (1 = 100.0%)
1  ... 

Histogram: Memory.ParkableString.DiskWriteTime.5min recorded 1 samples, mean = 37.0 (flags = 0x41)
0   ... 
34  -O                                                                        (1 = 100.0%) {0.0%}
40  ... 

Histogram: Memory.ParkableString.OnDiskSizeKb.5min recorded 1 samples, mean = 2203.0 (flags = 0x41)
0     ... 
2199  -O                                                                        (1 = 100.0%) {0.0%}
2753  ... 

Histogram: Memory.ParkableString.Read.Latency recorded 3 samples, mean = 42.3 (flags = 0x41)
0  ---O                                                                      (3 = 100.0%)
500... 

Histogram: Memory.ParkableString.TotalParkingThreadTime.5min recorded 1 samples, mean = 189.0 (flags = 0x41)
0    ... 
160  -O                                                                        (1 = 100.0%) {0.0%}
190  ... 

Histogram: Memory.ParkableString.TotalUnparkingTime.5min recorded 1 samples, mean = 0.0 (flags = 0x41)
0  -O                                                                        (1 = 100.0%)
1  ... 

Histogram: Memory.PartitionAlloc.MemoryReclaim recorded 476 samples, mean = 296.4 (flags = 0x41)
0    ... 
49   ------O                                                                   (10 = 2.1%) {0.0%}
65   -----------------------------------------------------O                    (90 = 18.9%) {2.1%}
86   ------------------------------------------------------------------------O (123 = 25.8%) {21.0%}
113  --------O                                                                 (14 = 2.9%) {46.8%}
149  ... 
258  ------------------------------------O                                     (62 = 13.0%) {49.8%}
340  ------------------------------O                                           (51 = 10.7%) {62.8%}
448  ---------O                                                                (16 = 3.4%) {73.5%}
590  ---------------------------------------------------------------O          (108 = 22.7%) {76.9%}
777  -O                                                                        (2 = 0.4%) {99.6%}
1023 ... 

Histogram: Memory.PartitionAlloc.PartitionRoot.ExtrasSize recorded 1 samples, mean = 4.0 (flags = 0x41)
0  ... 
4  -O                                                                        (1 = 100.0%) {0.0%}
5  ... 

Histogram: Memory.PartitionAlloc.PeriodicPurge recorded 147 samples, mean = 19.1 (flags = 0x41)
0    ... 
5    ----------------------------------O                                       (34 = 23.1%) {0.0%}
7    ----------O                                                               (10 = 6.8%) {23.1%}
9    -------------------------------O                                          (31 = 21.1%) {29.9%}
12   -------------------O                                                      (19 = 12.9%) {51.0%}
16   --------------O                                                           (14 = 9.5%) {63.9%}
21   --------------------O                                                     (20 = 13.6%) {73.5%}
28   --------O                                                                 (8 = 5.4%) {87.1%}
37   --O                                                                       (2 = 1.4%) {92.5%}
49   --O                                                                       (2 = 1.4%) {93.9%}
65   ---O                                                                      (3 = 2.0%) {95.2%}
86   --O                                                                       (2 = 1.4%) {97.3%}
113  -O                                                                        (1 = 0.7%) {98.6%}
149  ... 
258  -O                                                                        (1 = 0.7%) {99.3%}
340  ... 

Histogram: Memory.PressureLevel2 recorded 537 samples, mean = 0.0 (flags = 0x41)
0  ------------------------------------------------------------------------O (537 = 100.0%)
1  ... 

Histogram: Mojo.Channel.WriteReceiveMessageProcessType recorded 5 samples, mean = 1.4 (flags = 0x41)
0  --O                                                                       (2 = 40.0%)
1  O                                                                         (0 = 0.0%) {40.0%}
2  --O                                                                       (2 = 40.0%) {40.0%}
3  -O                                                                        (1 = 20.0%) {80.0%}
4  ... 

Histogram: NQE.ContentObserver.NetworkQualityMeaningfullyChanged recorded 6 samples, mean = 0.8 (flags = 0x40)
0  -O                                                                        (1 = 16.7%)
1  -----O                                                                    (5 = 83.3%) {16.7%}
2  O                                                                         (0 = 0.0%) {100.0%}

Histogram: NQE.RTT.Error.Absolute recorded 6 samples, mean = 49.8 (flags = 0x41)
0    ... 
3    -O                                                                        (1 = 16.7%) {0.0%}
4    O                                                                         (0 = 0.0%) {16.7%}
5    -O                                                                        (1 = 16.7%) {16.7%}
6    ... 
34   --O                                                                       (2 = 33.3%) {33.3%}
40   ... 
96   -O                                                                        (1 = 16.7%) {66.7%}
114  -O                                                                        (1 = 16.7%) {83.3%}
135  ... 

Histogram: NQE.RTT.Error.IsZero recorded 6 samples, mean = 0.0 (flags = 0x41)
0  ------O                                                                   (6 = 100.0%)
1  ... 

Histogram: NQE.RTT.Error.Negative recorded 5 samples, mean = 58.8 (flags = 0x41)
0    ... 
3    -O                                                                        (1 = 20.0%) {0.0%}
4    ... 
34   --O                                                                       (2 = 40.0%) {20.0%}
40   ... 
96   -O                                                                        (1 = 20.0%) {60.0%}
114  -O                                                                        (1 = 20.0%) {80.0%}
135  ... 

Histogram: NQE.RTT.Error.Positive recorded 1 samples, mean = 5.0 (flags = 0x41)
0  ... 
5  -O                                                                        (1 = 100.0%) {0.0%}
6  ... 

Histogram: NQE.RTT.HittingThreshold.EndToEnd.FallbackSuccess recorded 13 samples, mean = 0.0 (flags = 0x41)
0  -------------O                                                            (13 = 100.0%)
1  ... 

Histogram: NQE.RTT.HittingThreshold.Transport.FallbackSuccess recorded 1 samples, mean = 0.0 (flags = 0x41)
0  -O                                                                        (1 = 100.0%)
1  ... 

Histogram: NQE.RTT.ObservationSource recorded 33 samples, mean = 2.6 (flags = 0x41)
0  ------O                                                                   (6 = 18.2%)
1  O                                                                         (0 = 0.0%) {18.2%}
2  ---------------O                                                          (15 = 45.5%) {18.2%}
3  -----O                                                                    (5 = 15.2%) {63.6%}
4  -O                                                                        (1 = 3.0%) {78.8%}
5  O                                                                         (0 = 0.0%) {81.8%}
6  -----O                                                                    (5 = 15.2%) {81.8%}
7  -O                                                                        (1 = 3.0%) {97.0%}
8  ... 

Histogram: NQE.RTT.OnECTComputation recorded 23 samples, mean = 101.8 (flags = 0x41)
0    ... 
40   ----------O                                                               (10 = 43.5%) {0.0%}
48   -O                                                                        (1 = 4.3%) {43.5%}
57   ... 
114  ----O                                                                     (4 = 17.4%) {47.8%}
135  O                                                                         (0 = 0.0%) {65.2%}
160  --------O                                                                 (8 = 34.8%) {65.2%}
190  ... 

Histogram: NQE.RenderThreadNotified recorded 13 samples, mean = 1.0 (flags = 0x40)
0  O                                                                         (0 = 0.0%)
1  -------------O                                                            (13 = 100.0%) {0.0%}
2  O                                                                         (0 = 0.0%) {100.0%}

Histogram: NQE.TransportRTT.OnECTComputation recorded 22 samples, mean = 24.1 (flags = 0x41)
0    ... 
3    -O                                                                        (1 = 4.5%) {0.0%}
4    -----O                                                                    (5 = 22.7%) {4.5%}
5    ... 
7    -O                                                                        (1 = 4.5%) {27.3%}
8    ... 
14   ----------O                                                               (10 = 45.5%) {31.8%}
17   ... 
34   -O                                                                        (1 = 4.5%) {77.3%}
40   ... 
57   ---O                                                                      (3 = 13.6%) {81.8%}
68   ... 
114  -O                                                                        (1 = 4.5%) {95.5%}
135  ... 

Histogram: Navigation.BeginNavigationImpl.MainFrame recorded 2 samples, mean = 44.5 (flags = 0x41)
0   -O                                                                        (1 = 50.0%)
1   ... 
81  -O                                                                        (1 = 50.0%) {50.0%}
96  ... 

Histogram: Navigation.BrowserInitiatedSessionHistoryCount recorded 1 samples, mean = 0.0 (flags = 0x41)
0  -O                                                                        (1 = 100.0%)
1  ... 

Histogram: Navigation.CommitRenderFrame recorded 1 samples, mean = 365.0 (flags = 0x41)
0    ... 
318  -O                                                                        (1 = 100.0%) {0.0%}
378  ... 

Histogram: Navigation.CommitToCompositorCreation recorded 1 samples, mean = 2881.0 (flags = 0x41)
0     ... 
2370  -O                                                                        (1 = 100.0%) {0.0%}
3085  ... 

Histogram: Navigation.CompositorRequestedBeforeCommit2 recorded 1 samples, mean = 0.0 (flags = 0x41)
0  -O                                                                        (1 = 100.0%)
1  ... 

Histogram: Navigation.CompositorRequestedBeforeSwapRFH2 recorded 1 samples, mean = 0.0 (flags = 0x41)
0  -O                                                                        (1 = 100.0%)
1  ... 

Histogram: Navigation.CreateSpeculativeRFH recorded 1 samples, mean = 8.0 (flags = 0x41)
0  ... 
8  -O                                                                        (1 = 100.0%) {0.0%}
10 ... 

Histogram: Navigation.DidCommitSameDocumentNavigation.Duration recorded 1 samples, mean = 0.0 (flags = 0x41)
0  -O                                                                        (1 = 100.0%)
1  ... 

Histogram: Navigation.DidStartLoading.MainFrame recorded 4 samples, mean = 8.2 (flags = 0x41)
0   ---O                                                                      (3 = 75.0%)
1   ... 
29  -O                                                                        (1 = 25.0%) {75.0%}
34  ... 

Histogram: Navigation.DidStartLoading.Subframe recorded 2 samples, mean = 0.0 (flags = 0x41)
0  --O                                                                       (2 = 100.0%)
1  ... 

Histogram: Navigation.EarlyRenderFrameHostSwapType recorded 6 samples, mean = 0.0 (flags = 0x41)
0  ------O                                                                   (6 = 100.0%)
1  ... 

Histogram: Navigation.EngagementTime.HTTPS recorded 1 samples, mean = 516573.0 (flags = 0x41)
0       ... 
483200  -O                                                                        (1 = 100.0%) {0.0%}
557732  ... 

Histogram: Navigation.GetFrameHostForNavigation recorded 4 samples, mean = 255.0 (flags = 0x41)
0    --O                                                                       (2 = 50.0%)
1    ... 
8    -O                                                                        (1 = 25.0%) {50.0%}
10   ... 
894  -O                                                                        (1 = 25.0%) {75.0%}
1062 ... 

Histogram: Navigation.GetFrameHostForNavigationTime.InDidCreateNavigationRequest.IsHTTPOrHTTPS recorded 3 samples, mean = 337503.0 (flags = 0x41)
0        ... 
76       -O                                                                        (1 = 33.3%) {0.0%}
105      -O                                                                        (1 = 33.3%) {33.3%}
146      ... 
1010575  -O                                                                        (1 = 33.3%) {66.7%}
1402081  ... 

Histogram: Navigation.IsGuest recorded 1 samples, mean = 0.0 (flags = 0x41)
0  -O                                                                        (1 = 100.0%)
1  ... 

Histogram: Navigation.IsLockedProcess recorded 1 samples, mean = 1.0 (flags = 0x41)
0  O                                                                         (0 = 0.0%)
1  -O                                                                        (1 = 100.0%) {0.0%}
2  O                                                                         (0 = 0.0%) {100.0%}

Histogram: Navigation.IsLockedProcess.HTTPOrHTTPS recorded 1 samples, mean = 1.0 (flags = 0x41)
0  O                                                                         (0 = 0.0%)
1  -O                                                                        (1 = 100.0%) {0.0%}
2  O                                                                         (0 = 0.0%) {100.0%}

Histogram: Navigation.IsProcessBackgrounded.OnCommit recorded 1 samples, mean = 0.0 (flags = 0x41)
0  -O                                                                        (1 = 100.0%)
1  ... 

Histogram: Navigation.IsProcessBackgrounded.OnDOMContentLoaded recorded 1 samples, mean = 0.0 (flags = 0x41)
0  -O                                                                        (1 = 100.0%)
1  ... 

Histogram: Navigation.IsSameBrowsingInstance recorded 1 samples, mean = 0.0 (flags = 0x41)
0  -O                                                                        (1 = 100.0%)
1  ... 

Histogram: Navigation.IsSameSiteInstance recorded 1 samples, mean = 0.0 (flags = 0x41)
0  -O                                                                        (1 = 100.0%)
1  ... 

Histogram: Navigation.IsSameSiteInstance.MainFrame recorded 1 samples, mean = 0.0 (flags = 0x41)
0  -O                                                                        (1 = 100.0%)
1  ... 

Histogram: Navigation.LoaderCreateToRequestStart.MainFrame recorded 1 samples, mean = 75.0 (flags = 0x41)
0   ... 
68  -O                                                                        (1 = 100.0%) {0.0%}
81  ... 

Histogram: Navigation.MainFrame.FrameCount recorded 1 samples, mean = 2.0 (flags = 0x41)
0  ... 
2  -O                                                                        (1 = 100.0%) {0.0%}
3  ... 

Histogram: Navigation.MainFrame.MaxFrameCount recorded 3 samples, mean = 2.0 (flags = 0x41)
0  O                                                                         (0 = 0.0%)
1  -O                                                                        (1 = 33.3%) {0.0%}
2  -O                                                                        (1 = 33.3%) {33.3%}
3  -O                                                                        (1 = 33.3%) {66.7%}
4  ... 

Histogram: Navigation.MainFrame.NewNavigation.IgnoreRestore.IsHTTPOrHTTPS.BeginNavigationToLoaderStart.Time2 recorded 1 samples, mean = 167.0 (flags = 0x41)
0    ... 
160  -O                                                                        (1 = 100.0%) {0.0%}
190  ... 

Histogram: Navigation.MainFrame.NewNavigation.IgnoreRestore.IsHTTPOrHTTPS.FetchStart.Time2 recorded 1 samples, mean = 1.0 (flags = 0x41)
0  O                                                                         (0 = 0.0%)
1  -O                                                                        (1 = 100.0%) {0.0%}
2  ... 

Histogram: Navigation.MainFrame.NewNavigation.IgnoreRestore.IsHTTPOrHTTPS.LoaderStartToFetchStart.Time2 recorded 1 samples, mean = 9736.0 (flags = 0x41)
0     ... 
8416  -O                                                                        (1 = 100.0%) {0.0%}
10000 O                                                                         (0 = 0.0%) {100.0%}

Histogram: Navigation.MainFrame.NewNavigation.IgnoreRestore.IsHTTPOrHTTPS.LoaderStartToReceiveResponse.Time2 recorded 1 samples, mean = 12683.0 (flags = 0x41)
0      ... 
10000  -O                                                                        (1 = 100.0%) {0.0%}

Histogram: Navigation.MainFrame.NewNavigation.IgnoreRestore.IsHTTPOrHTTPS.NavigationStartToBeginNavigation.Time2 recorded 1 samples, mean = 11371.0 (flags = 0x41)
0      ... 
10000  -O                                                                        (1 = 100.0%) {0.0%}

Histogram: Navigation.MainFrame.NewNavigation.IgnoreRestore.IsHTTPOrHTTPS.ReceiveHeaders.Time2 recorded 1 samples, mean = 2704.0 (flags = 0x41)
0     ... 
2516  -O                                                                        (1 = 100.0%) {0.0%}
2990  ... 

Histogram: Navigation.MainFrame.NewNavigation.IgnoreRestore.IsHTTPOrHTTPS.ReceiveHeadersToReceiveResponse.Time2 recorded 1 samples, mean = 240.0 (flags = 0x41)
0    ... 
226  -O                                                                        (1 = 100.0%) {0.0%}
268  ... 

Histogram: Navigation.MainFrame.NewNavigation.IgnoreRestore.IsHTTPOrHTTPS.ReceiveResponseToCommitNavigation.Time2 recorded 1 samples, mean = 121.0 (flags = 0x41)
0    ... 
114  -O                                                                        (1 = 100.0%) {0.0%}
135  ... 

Histogram: Navigation.MainFrame.RendererInitiated.InitiatorFramePresentAtStart recorded 1 samples, mean = 0.0 (flags = 0x41)
0  -O                                                                        (1 = 100.0%)
1  ... 

Histogram: Navigation.MainFrame.SiteEngagementLevel recorded 1 samples, mean = 2.0 (flags = 0x41)
0  ... 
2  -O                                                                        (1 = 100.0%) {0.0%}
3  ... 

Histogram: Navigation.MainFrame.ThirdPartyCookieBlockingEnabled recorded 2 samples, mean = 0.0 (flags = 0x41)
0  --O                                                                       (2 = 100.0%)
1  ... 

Histogram: Navigation.MainFrameHasRTLDomain2 recorded 2 samples, mean = 0.0 (flags = 0x41)
0  --O                                                                       (2 = 100.0%)
1  ... 

Histogram: Navigation.MainFrameHasRTLDomainDifferentPage2 recorded 1 samples, mean = 0.0 (flags = 0x41)
0  -O                                                                        (1 = 100.0%)
1  ... 

Histogram: Navigation.MainFrameProfileType2 recorded 2 samples, mean = 0.0 (flags = 0x41)
0  --O                                                                       (2 = 100.0%)
1  ... 

Histogram: Navigation.MainFrameScheme2 recorded 2 samples, mean = 2.0 (flags = 0x41)
0  ... 
2  --O                                                                       (2 = 100.0%) {0.0%}
3  ... 

Histogram: Navigation.MainFrameSchemeDifferentPage2 recorded 1 samples, mean = 2.0 (flags = 0x41)
0  ... 
2  -O                                                                        (1 = 100.0%) {0.0%}
3  ... 

Histogram: Navigation.OnBeforeUnloadOverheadTime recorded 2 samples, mean = 5690.5 (flags = 0x41)
0      ... 
10     -O                                                                        (1 = 50.0%) {0.0%}
12     ... 
10000  -O                                                                        (1 = 50.0%) {50.0%}

Histogram: Navigation.OnBeforeUnloadTotalTime recorded 2 samples, mean = 0.0 (flags = 0x41)
0  --O                                                                       (2 = 100.0%)
1  ... 

Histogram: Navigation.OriginAgentCluster.Result recorded 1 samples, mean = 9.0 (flags = 0x41)
0  ... 
9  -O                                                                        (1 = 100.0%) {0.0%}
10 O                                                                         (0 = 0.0%) {100.0%}

Histogram: Navigation.PendingCommit.DidBlockGetFrameHostForNavigation.Regular recorded 1 samples, mean = 0.0 (flags = 0x41)
0  -O                                                                        (1 = 100.0%)
1  ... 

Histogram: Navigation.PendingCommit.Duration.Regular recorded 1 samples, mean = 990.0 (flags = 0x41)
0    ... 
894  -O                                                                        (1 = 100.0%) {0.0%}
1062 ... 

Histogram: Navigation.Preconnect.PreresolveJobQueueLength recorded 16 samples, mean = 0.5 (flags = 0x41)
0  --------O                                                                 (8 = 50.0%)
1  --------O                                                                 (8 = 50.0%) {50.0%}
2  ... 

Histogram: Navigation.Preconnect.PreresolveJobQueueingTime recorded 8 samples, mean = 0.0 (flags = 0x41)
0  --------O                                                                 (8 = 100.0%)
1  ... 

Histogram: Navigation.Preconnect.ProxyLookupCallbackQueueingTime recorded 8 samples, mean = 1782.6 (flags = 0x41)
0     -O                                                                        (1 = 12.5%)
1     ... 
318   ----O                                                                     (4 = 50.0%) {12.5%}
378   ... 
1500  -O                                                                        (1 = 12.5%) {62.5%}
1782  ... 
5017  --O                                                                       (2 = 25.0%) {75.0%}
5961  ... 

Histogram: Navigation.Preconnect.ProxyLookupLatency recorded 8 samples, mean = 3970.4 (flags = 0x41)
0      O                                                                         (0 = 0.0%)
1      -O                                                                        (1 = 12.5%) {0.0%}
2      ... 
318    ----O                                                                     (4 = 50.0%) {12.5%}
378    ... 
1500   -O                                                                        (1 = 12.5%) {62.5%}
1782   ... 
8416   -O                                                                        (1 = 12.5%) {75.0%}
10000  -O                                                                        (1 = 12.5%) {87.5%}

Histogram: Navigation.Preconnect.ResolveHostCallbackQueueingTime recorded 8 samples, mean = 341.4 (flags = 0x41)
0    O                                                                         (0 = 0.0%)
1    --O                                                                       (2 = 25.0%) {0.0%}
2    ... 
160  -O                                                                        (1 = 12.5%) {25.0%}
190  O                                                                         (0 = 0.0%) {37.5%}
226  -O                                                                        (1 = 12.5%) {37.5%}
268  O                                                                         (0 = 0.0%) {50.0%}
318  -O                                                                        (1 = 12.5%) {50.0%}
378  ... 
533  -O                                                                        (1 = 12.5%) {62.5%}
633  --O                                                                       (2 = 25.0%) {75.0%}
752  ... 

Histogram: Navigation.Preconnect.ResolveHostLatency recorded 8 samples, mean = 375.8 (flags = 0x41)
0    O                                                                         (0 = 0.0%)
1    --O                                                                       (2 = 25.0%) {0.0%}
2    ... 
318  ---O                                                                      (3 = 37.5%) {25.0%}
378  ... 
633  ---O                                                                      (3 = 37.5%) {62.5%}
752  ... 

Histogram: Navigation.ProcessNavigationThrottlesTime.WillStartRequest.MainFrame recorded 2 samples, mean = 152.5 (flags = 0x41)
0    ... 
135  -O                                                                        (1 = 50.0%) {0.0%}
160  -O                                                                        (1 = 50.0%) {50.0%}
190  ... 

Histogram: Navigation.QueueTime.OnReceiveRedirect.MainFrame recorded 2 samples, mean = 232.5 (flags = 0x41)
0    ... 
114  -O                                                                        (1 = 50.0%) {0.0%}
135  ... 
318  -O                                                                        (1 = 50.0%) {50.0%}
378  ... 

Histogram: Navigation.QueueTime.OnReceiveResponse.MainFrame recorded 1 samples, mean = 224.0 (flags = 0x41)
0    ... 
190  -O                                                                        (1 = 100.0%) {0.0%}
226  ... 

Histogram: Navigation.ReadyToCommitUntilCommit2 recorded 1 samples, mean = 949.0 (flags = 0x41)
0    ... 
926  -O                                                                        (1 = 100.0%) {0.0%}
1177 ... 

Histogram: Navigation.ReadyToCommitUntilCommit2.ForegroundProcessPriority recorded 1 samples, mean = 949.0 (flags = 0x41)
0    ... 
926  -O                                                                        (1 = 100.0%) {0.0%}
1177 ... 

Histogram: Navigation.ReadyToCommitUntilCommit2.NewNavigation recorded 1 samples, mean = 949.0 (flags = 0x41)
0    ... 
926  -O                                                                        (1 = 100.0%) {0.0%}
1177 ... 

Histogram: Navigation.RegisterNavigationThrottlesTime.MainFrame recorded 2 samples, mean = 28.5 (flags = 0x41)
0   -O                                                                        (1 = 50.0%)
1   ... 
57  -O                                                                        (1 = 50.0%) {50.0%}
68  ... 

Histogram: Navigation.RenderFrameDelete recorded 1 samples, mean = 0.0 (flags = 0x41)
0  -O                                                                        (1 = 100.0%)
1  ... 

Histogram: Navigation.RenderFrameHostConstructor recorded 4 samples, mean = 1.5 (flags = 0x41)
0  ---O                                                                      (3 = 75.0%)
1  ... 
6  -O                                                                        (1 = 25.0%) {75.0%}
7  ... 

Histogram: Navigation.RenderFrameHostDestructor recorded 4 samples, mean = 5.8 (flags = 0x41)
0   ---O                                                                      (3 = 75.0%)
1   ... 
20  -O                                                                        (1 = 25.0%) {75.0%}
24  ... 

Histogram: Navigation.RenderViewHostConstructor recorded 2 samples, mean = 6.0 (flags = 0x41)
0   -O                                                                        (1 = 50.0%)
1   ... 
12  -O                                                                        (1 = 50.0%) {50.0%}
14  ... 

Histogram: Navigation.RenderViewHostDestructor recorded 2 samples, mean = 6.0 (flags = 0x41)
0   -O                                                                        (1 = 50.0%)
1   ... 
12  -O                                                                        (1 = 50.0%) {50.0%}
14  ... 

Histogram: Navigation.RenderWidgetHostConstructor recorded 2 samples, mean = 24.5 (flags = 0x41)
0   -O                                                                        (1 = 50.0%)
1   ... 
48  -O                                                                        (1 = 50.0%) {50.0%}
57  ... 

Histogram: Navigation.RenderWidgetHostDestructor recorded 2 samples, mean = 0.0 (flags = 0x41)
0  --O                                                                       (2 = 100.0%)
1  ... 

Histogram: Navigation.RendererCommitDelay.MainFrame recorded 1 samples, mean = 50.0 (flags = 0x41)
0   ... 
48  -O                                                                        (1 = 100.0%) {0.0%}
57  ... 

Histogram: Navigation.RendererCommitQueueTime.MainFrame recorded 1 samples, mean = 48.0 (flags = 0x41)
0   ... 
48  -O                                                                        (1 = 100.0%) {0.0%}
57  ... 

Histogram: Navigation.RendererDidNavigateTime.MainFrame recorded 1 samples, mean = 18.0 (flags = 0x41)
0   ... 
17  -O                                                                        (1 = 100.0%) {0.0%}
20  ... 

Histogram: Navigation.RendererDidNavigateTime.Subframe recorded 2 samples, mean = 0.0 (flags = 0x41)
0  --O                                                                       (2 = 100.0%)
1  ... 

Histogram: Navigation.RequiresDedicatedProcess recorded 1 samples, mean = 1.0 (flags = 0x41)
0  O                                                                         (0 = 0.0%)
1  -O                                                                        (1 = 100.0%) {0.0%}
2  O                                                                         (0 = 0.0%) {100.0%}

Histogram: Navigation.RequiresDedicatedProcess.HTTPOrHTTPS recorded 1 samples, mean = 1.0 (flags = 0x41)
0  O                                                                         (0 = 0.0%)
1  -O                                                                        (1 = 100.0%) {0.0%}
2  O                                                                         (0 = 0.0%) {100.0%}

Histogram: Navigation.SameDocumentNavigationWithScreenshot recorded 1 samples, mean = 0.0 (flags = 0x41)
0  -O                                                                        (1 = 100.0%)
1  ... 

Histogram: Navigation.SendCommitNavigationTime.MainFrame recorded 1 samples, mean = 1.0 (flags = 0x41)
0  O                                                                         (0 = 0.0%)
1  -O                                                                        (1 = 100.0%) {0.0%}
2  ... 

Histogram: Navigation.StartToCommit recorded 3 samples, mean = 8424.7 (flags = 0x41)
0      --O                                                                       (2 = 66.7%)
1      ... 
20852  -O                                                                        (1 = 33.3%) {66.7%}
26495  ... 

Histogram: Navigation.StartToCommit.CrossProcess recorded 1 samples, mean = 25274.0 (flags = 0x41)
0      ... 
20852  -O                                                                        (1 = 100.0%) {0.0%}
26495  ... 

Histogram: Navigation.StartToCommit.CrossProcess.ForegroundProcessPriority recorded 1 samples, mean = 25274.0 (flags = 0x41)
0      ... 
20852  -O                                                                        (1 = 100.0%) {0.0%}
26495  ... 

Histogram: Navigation.StartToCommit.CrossProcess.MainFrame recorded 1 samples, mean = 25274.0 (flags = 0x41)
0      ... 
20852  -O                                                                        (1 = 100.0%) {0.0%}
26495  ... 

Histogram: Navigation.StartToCommit.CrossProcess.MainFrame.ForegroundProcessPriority recorded 1 samples, mean = 25274.0 (flags = 0x41)
0      ... 
20852  -O                                                                        (1 = 100.0%) {0.0%}
26495  ... 

Histogram: Navigation.StartToCommit.CrossProcess.MainFrame.NewNavigation recorded 1 samples, mean = 25274.0 (flags = 0x41)
0      ... 
20852  -O                                                                        (1 = 100.0%) {0.0%}
26495  ... 

Histogram: Navigation.StartToCommit.CrossProcess.NewNavigation recorded 1 samples, mean = 25274.0 (flags = 0x41)
0      ... 
20852  -O                                                                        (1 = 100.0%) {0.0%}
26495  ... 

Histogram: Navigation.StartToCommit.ForegroundProcessPriority recorded 3 samples, mean = 8424.7 (flags = 0x41)
0      --O                                                                       (2 = 66.7%)
1      ... 
20852  -O                                                                        (1 = 33.3%) {66.7%}
26495  ... 

Histogram: Navigation.StartToCommit.MainFrame recorded 1 samples, mean = 25274.0 (flags = 0x41)
0      ... 
20852  -O                                                                        (1 = 100.0%) {0.0%}
26495  ... 

Histogram: Navigation.StartToCommit.MainFrame.ForegroundProcessPriority recorded 1 samples, mean = 25274.0 (flags = 0x41)
0      ... 
20852  -O                                                                        (1 = 100.0%) {0.0%}
26495  ... 

Histogram: Navigation.StartToCommit.MainFrame.NewNavigation recorded 1 samples, mean = 25274.0 (flags = 0x41)
0      ... 
20852  -O                                                                        (1 = 100.0%) {0.0%}
26495  ... 

Histogram: Navigation.StartToCommit.NewNavigation recorded 3 samples, mean = 8424.7 (flags = 0x41)
0      --O                                                                       (2 = 66.7%)
1      ... 
20852  -O                                                                        (1 = 33.3%) {66.7%}
26495  ... 

Histogram: Navigation.StartToCommit.SameProcess recorded 2 samples, mean = 0.0 (flags = 0x41)
0  --O                                                                       (2 = 100.0%)
1  ... 

Histogram: Navigation.StartToCommit.SameProcess.ForegroundProcessPriority recorded 2 samples, mean = 0.0 (flags = 0x41)
0  --O                                                                       (2 = 100.0%)
1  ... 

Histogram: Navigation.StartToCommit.SameProcess.NewNavigation recorded 2 samples, mean = 0.0 (flags = 0x41)
0  --O                                                                       (2 = 100.0%)
1  ... 

Histogram: Navigation.StartToCommit.SameProcess.Subframe recorded 2 samples, mean = 0.0 (flags = 0x41)
0  --O                                                                       (2 = 100.0%)
1  ... 

Histogram: Navigation.StartToCommit.SameProcess.Subframe.ForegroundProcessPriority recorded 2 samples, mean = 0.0 (flags = 0x41)
0  --O                                                                       (2 = 100.0%)
1  ... 

Histogram: Navigation.StartToCommit.SameProcess.Subframe.NewNavigation recorded 2 samples, mean = 0.0 (flags = 0x41)
0  --O                                                                       (2 = 100.0%)
1  ... 

Histogram: Navigation.StartToCommit.Subframe recorded 2 samples, mean = 0.0 (flags = 0x41)
0  --O                                                                       (2 = 100.0%)
1  ... 

Histogram: Navigation.StartToCommit.Subframe.ForegroundProcessPriority recorded 2 samples, mean = 0.0 (flags = 0x41)
0  --O                                                                       (2 = 100.0%)
1  ... 

Histogram: Navigation.StartToCommit.Subframe.NewNavigation recorded 2 samples, mean = 0.0 (flags = 0x41)
0  --O                                                                       (2 = 100.0%)
1  ... 

Histogram: Navigation.SuddenTerminationDisabler.AllOrigins recorded 1 samples, mean = 13.0 (flags = 0x41)
0   ... 
13  -O                                                                        (1 = 100.0%) {0.0%}
14  ... 

Histogram: Navigation.SuddenTerminationDisabler.SameOrigin recorded 1 samples, mean = 13.0 (flags = 0x41)
0   ... 
13  -O                                                                        (1 = 100.0%) {0.0%}
14  ... 

Histogram: Navigation.SwapRFHToCompositorCreation recorded 1 samples, mean = 1981.0 (flags = 0x41)
0     ... 
1821  -O                                                                        (1 = 100.0%) {0.0%}
2370  ... 

Histogram: Navigation.ThrottleCount recorded 2 samples, mean = 20.0 (flags = 0x41)
0   ... 
20  --O                                                                       (2 = 100.0%) {0.0%}
21  ... 

Histogram: Navigation.ThrottleEventDurationTime.WillProcessResponse recorded 1 samples, mean = 42.0 (flags = 0x41)
0   ... 
40  -O                                                                        (1 = 100.0%) {0.0%}
48  ... 

Histogram: Navigation.ThrottleEventDurationTime.WillRedirectRequest recorded 2 samples, mean = 0.0 (flags = 0x41)
0  --O                                                                       (2 = 100.0%)
1  ... 

Histogram: Navigation.ThrottleEventDurationTime.WillStartRequest recorded 2 samples, mean = 91.5 (flags = 0x41)
0   ... 
68  -O                                                                        (1 = 50.0%) {0.0%}
81  O                                                                         (0 = 0.0%) {50.0%}
96  -O                                                                        (1 = 50.0%) {50.0%}
114 ... 

Histogram: Navigation.ThrottleEventExecutionTime.WillProcessResponse recorded 1 samples, mean = 42.0 (flags = 0x41)
0   ... 
40  -O                                                                        (1 = 100.0%) {0.0%}
48  ... 

Histogram: Navigation.ThrottleEventExecutionTime.WillRedirectRequest recorded 2 samples, mean = 0.0 (flags = 0x41)
0  --O                                                                       (2 = 100.0%)
1  ... 

Histogram: Navigation.ThrottleEventExecutionTime.WillStartRequest recorded 2 samples, mean = 91.5 (flags = 0x41)
0   ... 
68  -O                                                                        (1 = 50.0%) {0.0%}
81  O                                                                         (0 = 0.0%) {50.0%}
96  -O                                                                        (1 = 50.0%) {50.0%}
114 ... 

Histogram: Navigation.ThrottleExecutionTime.WillProcessResponse recorded 20 samples, mean = 2.0 (flags = 0x41)
0   -----------------O                                                        (17 = 85.0%)
1   ... 
8   -O                                                                        (1 = 5.0%) {85.0%}
10  ... 
14  -O                                                                        (1 = 5.0%) {90.0%}
17  -O                                                                        (1 = 5.0%) {95.0%}
20  ... 

Histogram: Navigation.ThrottleExecutionTime.WillRedirectRequest recorded 40 samples, mean = 0.0 (flags = 0x41)
0  ----------------------------------------O                                 (40 = 100.0%)
1  ... 

Histogram: Navigation.ThrottleExecutionTime.WillStartRequest recorded 40 samples, mean = 4.5 (flags = 0x41)
0   ----------------------------------O                                       (34 = 85.0%)
1   ... 
8   -O                                                                        (1 = 2.5%) {85.0%}
10  ... 
17  --O                                                                       (2 = 5.0%) {87.5%}
20  O                                                                         (0 = 0.0%) {92.5%}
24  -O                                                                        (1 = 2.5%) {92.5%}
29  ... 
48  -O                                                                        (1 = 2.5%) {95.0%}
57  -O                                                                        (1 = 2.5%) {97.5%}
68  ... 

Histogram: Navigation.ThrottleTotalDeferCount recorded 5 samples, mean = 0.0 (flags = 0x41)
0  -----O                                                                    (5 = 100.0%)
1  ... 

Histogram: Navigation.ThrottleTotalDeferCount.Request recorded 5 samples, mean = 0.0 (flags = 0x41)
0  -----O                                                                    (5 = 100.0%)
1  ... 

Histogram: Navigation.ThrottleTotalDeferTime recorded 5 samples, mean = 0.0 (flags = 0x41)
0  -----O                                                                    (5 = 100.0%)
1  ... 

Histogram: Navigation.ThrottleTotalDeferTime.Request recorded 5 samples, mean = 0.0 (flags = 0x41)
0  -----O                                                                    (5 = 100.0%)
1  ... 

Histogram: Navigation.Throttles.PolicyBlocklist.DeferDurationTime recorded 2 samples, mean = 0.0 (flags = 0x41)
0  --O                                                                       (2 = 100.0%)
1  ... 

Histogram: Navigation.Throttles.PolicyBlocklist.RequestThrottleAction recorded 2 samples, mean = 2.5 (flags = 0x41)
0  O                                                                         (0 = 0.0%)
1  -O                                                                        (1 = 50.0%) {0.0%}
2  ... 
4  -O                                                                        (1 = 50.0%) {50.0%}
5  ... 

Histogram: Navigation.Throttles.PolicyBlocklist.RequestToResponseTime recorded 1 samples, mean = 0.0 (flags = 0x41)
0  -O                                                                        (1 = 100.0%)
1  ... 

Histogram: Navigation.TimeToReadyToCommit2 recorded 1 samples, mean = 24324.0 (flags = 0x41)
0      ... 
20852  -O                                                                        (1 = 100.0%) {0.0%}
26495  ... 

Histogram: Navigation.TimeToReadyToCommit2.CrossProcess recorded 1 samples, mean = 24324.0 (flags = 0x41)
0      ... 
20852  -O                                                                        (1 = 100.0%) {0.0%}
26495  ... 

Histogram: Navigation.TimeToReadyToCommit2.CrossProcess.NewNavigation recorded 1 samples, mean = 24324.0 (flags = 0x41)
0      ... 
20852  -O                                                                        (1 = 100.0%) {0.0%}
26495  ... 

Histogram: Navigation.TimeToReadyToCommit2.MainFrame recorded 1 samples, mean = 24324.0 (flags = 0x41)
0      ... 
20852  -O                                                                        (1 = 100.0%) {0.0%}
26495  ... 

Histogram: Navigation.TimeToReadyToCommit2.MainFrame.NewNavigation recorded 1 samples, mean = 24324.0 (flags = 0x41)
0      ... 
20852  -O                                                                        (1 = 100.0%) {0.0%}
26495  ... 

Histogram: Navigation.TimeToReadyToCommit2.NewNavigation recorded 1 samples, mean = 24324.0 (flags = 0x41)
0      ... 
20852  -O                                                                        (1 = 100.0%) {0.0%}
26495  ... 

Histogram: Navigation.Unload recorded 1 samples, mean = 0.0 (flags = 0x41)
0  -O                                                                        (1 = 100.0%)
1  ... 

Histogram: Navigation.UserAgentStringType recorded 5 samples, mean = 1.0 (flags = 0x41)
0  O                                                                         (0 = 0.0%)
1  -----O                                                                    (5 = 100.0%) {0.0%}
2  ... 

Histogram: Navigation.WillStartRequestToLoaderStart.MainFrame recorded 2 samples, mean = 127.0 (flags = 0x41)
0    ... 
68   -O                                                                        (1 = 50.0%) {0.0%}
81   ... 
160  -O                                                                        (1 = 50.0%) {50.0%}
190  ... 

Histogram: NavigationPredictor.SearchEnginePreconnector.IsBrowserAppLikelyInForeground recorded 9 samples, mean = 0.3 (flags = 0x41)
0  ------O                                                                   (6 = 66.7%)
1  ---O                                                                      (3 = 33.3%) {66.7%}
2  O                                                                         (0 = 0.0%) {100.0%}

Histogram: NavigationSuggestion.GetDomainInfoDelayBeforeAllowingNavigation recorded 1 samples, mean = 0.0 (flags = 0x41)
0  -O                                                                        (1 = 100.0%)
1  ... 

Histogram: NavigationSuggestion.IsLookalikeUrlDelayBeforeAllowingNavigation recorded 1 samples, mean = 0.0 (flags = 0x41)
0  -O                                                                        (1 = 100.0%)
1  ... 

Histogram: NavigationSuggestion.PerformChecksDelayBeforeAllowingNavigation recorded 1 samples, mean = 0.0 (flags = 0x41)
0  -O                                                                        (1 = 100.0%)
1  ... 

Histogram: Net.AlternateProtocolUsage recorded 19 samples, mean = 2.9 (flags = 0x41)
0  -------O                                                                  (7 = 36.8%)
1  --O                                                                       (2 = 10.5%) {36.8%}
2  O                                                                         (0 = 0.0%) {47.4%}
3  ----O                                                                     (4 = 21.1%) {47.4%}
4  ... 
6  -O                                                                        (1 = 5.3%) {68.4%}
7  -----O                                                                    (5 = 26.3%) {73.7%}
8  O                                                                         (0 = 0.0%) {100.0%}

Histogram: Net.AlternateProtocolUsageGoogle recorded 4 samples, mean = 5.0 (flags = 0x41)
0  ... 
3  --O                                                                       (2 = 50.0%) {0.0%}
4  ... 
7  --O                                                                       (2 = 50.0%) {50.0%}
8  O                                                                         (0 = 0.0%) {100.0%}

Histogram: Net.AlternativeServiceTypeForRequest recorded 25 samples, mean = 0.4 (flags = 0x41)
0  ---------------O                                                          (15 = 60.0%)
1  ----------O                                                               (10 = 40.0%) {60.0%}
2  ... 

Histogram: Net.CertVerifier.PathBuilderIterationCount recorded 7 samples, mean = 2.1 (flags = 0x41)
0  ... 
2  ------O                                                                   (6 = 85.7%) {0.0%}
3  -O                                                                        (1 = 14.3%) {85.7%}
4  ... 

Histogram: Net.CertVerifier_First_Job_Latency recorded 1 samples, mean = 7189.0 (flags = 0x41)
0     ... 
6861  -O                                                                        (1 = 100.0%) {0.0%}
7768  ... 

Histogram: Net.CertVerifier_Job_Latency recorded 7 samples, mean = 1849.9 (flags = 0x41)
0     ... 
128   -O                                                                        (1 = 14.3%) {0.0%}
145   ... 
348   -O                                                                        (1 = 14.3%) {14.3%}
394   ... 
505   -O                                                                        (1 = 14.3%) {28.6%}
572   O                                                                         (0 = 0.0%) {42.9%}
648   -O                                                                        (1 = 14.3%) {42.9%}
734   ... 
1365  -O                                                                        (1 = 14.3%) {57.1%}
1546  ... 
2243  -O                                                                        (1 = 14.3%) {71.4%}
2540  ... 
6861  -O                                                                        (1 = 14.3%) {85.7%}
7768  ... 

Histogram: Net.Certificate.TrustAnchor.Request recorded 15 samples (flags = 0x41)
210  -O                                                                        (1 = 6.7%)
486  -------------O                                                            (13 = 86.7%)
535  -O                                                                        (1 = 6.7%)

Histogram: Net.Certificate.TrustAnchor.Verify recorded 7 samples (flags = 0x41)
210  -O                                                                        (1 = 14.3%)
486  -----O                                                                    (5 = 71.4%)
535  -O                                                                        (1 = 14.3%)

Histogram: Net.ConnectionInfo.MainFrame recorded 1 samples, mean = 4.0 (flags = 0x41)
0  ... 
4  -O                                                                        (1 = 100.0%) {0.0%}
5  ... 

Histogram: Net.ConnectionInfo.SubResource recorded 10 samples, mean = 28.9 (flags = 0x41)
0   O                                                                         (0 = 0.0%)
1   -O                                                                        (1 = 10.0%) {0.0%}
2   ... 
4   --O                                                                       (2 = 20.0%) {10.0%}
5   ... 
40  -------O                                                                  (7 = 70.0%) {30.0%}
41  ... 

Histogram: Net.ContentEncodingType recorded 61 samples, mean = 0.8 (flags = 0x41)
0  ------------------O                                                       (18 = 29.5%)
1  ----------------------------------------O                                 (40 = 65.6%) {29.5%}
2  ---O                                                                      (3 = 4.9%) {95.1%}
3  ... 

Histogram: Net.Cors.AccessCheckResult recorded 21 samples, mean = 0.0 (flags = 0x41)
0  ---------------------O                                                    (21 = 100.0%)
1  ... 

Histogram: Net.CountOfBrokenAlternativeServices recorded 1 samples, mean = 0.0 (flags = 0x41)
0  -O                                                                        (1 = 100.0%)
1  ... 

Histogram: Net.CountOfQuicServerInfos recorded 1 samples, mean = 0.0 (flags = 0x41)
0  -O                                                                        (1 = 100.0%)
1  ... 

Histogram: Net.CountOfRecentlyBrokenAlternativeServices recorded 1 samples, mean = 5.0 (flags = 0x41)
0  ... 
5  -O                                                                        (1 = 100.0%) {0.0%}
6  ... 

Histogram: Net.DNS.DnsConfig.DnsClientCapability recorded 31 samples, mean = 1.0 (flags = 0x41)
0  O                                                                         (0 = 0.0%)
1  -------------------------------O                                          (31 = 100.0%) {0.0%}
2  ... 

Histogram: Net.DNS.DnsConfig.SecureDnsMode recorded 1 samples, mean = 4.0 (flags = 0x41)
0  ... 
4  -O                                                                        (1 = 100.0%) {0.0%}
5  ... 

Histogram: Net.DNS.DnsConfig.Windows.Compatibility recorded 22 samples, mean = 0.0 (flags = 0x41)
0  ----------------------O                                                   (22 = 100.0%)
1  ... 

Histogram: Net.DNS.DnsConfig.Windows.ReadSystemSettings0 recorded 12 samples, mean = 0.0 (flags = 0x41)
0  ------------O                                                             (12 = 100.0%)
1  ... 

Histogram: Net.DNS.DnsHosts.Count recorded 10 samples, mean = 3.0 (flags = 0x41)
0  ... 
3  ----------O                                                               (10 = 100.0%) {0.0%}
4  ... 

Histogram: Net.DNS.DnsHosts.EstimateMemoryUsage recorded 10 samples, mean = 313.0 (flags = 0x41)
0  ----------O                                                               (10 = 100.0%)
1000... 

Histogram: Net.DNS.DnsHosts.FileSize recorded 10 samples, mean = 1058.0 (flags = 0x41)
0    ... 
737  ----------O                                                               (10 = 100.0%) {0.0%}
1065 ... 

Histogram: Net.DNS.DnsTask.SuccessTime recorded 9 samples, mean = 105.0 (flags = 0x41)
0    ... 
58   -O                                                                        (1 = 11.1%) {0.0%}
67   --O                                                                       (2 = 22.2%) {11.1%}
77   -O                                                                        (1 = 11.1%) {33.3%}
89   O                                                                         (0 = 0.0%) {44.4%}
103  -O                                                                        (1 = 11.1%) {44.4%}
119  --O                                                                       (2 = 22.2%) {55.6%}
137  --O                                                                       (2 = 22.2%) {77.8%}
158  ... 

Histogram: Net.DNS.DnsTask.SvcbHttpsTransactionError recorded 9 samples, mean = 0.0 (flags = 0x41)
0  ---------O                                                                (9 = 100.0%)
1  ... 

Histogram: Net.DNS.DnsTransaction.AttemptType recorded 18 samples, mean = 0.0 (flags = 0x41)
0  ------------------O                                                       (18 = 100.0%)
1  ... 

Histogram: Net.DNS.DnsTransaction.Insecure.Other.SuccessTime recorded 18 samples, mean = 101.9 (flags = 0x41)
0    ... 
52   ---O                                                                      (3 = 16.7%) {0.0%}
66   -----O                                                                    (5 = 27.8%) {16.7%}
84   --O                                                                       (2 = 11.1%) {44.4%}
107  ----O                                                                     (4 = 22.2%) {55.6%}
136  ----O                                                                     (4 = 22.2%) {77.8%}
173  ... 

Histogram: Net.DNS.H3SupportedGoogleHost.TaskTypeMetadataAvailability2 recorded 2 samples, mean = 3.0 (flags = 0x41)
0  ... 
3  --O                                                                       (2 = 100.0%) {0.0%}
4  ... 

Histogram: Net.DNS.HTTPSSVC.RecordHttps.Insecure.ExpectNoerror.DnsRcode recorded 9 samples, mean = 3.0 (flags = 0x41)
0  ... 
3  ---------O                                                                (9 = 100.0%) {0.0%}
4  ... 

Histogram: Net.DNS.HTTPSSVC.RecordHttps.Insecure.ExpectNoerror.Parsable recorded 4 samples, mean = 1.0 (flags = 0x41)
0  O                                                                         (0 = 0.0%)
1  ----O                                                                     (4 = 100.0%) {0.0%}
2  O                                                                         (0 = 0.0%) {100.0%}

Histogram: Net.DNS.HTTPSSVC.RecordHttps.Insecure.ExpectNoerror.ResolveTimeAddress recorded 9 samples, mean = 99.3 (flags = 0x41)
0    ... 
52   --O                                                                       (2 = 22.2%) {0.0%}
66   --O                                                                       (2 = 22.2%) {22.2%}
84   -O                                                                        (1 = 11.1%) {44.4%}
107  --O                                                                       (2 = 22.2%) {55.6%}
136  --O                                                                       (2 = 22.2%) {77.8%}
173  ... 

Histogram: Net.DNS.HTTPSSVC.RecordHttps.Insecure.ExpectNoerror.ResolveTimeExperimental recorded 9 samples, mean = 105.0 (flags = 0x41)
0    ... 
52   -O                                                                        (1 = 11.1%) {0.0%}
66   ---O                                                                      (3 = 33.3%) {11.1%}
84   O                                                                         (0 = 0.0%) {44.4%}
107  ---O                                                                      (3 = 33.3%) {44.4%}
136  --O                                                                       (2 = 22.2%) {77.8%}
173  ... 

Histogram: Net.DNS.HTTPSSVC.RecordHttps.Insecure.ExpectNoerror.ResolveTimeRatio recorded 9 samples, mean = 10.4 (flags = 0x41)
0   ... 
9   -O                                                                        (1 = 11.1%) {0.0%}
10  -------O                                                                  (7 = 77.8%) {11.1%}
11  ... 
15  -O                                                                        (1 = 11.1%) {88.9%}
16  ... 

Histogram: Net.DNS.JobQueueTime.PerTransaction recorded 18 samples, mean = 0.0 (flags = 0x41)
0  ------------------O                                                       (18 = 100.0%)
1  ... 

Histogram: Net.DNS.JobQueueTime.Success recorded 9 samples, mean = 0.0 (flags = 0x41)
0  ---------O                                                                (9 = 100.0%)
1  ... 

Histogram: Net.DNS.Request.TotalTime recorded 147 samples, mean = 5.5 (flags = 0x41)
0    ------------------------------------------------------------------------O (140 = 95.2%)
10   ... 
75   -O                                                                        (2 = 1.4%) {95.2%}
92   -O                                                                        (1 = 0.7%) {96.6%}
113  --O                                                                       (3 = 2.0%) {97.3%}
139  -O                                                                        (1 = 0.7%) {99.3%}
171  ... 

Histogram: Net.DNS.Request.TotalTimeAsync recorded 7 samples, mean = 116.0 (flags = 0x41)
0    ... 
75   --O                                                                       (2 = 28.6%) {0.0%}
92   -O                                                                        (1 = 14.3%) {28.6%}
113  ---O                                                                      (3 = 42.9%) {42.9%}
139  -O                                                                        (1 = 14.3%) {85.7%}
171  ... 

Histogram: Net.DNS.ResolveCategory recorded 9 samples, mean = 0.4 (flags = 0x41)
0  -------O                                                                  (7 = 77.8%)
1  O                                                                         (0 = 0.0%) {77.8%}
2  --O                                                                       (2 = 22.2%) {77.8%}
3  ... 

Histogram: Net.DNS.ResolveSuccessTime recorded 7 samples, mean = 116.3 (flags = 0x41)
0    ... 
67   -O                                                                        (1 = 14.3%) {0.0%}
77   -O                                                                        (1 = 14.3%) {14.3%}
89   O                                                                         (0 = 0.0%) {28.6%}
103  -O                                                                        (1 = 14.3%) {28.6%}
119  --O                                                                       (2 = 28.6%) {42.9%}
137  --O                                                                       (2 = 28.6%) {71.4%}
158  ... 

Histogram: Net.DNS.UpgradeConfig.HasPublicInsecureNameserver recorded 1 samples, mean = 1.0 (flags = 0x41)
0  O                                                                         (0 = 0.0%)
1  -O                                                                        (1 = 100.0%) {0.0%}
2  O                                                                         (0 = 0.0%) {100.0%}

Histogram: Net.DNS.UpgradeConfig.Ineligible.DohSpecified recorded 1 samples, mean = 0.0 (flags = 0x41)
0  -O                                                                        (1 = 100.0%)
1  ... 

Histogram: Net.DNS.UpgradeConfig.Ineligible.UnhandledOptions recorded 1 samples, mean = 0.0 (flags = 0x41)
0  -O                                                                        (1 = 100.0%)
1  ... 

Histogram: Net.DNS.UpgradeConfig.InsecureUpgradeSucceeded recorded 1 samples, mean = 0.0 (flags = 0x41)
0  -O                                                                        (1 = 100.0%)
1  ... 

Histogram: Net.DNS_Resolution_And_TCP_Connection_Latency2 recorded 8 samples, mean = 28.0 (flags = 0x41)
0   ... 
3   -O                                                                        (1 = 12.5%) {0.0%}
4   ---O                                                                      (3 = 37.5%) {12.5%}
5   ... 
18  -O                                                                        (1 = 12.5%) {50.0%}
20  ... 
54  --O                                                                       (2 = 25.0%) {62.5%}
61  O                                                                         (0 = 0.0%) {87.5%}
69  -O                                                                        (1 = 12.5%) {87.5%}
78  ... 

Histogram: Net.ErrorCodesForMainFrame4 recorded 2 samples (flags = 0x41)
0  -O                                                                        (1 = 50.0%)
3  -O                                                                        (1 = 50.0%)

Histogram: Net.ErrorCodesForSubresources3 recorded 58 samples (flags = 0x41)
0  ----------------------------------------------------------O               (58 = 100.0%)

Histogram: Net.HttpJob.BytesReceived2 recorded 15 samples, mean = 10642.7 (flags = 0x41)
0      ... 
340    --O                                                                       (2 = 13.3%) {0.0%}
488    --O                                                                       (2 = 13.3%) {13.3%}
700    -O                                                                        (1 = 6.7%) {26.7%}
1004   --O                                                                       (2 = 13.3%) {33.3%}
1440   ... 
2961   -----O                                                                    (5 = 33.3%) {46.7%}
4246   ... 
8732   -O                                                                        (1 = 6.7%) {80.0%}
12523  O                                                                         (0 = 0.0%) {86.7%}
17959  -O                                                                        (1 = 6.7%) {86.7%}
25755  ... 
75961  -O                                                                        (1 = 6.7%) {93.3%}
108935 ... 

Histogram: Net.HttpJob.BytesSent2 recorded 15 samples, mean = 1750.3 (flags = 0x41)
0      ... 
340    ---O                                                                      (3 = 20.0%) {0.0%}
488    -----O                                                                    (5 = 33.3%) {20.0%}
700    -----O                                                                    (5 = 33.3%) {53.3%}
1004   -O                                                                        (1 = 6.7%) {86.7%}
1440   ... 
12523  -O                                                                        (1 = 6.7%) {93.3%}
17959  ... 

Histogram: Net.HttpJob.MainJobWaitTimeWithoutAvailableSpdySession recorded 7 samples, mean = 128.6 (flags = 0x41)
0    ----O                                                                     (4 = 57.1%)
1    ... 
268  ---O                                                                      (3 = 42.9%) {57.1%}
318  ... 

Histogram: Net.HttpJob.PrefilterBytesRead recorded 65 samples, mean = 39505.4 (flags = 0x41)
0       ------O                                                                   (6 = 9.2%)
1       ... 
13      -O                                                                        (1 = 1.5%) {9.2%}
19      ... 
39      -O                                                                        (1 = 1.5%) {10.8%}
56      O                                                                         (0 = 0.0%) {12.3%}
80      --O                                                                       (2 = 3.1%) {12.3%}
115     O                                                                         (0 = 0.0%) {15.4%}
165     --O                                                                       (2 = 3.1%) {15.4%}
237     ---O                                                                      (3 = 4.6%) {18.5%}
340     --O                                                                       (2 = 3.1%) {23.1%}
488     ----O                                                                     (4 = 6.2%) {26.2%}
700     ----O                                                                     (4 = 6.2%) {32.3%}
1004    ----O                                                                     (4 = 6.2%) {38.5%}
1440    --O                                                                       (2 = 3.1%) {44.6%}
2065    --O                                                                       (2 = 3.1%) {47.7%}
2961    ---O                                                                      (3 = 4.6%) {50.8%}
4246    ---O                                                                      (3 = 4.6%) {55.4%}
6089    ---O                                                                      (3 = 4.6%) {60.0%}
8732    ------O                                                                   (6 = 9.2%) {64.6%}
12523   O                                                                         (0 = 0.0%) {73.8%}
17959   --O                                                                       (2 = 3.1%) {73.8%}
25755   ----O                                                                     (4 = 6.2%) {76.9%}
36935   --O                                                                       (2 = 3.1%) {83.1%}
52968   -O                                                                        (1 = 1.5%) {86.2%}
75961   ----O                                                                     (4 = 6.2%) {87.7%}
108935  -O                                                                        (1 = 1.5%) {93.8%}
156223  --O                                                                       (2 = 3.1%) {95.4%}
224038  ... 
947607  -O                                                                        (1 = 1.5%) {98.5%}
1358954 ... 

Histogram: Net.HttpJob.PrefilterBytesRead.Cache recorded 52 samples, mean = 46794.9 (flags = 0x41)
0       --O                                                                       (2 = 3.8%)
1       ... 
165     --O                                                                       (2 = 3.8%) {3.8%}
237     ---O                                                                      (3 = 5.8%) {7.7%}
340     --O                                                                       (2 = 3.8%) {13.5%}
488     ----O                                                                     (4 = 7.7%) {17.3%}
700     ----O                                                                     (4 = 7.7%) {25.0%}
1004    ---O                                                                      (3 = 5.8%) {32.7%}
1440    --O                                                                       (2 = 3.8%) {38.5%}
2065    -O                                                                        (1 = 1.9%) {42.3%}
2961    ---O                                                                      (3 = 5.8%) {44.2%}
4246    ---O                                                                      (3 = 5.8%) {50.0%}
6089    ---O                                                                      (3 = 5.8%) {55.8%}
8732    -----O                                                                    (5 = 9.6%) {61.5%}
12523   O                                                                         (0 = 0.0%) {71.2%}
17959   -O                                                                        (1 = 1.9%) {71.2%}
25755   ----O                                                                     (4 = 7.7%) {73.1%}
36935   --O                                                                       (2 = 3.8%) {80.8%}
52968   -O                                                                        (1 = 1.9%) {84.6%}
75961   ---O                                                                      (3 = 5.8%) {86.5%}
108935  -O                                                                        (1 = 1.9%) {92.3%}
156223  --O                                                                       (2 = 3.8%) {94.2%}
224038  ... 
947607  -O                                                                        (1 = 1.9%) {98.1%}
1358954 ... 

Histogram: Net.HttpJob.PrefilterBytesRead.Net recorded 13 samples, mean = 10347.5 (flags = 0x41)
0      ----O                                                                     (4 = 30.8%)
1      ... 
13     -O                                                                        (1 = 7.7%) {30.8%}
19     ... 
39     -O                                                                        (1 = 7.7%) {38.5%}
56     O                                                                         (0 = 0.0%) {46.2%}
80     --O                                                                       (2 = 15.4%) {46.2%}
115    ... 
1004   -O                                                                        (1 = 7.7%) {61.5%}
1440   O                                                                         (0 = 0.0%) {69.2%}
2065   -O                                                                        (1 = 7.7%) {69.2%}
2961   ... 
8732   -O                                                                        (1 = 7.7%) {76.9%}
12523  O                                                                         (0 = 0.0%) {84.6%}
17959  -O                                                                        (1 = 7.7%) {84.6%}
25755  ... 
75961  -O                                                                        (1 = 7.7%) {92.3%}
108935 ... 

Histogram: Net.HttpJob.ProxyTypeSuccess recorded 15 samples, mean = 1.0 (flags = 0x41)
0  O                                                                         (0 = 0.0%)
1  ---------------O                                                          (15 = 100.0%) {0.0%}
2  ... 

Histogram: Net.HttpJob.TotalTime recorded 65 samples, mean = 127.2 (flags = 0x41)
0     ----O                                                                     (4 = 6.2%)
1     -------O                                                                  (7 = 10.8%) {6.2%}
2     ---O                                                                      (3 = 4.6%) {16.9%}
3     ----O                                                                     (4 = 6.2%) {21.5%}
4     -------O                                                                  (7 = 10.8%) {27.7%}
5     -------O                                                                  (7 = 10.8%) {38.5%}
6     -------O                                                                  (7 = 10.8%) {49.2%}
7     ... 
10    --O                                                                       (2 = 3.1%) {60.0%}
12    --O                                                                       (2 = 3.1%) {63.1%}
14    -O                                                                        (1 = 1.5%) {66.2%}
17    O                                                                         (0 = 0.0%) {67.7%}
20    -O                                                                        (1 = 1.5%) {67.7%}
24    O                                                                         (0 = 0.0%) {69.2%}
29    -----O                                                                    (5 = 7.7%) {69.2%}
34    ... 
48    ---O                                                                      (3 = 4.6%) {76.9%}
57    --O                                                                       (2 = 3.1%) {81.5%}
68    O                                                                         (0 = 0.0%) {84.6%}
81    -O                                                                        (1 = 1.5%) {84.6%}
96    --O                                                                       (2 = 3.1%) {86.2%}
114   -O                                                                        (1 = 1.5%) {89.2%}
135   ... 
190   -O                                                                        (1 = 1.5%) {90.8%}
226   ... 
449   -O                                                                        (1 = 1.5%) {92.3%}
533   O                                                                         (0 = 0.0%) {93.8%}
633   --O                                                                       (2 = 3.1%) {93.8%}
752   ... 
1782  -O                                                                        (1 = 1.5%) {96.9%}
2117  ... 
2990  -O                                                                        (1 = 1.5%) {98.5%}
3553  ... 

Histogram: Net.HttpJob.TotalTime.TLS13.Google recorded 2 samples, mean = 2596.0 (flags = 0x41)
0     ... 
1782  -O                                                                        (1 = 50.0%) {0.0%}
2117  ... 
2990  -O                                                                        (1 = 50.0%) {50.0%}
3553  ... 

Histogram: Net.HttpJob.TotalTimeCached recorded 52 samples, mean = 24.5 (flags = 0x41)
0    ----O                                                                     (4 = 7.7%)
1    -------O                                                                  (7 = 13.5%) {7.7%}
2    ---O                                                                      (3 = 5.8%) {21.2%}
3    ----O                                                                     (4 = 7.7%) {26.9%}
4    -------O                                                                  (7 = 13.5%) {34.6%}
5    -------O                                                                  (7 = 13.5%) {48.1%}
6    -------O                                                                  (7 = 13.5%) {61.5%}
7    ... 
10   --O                                                                       (2 = 3.8%) {75.0%}
12   --O                                                                       (2 = 3.8%) {78.8%}
14   ... 
29   -----O                                                                    (5 = 9.6%) {82.7%}
34   ... 
48   -O                                                                        (1 = 1.9%) {92.3%}
57   ... 
81   -O                                                                        (1 = 1.9%) {94.2%}
96   O                                                                         (0 = 0.0%) {96.2%}
114  -O                                                                        (1 = 1.9%) {96.2%}
135  ... 
633  -O                                                                        (1 = 1.9%) {98.1%}
752  ... 

Histogram: Net.HttpJob.TotalTimeNotCached recorded 13 samples, mean = 538.2 (flags = 0x41)
0     ... 
14    -O                                                                        (1 = 7.7%) {0.0%}
17    O                                                                         (0 = 0.0%) {7.7%}
20    -O                                                                        (1 = 7.7%) {7.7%}
24    ... 
48    --O                                                                       (2 = 15.4%) {15.4%}
57    --O                                                                       (2 = 15.4%) {30.8%}
68    ... 
96    --O                                                                       (2 = 15.4%) {46.2%}
114   ... 
190   -O                                                                        (1 = 7.7%) {61.5%}
226   ... 
449   -O                                                                        (1 = 7.7%) {69.2%}
533   O                                                                         (0 = 0.0%) {76.9%}
633   -O                                                                        (1 = 7.7%) {76.9%}
752   ... 
1782  -O                                                                        (1 = 7.7%) {84.6%}
2117  ... 
2990  -O                                                                        (1 = 7.7%) {92.3%}
3553  ... 

Histogram: Net.HttpJob.TotalTimeSuccess recorded 65 samples, mean = 127.2 (flags = 0x41)
0     ----O                                                                     (4 = 6.2%)
1     -------O                                                                  (7 = 10.8%) {6.2%}
2     ---O                                                                      (3 = 4.6%) {16.9%}
3     ----O                                                                     (4 = 6.2%) {21.5%}
4     -------O                                                                  (7 = 10.8%) {27.7%}
5     -------O                                                                  (7 = 10.8%) {38.5%}
6     -------O                                                                  (7 = 10.8%) {49.2%}
7     ... 
10    --O                                                                       (2 = 3.1%) {60.0%}
12    --O                                                                       (2 = 3.1%) {63.1%}
14    -O                                                                        (1 = 1.5%) {66.2%}
17    O                                                                         (0 = 0.0%) {67.7%}
20    -O                                                                        (1 = 1.5%) {67.7%}
24    O                                                                         (0 = 0.0%) {69.2%}
29    -----O                                                                    (5 = 7.7%) {69.2%}
34    ... 
48    ---O                                                                      (3 = 4.6%) {76.9%}
57    --O                                                                       (2 = 3.1%) {81.5%}
68    O                                                                         (0 = 0.0%) {84.6%}
81    -O                                                                        (1 = 1.5%) {84.6%}
96    --O                                                                       (2 = 3.1%) {86.2%}
114   -O                                                                        (1 = 1.5%) {89.2%}
135   ... 
190   -O                                                                        (1 = 1.5%) {90.8%}
226   ... 
449   -O                                                                        (1 = 1.5%) {92.3%}
533   O                                                                         (0 = 0.0%) {93.8%}
633   --O                                                                       (2 = 3.1%) {93.8%}
752   ... 
1782  -O                                                                        (1 = 1.5%) {96.9%}
2117  ... 
2990  -O                                                                        (1 = 1.5%) {98.5%}
3553  ... 

Histogram: Net.HttpJob.TotalTimeSuccess.Priority1 recorded 3 samples, mean = 1750.0 (flags = 0x41)
0     ... 
57    -O                                                                        (1 = 33.3%) {0.0%}
68    ... 
1782  -O                                                                        (1 = 33.3%) {33.3%}
2117  ... 
2990  -O                                                                        (1 = 33.3%) {66.7%}
3553  ... 

Histogram: Net.HttpJob.TotalTimeSuccess.Priority2 recorded 29 samples, mean = 37.5 (flags = 0x41)
0    -O                                                                        (1 = 3.4%)
1    ---O                                                                      (3 = 10.3%) {3.4%}
2    ---O                                                                      (3 = 10.3%) {13.8%}
3    --O                                                                       (2 = 6.9%) {24.1%}
4    -O                                                                        (1 = 3.4%) {31.0%}
5    -O                                                                        (1 = 3.4%) {34.5%}
6    ---O                                                                      (3 = 10.3%) {37.9%}
7    ... 
10   --O                                                                       (2 = 6.9%) {48.3%}
12   --O                                                                       (2 = 6.9%) {55.2%}
14   -O                                                                        (1 = 3.4%) {62.1%}
17   O                                                                         (0 = 0.0%) {65.5%}
20   -O                                                                        (1 = 3.4%) {65.5%}
24   O                                                                         (0 = 0.0%) {69.0%}
29   -----O                                                                    (5 = 17.2%) {69.0%}
34   ... 
48   -O                                                                        (1 = 3.4%) {86.2%}
57   ... 
96   -O                                                                        (1 = 3.4%) {89.7%}
114  ... 
190  -O                                                                        (1 = 3.4%) {93.1%}
226  ... 
449  -O                                                                        (1 = 3.4%) {96.6%}
533  ... 

Histogram: Net.HttpJob.TotalTimeSuccess.Priority3 recorded 1 samples, mean = 114.0 (flags = 0x41)
0    ... 
114  -O                                                                        (1 = 100.0%) {0.0%}
135  ... 

Histogram: Net.HttpJob.TotalTimeSuccess.Priority4 recorded 5 samples, mean = 168.2 (flags = 0x41)
0    -O                                                                        (1 = 20.0%)
1    ... 
48   --O                                                                       (2 = 40.0%) {20.0%}
57   -O                                                                        (1 = 20.0%) {60.0%}
68   ... 
633  -O                                                                        (1 = 20.0%) {80.0%}
752  ... 

Histogram: Net.HttpJob.TotalTimeSuccess.Priority5 recorded 27 samples, mean = 36.2 (flags = 0x41)
0    --O                                                                       (2 = 7.4%)
1    ----O                                                                     (4 = 14.8%) {7.4%}
2    O                                                                         (0 = 0.0%) {22.2%}
3    --O                                                                       (2 = 7.4%) {22.2%}
4    ------O                                                                   (6 = 22.2%) {29.6%}
5    ------O                                                                   (6 = 22.2%) {51.9%}
6    ----O                                                                     (4 = 14.8%) {74.1%}
7    ... 
81   -O                                                                        (1 = 3.7%) {88.9%}
96   -O                                                                        (1 = 3.7%) {92.6%}
114  ... 
633  -O                                                                        (1 = 3.7%) {96.3%}
752  ... 

Histogram: Net.HttpRequestSSLUpgradeDecision recorded 3 samples, mean = 5.0 (flags = 0x41)
0  ... 
5  ---O                                                                      (3 = 100.0%) {0.0%}
6  O                                                                         (0 = 0.0%) {100.0%}

Histogram: Net.HttpRequestStsState recorded 3 samples, mean = 2.0 (flags = 0x41)
0  ... 
2  ---O                                                                      (3 = 100.0%) {0.0%}
3  ... 

Histogram: Net.HttpResponseCode recorded 78 samples, mean = 213.4 (flags = 0x41)
0    ... 
200  -------------------------------------------------------------------O      (67 = 85.9%) {0.0%}
201  ... 
204  --O                                                                       (2 = 2.6%) {85.9%}
205  ... 
302  ----O                                                                     (4 = 5.1%) {88.5%}
303  O                                                                         (0 = 0.0%) {93.6%}
304  --O                                                                       (2 = 2.6%) {93.6%}
305  ... 
308  --O                                                                       (2 = 2.6%) {96.2%}
309  ... 
403  -O                                                                        (1 = 1.3%) {98.7%}
404  ... 

Histogram: Net.HttpTimeToFirstByte recorded 65 samples, mean = 209.1 (flags = 0x41)
0     -------------------------------------------------O                        (49 = 75.4%)
10    -O                                                                        (1 = 1.5%) {75.4%}
12    ... 
18    -O                                                                        (1 = 1.5%) {76.9%}
22    ... 
41    -O                                                                        (1 = 1.5%) {78.5%}
50    ---O                                                                      (3 = 4.6%) {80.0%}
61    ... 
92    ---O                                                                      (3 = 4.6%) {84.6%}
113   -O                                                                        (1 = 1.5%) {89.2%}
139   ... 
210   -O                                                                        (1 = 1.5%) {90.8%}
258   O                                                                         (0 = 0.0%) {92.3%}
317   -O                                                                        (1 = 1.5%) {92.3%}
389   ... 
585   --O                                                                       (2 = 3.1%) {93.8%}
718   ... 
3005  -O                                                                        (1 = 1.5%) {96.9%}
3687  ... 
6812  -O                                                                        (1 = 1.5%) {98.5%}
8359  ... 

Histogram: Net.HttpTimeToFirstByte.TLS13.Google recorded 2 samples, mean = 5424.5 (flags = 0x41)
0     ... 
3069  -O                                                                        (1 = 50.0%) {0.0%}
3900  ... 
6296  -O                                                                        (1 = 50.0%) {50.0%}
8000  ... 

Histogram: Net.NetworkChangeNotifier.NewConnectionCost recorded 2 samples, mean = 1.0 (flags = 0x41)
0  O                                                                         (0 = 0.0%)
1  --O                                                                       (2 = 100.0%) {0.0%}
2  ... 

Histogram: Net.NetworkChangeNotifier.NewConnectionType recorded 8 samples, mean = 2.0 (flags = 0x41)
0  ... 
2  --------O                                                                 (8 = 100.0%) {0.0%}
3  ... 

Histogram: Net.NumQuicSessionsAtShutdown recorded 3 samples, mean = 0.0 (flags = 0x41)
0  ---O                                                                      (3 = 100.0%)
1  ... 

Histogram: Net.OnTransferSizeUpdated.Experimental.OverridenBy recorded 284 samples, mean = 13.2 (flags = 0x41)
0   O                                                                         (0 = 0.0%)
1   ------------------------------------------------------------------------O (96 = 33.8%) {0.0%}
2   ... 
11  ----------------------------------------------------------------------O   (93 = 32.7%) {33.8%}
12  -O                                                                        (1 = 0.4%) {66.5%}
13  ... 
26  -O                                                                        (1 = 0.4%) {66.9%}
27  O                                                                         (0 = 0.0%) {67.3%}
28  ----------------------------------------------------------------------O   (93 = 32.7%) {67.3%}
29  ... 

Histogram: Net.QuicActiveSessions recorded 6 samples, mean = 1.0 (flags = 0x41)
0  ---O                                                                      (3 = 50.0%)
1  -O                                                                        (1 = 16.7%) {50.0%}
2  -O                                                                        (1 = 16.7%) {66.7%}
3  -O                                                                        (1 = 16.7%) {83.3%}
4  ... 

Histogram: Net.QuicChromiumClientStream.HandleOnCloseConnectionError recorded 10 samples (flags = 0x41)
0  ----------O                                                               (10 = 100.0%)

Histogram: Net.QuicChromiumClientStream.HandleOnCloseNetError recorded 10 samples (flags = 0x41)
100  ---------O                                                                (9 = 90.0%)
356  -O                                                                        (1 = 10.0%)

Histogram: Net.QuicChromiumClientStream.HandleOnCloseStreamError recorded 10 samples (flags = 0x41)
0  ---------O                                                                (9 = 90.0%)
6  -O                                                                        (1 = 10.0%)

Histogram: Net.QuicChromiumClientStream.HeaderDecodingDelay recorded 10 samples, mean = 0.0 (flags = 0x41)
0  ----------O                                                               (10 = 100.0%)
1  ... 

Histogram: Net.QuicConnection.WritePacketStatus recorded 149 samples, mean = 0.0 (flags = 0x41)
0  ------------------------------------------------------------------------O (149 = 100.0%)
1  ... 

Histogram: Net.QuicCryptoClientConfig.PopulatedFromCanonicalConfig recorded 4 samples, mean = 0.0 (flags = 0x41)
0  ----O                                                                     (4 = 100.0%)
1  ... 

Histogram: Net.QuicDroppedPacketReason recorded 5 samples, mean = 6.0 (flags = 0x41)
0  ... 
6  -----O                                                                    (5 = 100.0%) {0.0%}
7  O                                                                         (0 = 0.0%) {100.0%}

Histogram: Net.QuicHandshakeState recorded 18 samples, mean = 1.0 (flags = 0x41)
0  ------O                                                                   (6 = 33.3%)
1  ------O                                                                   (6 = 33.3%) {33.3%}
2  ------O                                                                   (6 = 33.3%) {66.7%}
3  ... 

Histogram: Net.QuicHttpStream.ProcessResponseHeaderSuccess recorded 10 samples, mean = 1.0 (flags = 0x41)
0  O                                                                         (0 = 0.0%)
1  ----------O                                                               (10 = 100.0%) {0.0%}
2  O                                                                         (0 = 0.0%) {100.0%}

Histogram: Net.QuicSession.AbortedPendingStreamRequests recorded 6 samples, mean = 0.0 (flags = 0x41)
0  ------O                                                                   (6 = 100.0%)
1  ... 

Histogram: Net.QuicSession.AcceptChForOrigin recorded 10 samples, mean = 0.0 (flags = 0x41)
0  ----------O                                                               (10 = 100.0%)
1  ... 

Histogram: Net.QuicSession.AcceptChFrameReceivedViaAlps recorded 3 samples, mean = 1.0 (flags = 0x41)
0  O                                                                         (0 = 0.0%)
1  ---O                                                                      (3 = 100.0%) {0.0%}
2  ... 

Histogram: Net.QuicSession.AsyncRead recorded 213 samples, mean = 0.9 (flags = 0x41)
0  ------O                                                                   (17 = 8.0%)
1  ------------------------------------------------------------------------O (196 = 92.0%) {8.0%}
2  O                                                                         (0 = 0.0%) {100.0%}

Histogram: Net.QuicSession.BlockedFrames.Received recorded 6 samples, mean = 0.0 (flags = 0x41)
0  ------O                                                                   (6 = 100.0%)
1  ... 

Histogram: Net.QuicSession.BlockedFrames.Sent recorded 6 samples, mean = 0.0 (flags = 0x41)
0  ------O                                                                   (6 = 100.0%)
1  ... 

Histogram: Net.QuicSession.CertVerificationResult recorded 6 samples (flags = 0x41)
0  ------O                                                                   (6 = 100.0%)

Histogram: Net.QuicSession.ClientSideMtu recorded 6 samples (flags = 0x41)
1250  ------O                                                                   (6 = 100.0%)

Histogram: Net.QuicSession.CloseAllSessionsError recorded 3 samples (flags = 0x41)
3  ---O                                                                      (3 = 100.0%)

Histogram: Net.QuicSession.ClosedDuringInitializeSession recorded 6 samples, mean = 0.0 (flags = 0x41)
0  ------O                                                                   (6 = 100.0%)
1  ... 

Histogram: Net.QuicSession.CoalesceStreamFrameStatus recorded 27 samples, mean = 0.1 (flags = 0x41)
0  ------------------------O                                                 (24 = 88.9%)
1  ---O                                                                      (3 = 11.1%) {88.9%}
2  O                                                                         (0 = 0.0%) {100.0%}

Histogram: Net.QuicSession.ConnectAfterBroken recorded 3 samples, mean = 1.0 (flags = 0x41)
0  O                                                                         (0 = 0.0%)
1  ---O                                                                      (3 = 100.0%) {0.0%}
2  O                                                                         (0 = 0.0%) {100.0%}

Histogram: Net.QuicSession.ConnectRandomPortForHTTPS recorded 6 samples, mean = 0.0 (flags = 0x41)
0  ------O                                                                   (6 = 100.0%)
1  ... 

Histogram: Net.QuicSession.ConnectRandomPortRequiringConfirmationForHTTPS recorded 4 samples, mean = 0.0 (flags = 0x41)
0  ----O                                                                     (4 = 100.0%)
1  ... 

Histogram: Net.QuicSession.ConnectionClose.NumOpenStreams.TimedOut recorded 6 samples, mean = 0.0 (flags = 0x41)
0  ------O                                                                   (6 = 100.0%)
1  ... 

Histogram: Net.QuicSession.ConnectionCloseErrorCodeClient recorded 6 samples (flags = 0x41)
25  ------O                                                                   (6 = 100.0%)

Histogram: Net.QuicSession.ConnectionCloseErrorCodeClient.HandshakeConfirmed recorded 6 samples (flags = 0x41)
25  ------O                                                                   (6 = 100.0%)

Histogram: Net.QuicSession.ConnectionCloseErrorCodeClientGoogle recorded 3 samples (flags = 0x41)
25  ---O                                                                      (3 = 100.0%)

Histogram: Net.QuicSession.ConnectionCloseErrorCodeClientGoogle.HandshakeConfirmed recorded 3 samples (flags = 0x41)
25  ---O                                                                      (3 = 100.0%)

Histogram: Net.QuicSession.ConnectionDuration recorded 6 samples, mean = 30615.8 (flags = 0x41)
0      ... 
27425  -----O                                                                    (5 = 83.3%) {0.0%}
31655  O                                                                         (0 = 0.0%) {83.3%}
36538  -O                                                                        (1 = 16.7%) {83.3%}
42174  ... 

Histogram: Net.QuicSession.ConnectionFlowControlBlocked recorded 2 samples, mean = 1.0 (flags = 0x41)
0  O                                                                         (0 = 0.0%)
1  --O                                                                       (2 = 100.0%) {0.0%}
2  O                                                                         (0 = 0.0%) {100.0%}

Histogram: Net.QuicSession.ConnectionIpPooled recorded 6 samples, mean = 0.0 (flags = 0x41)
0  ------O                                                                   (6 = 100.0%)
1  ... 

Histogram: Net.QuicSession.ConnectionTypeFromSelf recorded 6 samples, mean = 1.0 (flags = 0x41)
0  O                                                                         (0 = 0.0%)
1  ------O                                                                   (6 = 100.0%) {0.0%}
2  O                                                                         (0 = 0.0%) {100.0%}

Histogram: Net.QuicSession.CryptoRetransmitCount.HandshakeConfirmed recorded 6 samples, mean = 0.7 (flags = 0x41)
0  --O                                                                       (2 = 33.3%)
1  ----O                                                                     (4 = 66.7%) {33.3%}
2  ... 

Histogram: Net.QuicSession.DuplicatePacketsReceived recorded 6 samples, mean = 0.0 (flags = 0x41)
0  ------O                                                                   (6 = 100.0%)
1  ... 

Histogram: Net.QuicSession.EcnMarksObserved recorded 6 samples, mean = 1.0 (flags = 0x41)
0  O                                                                         (0 = 0.0%)
1  ------O                                                                   (6 = 100.0%) {0.0%}
2  ... 

Histogram: Net.QuicSession.EncryptionEstablishedTime recorded 6 samples, mean = 150.7 (flags = 0x41)
0    --O                                                                       (2 = 33.3%)
1    ... 
17   --O                                                                       (2 = 33.3%) {33.3%}
20   ... 
190  -O                                                                        (1 = 16.7%) {66.7%}
226  ... 
633  -O                                                                        (1 = 16.7%) {83.3%}
752  ... 

Histogram: Net.QuicSession.FinchConfigIsValid recorded 3 samples, mean = 1.0 (flags = 0x41)
0  O                                                                         (0 = 0.0%)
1  ---O                                                                      (3 = 100.0%) {0.0%}
2  O                                                                         (0 = 0.0%) {100.0%}

Histogram: Net.QuicSession.FindMatchingIpSessionResult recorded 12 samples, mean = 2.0 (flags = 0x41)
0  ... 
2  ------------O                                                             (12 = 100.0%) {0.0%}
3  O                                                                         (0 = 0.0%) {100.0%}

Histogram: Net.QuicSession.FindMatchingIpSessionResultGoogle recorded 6 samples, mean = 2.0 (flags = 0x41)
0  ... 
2  ------O                                                                   (6 = 100.0%) {0.0%}
3  O                                                                         (0 = 0.0%) {100.0%}

Histogram: Net.QuicSession.HandshakeConfirmedTime recorded 6 samples, mean = 164.8 (flags = 0x41)
0    ... 
10   -O                                                                        (1 = 16.7%) {0.0%}
12   ... 
17   --O                                                                       (2 = 33.3%) {16.7%}
20   ... 
57   -O                                                                        (1 = 16.7%) {50.0%}
68   ... 
190  -O                                                                        (1 = 16.7%) {66.7%}
226  ... 
633  -O                                                                        (1 = 16.7%) {83.3%}
752  ... 

Histogram: Net.QuicSession.HeaderCompressionRatioQpackReceived recorded 10 samples, mean = 68.0 (flags = 0x41)
0   ... 
63  --O                                                                       (2 = 20.0%) {0.0%}
64  ... 
67  -O                                                                        (1 = 10.0%) {20.0%}
68  --O                                                                       (2 = 20.0%) {30.0%}
69  ---O                                                                      (3 = 30.0%) {50.0%}
70  -O                                                                        (1 = 10.0%) {80.0%}
71  ... 
74  -O                                                                        (1 = 10.0%) {90.0%}
75  ... 

Histogram: Net.QuicSession.HeaderCompressionRatioQpackSent recorded 10 samples, mean = 73.2 (flags = 0x41)
0   ... 
70  -O                                                                        (1 = 10.0%) {0.0%}
71  O                                                                         (0 = 0.0%) {10.0%}
72  ---O                                                                      (3 = 30.0%) {10.0%}
73  -O                                                                        (1 = 10.0%) {40.0%}
74  --O                                                                       (2 = 20.0%) {50.0%}
75  ---O                                                                      (3 = 30.0%) {70.0%}
76  ... 

Histogram: Net.QuicSession.HostResolution.HandshakeConfirmedTime recorded 6 samples, mean = 165.3 (flags = 0x41)
0    ... 
10   -O                                                                        (1 = 16.7%) {0.0%}
12   ... 
17   -O                                                                        (1 = 16.7%) {16.7%}
20   -O                                                                        (1 = 16.7%) {33.3%}
24   ... 
57   -O                                                                        (1 = 16.7%) {50.0%}
68   ... 
190  -O                                                                        (1 = 16.7%) {66.7%}
226  ... 
633  -O                                                                        (1 = 16.7%) {83.3%}
752  ... 

Histogram: Net.QuicSession.IncorrectConnectionIDsReceived recorded 6 samples, mean = 0.0 (flags = 0x41)
0  ------O                                                                   (6 = 100.0%)
1  ... 

Histogram: Net.QuicSession.InitialRttEsitmateSource recorded 6 samples, mean = 0.3 (flags = 0x41)
0  ----O                                                                     (4 = 66.7%)
1  --O                                                                       (2 = 33.3%) {66.7%}
2  ... 

Histogram: Net.QuicSession.KeyUpdate.PerConnection2 recorded 6 samples, mean = 0.0 (flags = 0x41)
0  ------O                                                                   (6 = 100.0%)
1  ... 

Histogram: Net.QuicSession.KeyUpdate.PotentialPeerKeyUpdateAttemptCount recorded 6 samples, mean = 0.0 (flags = 0x41)
0  ------O                                                                   (6 = 100.0%)
1  ... 

Histogram: Net.QuicSession.MaxConsecutiveRtoWithForwardProgress recorded 6 samples, mean = 0.5 (flags = 0x41)
0  ---O                                                                      (3 = 50.0%)
1  ---O                                                                      (3 = 50.0%) {50.0%}
2  ... 

Histogram: Net.QuicSession.MaxReordering recorded 1 samples, mean = 1.0 (flags = 0x41)
0  O                                                                         (0 = 0.0%)
1  -O                                                                        (1 = 100.0%) {0.0%}
2  ... 

Histogram: Net.QuicSession.MaxReorderingTime recorded 1 samples, mean = 25.0 (flags = 0x41)
0   ... 
25  -O                                                                        (1 = 100.0%) {0.0%}
26  ... 

Histogram: Net.QuicSession.MinRTT recorded 6 samples, mean = 16.7 (flags = 0x41)
0   ... 
3   -O                                                                        (1 = 16.7%) {0.0%}
4   O                                                                         (0 = 0.0%) {16.7%}
5   -O                                                                        (1 = 16.7%) {16.7%}
6   ... 
8   --O                                                                       (2 = 33.3%) {33.3%}
10  O                                                                         (0 = 0.0%) {66.7%}
12  -O                                                                        (1 = 16.7%) {66.7%}
14  ... 
57  -O                                                                        (1 = 16.7%) {83.3%}
68  ... 

Histogram: Net.QuicSession.MtuProbesSent recorded 6 samples, mean = 0.0 (flags = 0x41)
0  ------O                                                                   (6 = 100.0%)
1  ... 

Histogram: Net.QuicSession.NumDefaultPathDegrading recorded 6 samples, mean = 0.0 (flags = 0x41)
0  ------O                                                                   (6 = 100.0%)
1  ... 

Histogram: Net.QuicSession.NumMigrations recorded 6 samples, mean = 0.0 (flags = 0x41)
0  ------O                                                                   (6 = 100.0%)
1  ... 

Histogram: Net.QuicSession.NumOpenStreams recorded 10 samples, mean = 1.1 (flags = 0x41)
0  O                                                                         (0 = 0.0%)
1  ---------O                                                                (9 = 90.0%) {0.0%}
2  -O                                                                        (1 = 10.0%) {90.0%}
3  ... 

Histogram: Net.QuicSession.NumPingsSent recorded 6 samples, mean = 0.3 (flags = 0x41)
0  ----O                                                                     (4 = 66.7%)
1  --O                                                                       (2 = 33.3%) {66.7%}
2  ... 

Histogram: Net.QuicSession.NumQueuedPacketsBeforeWrite recorded 213 samples, mean = 0.0 (flags = 0x41)
0  ------------------------------------------------------------------------O (213 = 100.0%)
1  ... 

Histogram: Net.QuicSession.NumTotalStreams recorded 6 samples, mean = 1.7 (flags = 0x41)
0  ---O                                                                      (3 = 50.0%)
1  --O                                                                       (2 = 33.3%) {50.0%}
2  ... 
7  -O                                                                        (1 = 16.7%) {83.3%}
9  ... 

Histogram: Net.QuicSession.OutOfOrderGapReceived recorded 2 samples, mean = 1.0 (flags = 0x41)
0  O                                                                         (0 = 0.0%)
1  --O                                                                       (2 = 100.0%) {0.0%}
2  ... 

Histogram: Net.QuicSession.OutOfOrderLargePacketsReceived recorded 6 samples, mean = 0.0 (flags = 0x41)
0  ------O                                                                   (6 = 100.0%)
1  ... 

Histogram: Net.QuicSession.OutOfOrderPacketsReceived recorded 6 samples, mean = 0.3 (flags = 0x41)
0  -----O                                                                    (5 = 83.3%)
1  O                                                                         (0 = 0.0%) {83.3%}
2  -O                                                                        (1 = 16.7%) {83.3%}
3  ... 

Histogram: Net.QuicSession.PacketGapReceived recorded 8 samples, mean = 1.1 (flags = 0x41)
0  O                                                                         (0 = 0.0%)
1  -------O                                                                  (7 = 87.5%) {0.0%}
2  -O                                                                        (1 = 12.5%) {87.5%}
3  ... 

Histogram: Net.QuicSession.PacketGapReceivedNearPing recorded 2 samples, mean = 1.5 (flags = 0x41)
0  O                                                                         (0 = 0.0%)
1  -O                                                                        (1 = 50.0%) {0.0%}
2  -O                                                                        (1 = 50.0%) {50.0%}
3  ... 

Histogram: Net.QuicSession.PacketLossRate_CONNECTION_WIFI recorded 2 samples, mean = 4.5 (flags = 0x41)
0  -O                                                                        (1 = 50.0%)
1  ... 
9  -O                                                                        (1 = 50.0%) {50.0%}
10 ... 

Histogram: Net.QuicSession.PacketWriteTime.Synchronous recorded 145 samples, mean = 0.0 (flags = 0x41)
0  ------------------------------------------------------------------------O (145 = 100.0%)
1  ... 

Histogram: Net.QuicSession.PacketsBeforeEcnTransition recorded 6 samples, mean = 0.0 (flags = 0x41)
0  ------O                                                                   (6 = 100.0%)
1  ... 

Histogram: Net.QuicSession.PreferAesGcm recorded 1 samples, mean = 1.0 (flags = 0x41)
0  O                                                                         (0 = 0.0%)
1  -O                                                                        (1 = 100.0%) {0.0%}
2  O                                                                         (0 = 0.0%) {100.0%}

Histogram: Net.QuicSession.Qpack.HeaderListCountWhenBlockedStreamLimited recorded 10 samples, mean = 3.8 (flags = 0x41)
0  O                                                                         (0 = 0.0%)
1  ---O                                                                      (3 = 30.0%) {0.0%}
2  -O                                                                        (1 = 10.0%) {30.0%}
3  -O                                                                        (1 = 10.0%) {40.0%}
4  -O                                                                        (1 = 10.0%) {50.0%}
5  -O                                                                        (1 = 10.0%) {60.0%}
6  -O                                                                        (1 = 10.0%) {70.0%}
7  -O                                                                        (1 = 10.0%) {80.0%}
8  -O                                                                        (1 = 10.0%) {90.0%}
9  ... 

Histogram: Net.QuicSession.Qpack.HeaderListCountWhenInsertionNotBlocked recorded 10 samples, mean = 3.8 (flags = 0x41)
0  O                                                                         (0 = 0.0%)
1  ---O                                                                      (3 = 30.0%) {0.0%}
2  -O                                                                        (1 = 10.0%) {30.0%}
3  -O                                                                        (1 = 10.0%) {40.0%}
4  -O                                                                        (1 = 10.0%) {50.0%}
5  -O                                                                        (1 = 10.0%) {60.0%}
6  -O                                                                        (1 = 10.0%) {70.0%}
7  -O                                                                        (1 = 10.0%) {80.0%}
8  -O                                                                        (1 = 10.0%) {90.0%}
9  ... 

Histogram: Net.QuicSession.QuicVersion recorded 6 samples (flags = 0x41)
80  ------O                                                                   (6 = 100.0%)

Histogram: Net.QuicSession.ReceivedSettings.BlockedStreams recorded 3 samples, mean = 100.0 (flags = 0x41)
0   ... 
95  ---O                                                                      (3 = 100.0%) {0.0%}
107 ... 

Histogram: Net.QuicSession.ReceivedSettings.CountPlusOne recorded 6 samples, mean = 5.0 (flags = 0x41)
0  ... 
3  ---O                                                                      (3 = 50.0%) {0.0%}
4  ... 
7  ---O                                                                      (3 = 50.0%) {50.0%}
8  ... 

Histogram: Net.QuicSession.ReceivedSettings.MaxHeaderListSize2 recorded 6 samples, mean = 98304.0 (flags = 0x41)
0       ... 
63662   ---O                                                                      (3 = 50.0%) {0.0%}
83848   O                                                                         (0 = 0.0%) {50.0%}
110434  ---O                                                                      (3 = 50.0%) {50.0%}
145450  ... 

Histogram: Net.QuicSession.ReceivedSettings.MaxTableCapacity2 recorded 3 samples, mean = 65536.0 (flags = 0x41)
0      ... 
63662  ---O                                                                      (3 = 100.0%) {0.0%}
83848  ... 

Histogram: Net.QuicSession.ReceivedSettings.ReservedCountPlusOne recorded 6 samples, mean = 2.0 (flags = 0x41)
0  ... 
2  ------O                                                                   (6 = 100.0%) {0.0%}
3  ... 

Histogram: Net.QuicSession.RstStreamErrorCodeClient recorded 1 samples (flags = 0x41)
6  -O                                                                        (1 = 100.0%)

Histogram: Net.QuicSession.RstStreamErrorCodeServer recorded 4 samples (flags = 0x41)
6   -O                                                                        (1 = 25.0%)
20  ---O                                                                      (3 = 75.0%)

Histogram: Net.QuicSession.SendPacketSize.0RTT recorded 2 samples, mean = 80.5 (flags = 0x41)
0   ... 
77  --O                                                                       (2 = 100.0%) {0.0%}
87  ... 

Histogram: Net.QuicSession.SendPacketSize.ForwardSecure recorded 115 samples, mean = 248.4 (flags = 0x41)
0     ... 
28    ---O                                                                      (3 = 2.6%) {0.0%}
32    -------O                                                                  (7 = 6.1%) {2.6%}
36    --O                                                                       (2 = 1.7%) {8.7%}
41    --------------------------------------------------------------------O     (68 = 59.1%) {10.4%}
47    -----O                                                                    (5 = 4.3%) {69.6%}
53    -O                                                                        (1 = 0.9%) {73.9%}
60    O                                                                         (0 = 0.0%) {74.8%}
68    --O                                                                       (2 = 1.7%) {74.8%}
77    ---O                                                                      (3 = 2.6%) {76.5%}
87    ... 
128   -O                                                                        (1 = 0.9%) {79.1%}
145   ... 
461   -O                                                                        (1 = 0.9%) {80.0%}
524   O                                                                         (0 = 0.0%) {80.9%}
595   --O                                                                       (2 = 1.7%) {80.9%}
676   --O                                                                       (2 = 1.7%) {82.6%}
768   --O                                                                       (2 = 1.7%) {84.3%}
872   -O                                                                        (1 = 0.9%) {86.1%}
991   -O                                                                        (1 = 0.9%) {87.0%}
1126  --------------O                                                           (14 = 12.2%) {87.8%}
1279  ... 

Histogram: Net.QuicSession.SendPacketSize.Handshake recorded 14 samples, mean = 67.4 (flags = 0x41)
0   ... 
36  --O                                                                       (2 = 14.3%) {0.0%}
41  O                                                                         (0 = 0.0%) {14.3%}
47  ----O                                                                     (4 = 28.6%) {14.3%}
53  ... 
77  -------O                                                                  (7 = 50.0%) {42.9%}
87  -O                                                                        (1 = 7.1%) {92.9%}
99  ... 

Histogram: Net.QuicSession.SendPacketSize.Initial recorded 18 samples, mean = 761.1 (flags = 0x41)
0     ... 
41    --O                                                                       (2 = 11.1%) {0.0%}
47    ---O                                                                      (3 = 16.7%) {11.1%}
53    ... 
524   ---O                                                                      (3 = 16.7%) {27.8%}
595   -O                                                                        (1 = 5.6%) {44.4%}
676   ... 
1126  ---------O                                                                (9 = 50.0%) {50.0%}
1279  ... 

Histogram: Net.QuicSession.ServerSideMtu recorded 6 samples (flags = 0x41)
1200  ---O                                                                      (3 = 50.0%)
1250  ---O                                                                      (3 = 50.0%)

Histogram: Net.QuicSession.SmoothedRTT recorded 6 samples, mean = 33.8 (flags = 0x41)
0   ... 
10  -O                                                                        (1 = 16.7%) {0.0%}
12  -O                                                                        (1 = 16.7%) {16.7%}
14  ... 
29  --O                                                                       (2 = 33.3%) {33.3%}
34  ... 
48  -O                                                                        (1 = 16.7%) {66.7%}
57  -O                                                                        (1 = 16.7%) {83.3%}
68  ... 

Histogram: Net.QuicSession.StopSendingErrorCodeClient recorded 4 samples (flags = 0x41)
6   -O                                                                        (1 = 25.0%)
20  ---O                                                                      (3 = 75.0%)

Histogram: Net.QuicSession.StreamFlowControlBlocked recorded 2 samples, mean = 1.0 (flags = 0x41)
0  O                                                                         (0 = 0.0%)
1  --O                                                                       (2 = 100.0%) {0.0%}
2  O                                                                         (0 = 0.0%) {100.0%}

Histogram: Net.QuicSession.StreamFrameDuplicatedLongConnection recorded 1 samples, mean = 0.0 (flags = 0x41)
0  -O                                                                        (1 = 100.0%)
1  ... 

Histogram: Net.QuicSession.StreamFrameDuplicatedShortConnection recorded 2 samples, mean = 0.0 (flags = 0x41)
0  --O                                                                       (2 = 100.0%)
1  ... 

Histogram: Net.QuicSession.TimeFromResolveHostToConfirmConnection recorded 6 samples, mean = 187.2 (flags = 0x41)
0    --O                                                                       (2 = 33.3%)
1    ... 
17   -O                                                                        (1 = 16.7%) {33.3%}
20   ... 
96   -O                                                                        (1 = 16.7%) {50.0%}
114  ... 
318  -O                                                                        (1 = 16.7%) {66.7%}
378  ... 
633  -O                                                                        (1 = 16.7%) {83.3%}
752  ... 

Histogram: Net.QuicSession.TooManyOpenStreams recorded 10 samples, mean = 0.0 (flags = 0x41)
0  ----------O                                                               (10 = 100.0%)
1  ... 

Histogram: Net.QuicSession.TooSmallInitialSentPacket recorded 10 samples, mean = 827.5 (flags = 0x41)
0     ... 
5     -O                                                                        (1 = 10.0%) {0.0%}
6     ... 
571   ---O                                                                      (3 = 30.0%) {10.0%}
646   -O                                                                        (1 = 10.0%) {40.0%}
731   ... 
1060  -----O                                                                    (5 = 50.0%) {50.0%}
1200  O                                                                         (0 = 0.0%) {100.0%}

Histogram: Net.QuicSession.UndecryptablePacketsReceived recorded 6 samples, mean = 0.8 (flags = 0x41)
0  ----O                                                                     (4 = 66.7%)
1  O                                                                         (0 = 0.0%) {66.7%}
2  -O                                                                        (1 = 16.7%) {66.7%}
3  -O                                                                        (1 = 16.7%) {83.3%}
4  ... 

Histogram: Net.QuicSession.UndecryptablePacketsReceivedWithDecrypter recorded 6 samples, mean = 0.0 (flags = 0x41)
0  ------O                                                                   (6 = 100.0%)
1  ... 

Histogram: Net.QuicSession.ValidConnectionTime recorded 2 samples, mean = 0.0 (flags = 0x41)
0  --O                                                                       (2 = 100.0%)
1  ... 

Histogram: Net.QuicSession.VerifyProofTime recorded 6 samples, mean = 135.2 (flags = 0x41)
0    ----O                                                                     (4 = 66.7%)
1    ... 
114  -O                                                                        (1 = 16.7%) {66.7%}
135  ... 
633  -O                                                                        (1 = 16.7%) {83.3%}
752  ... 

Histogram: Net.QuicSession.VerifyProofTime.google recorded 3 samples, mean = 226.7 (flags = 0x41)
0    --O                                                                       (2 = 66.7%)
1    ... 
633  -O                                                                        (1 = 33.3%) {66.7%}
752  ... 

Histogram: Net.QuicSession.ZeroRttReason recorded 6 samples, mean = 4.0 (flags = 0x41)
0  ... 
2  --O                                                                       (2 = 33.3%) {0.0%}
3  ... 
5  ----O                                                                     (4 = 66.7%) {33.3%}
6  ... 

Histogram: Net.QuicSession.ZeroRttReasonGoogle recorded 3 samples, mean = 3.0 (flags = 0x41)
0  ... 
2  --O                                                                       (2 = 66.7%) {0.0%}
3  ... 
5  -O                                                                        (1 = 33.3%) {66.7%}
6  ... 

Histogram: Net.QuicSession.ZeroRttReasonNonGoogle recorded 3 samples, mean = 5.0 (flags = 0x41)
0  ... 
5  ---O                                                                      (3 = 100.0%) {0.0%}
6  ... 

Histogram: Net.QuicSession.ZeroRttState recorded 6 samples, mean = 1.3 (flags = 0x41)
0  --O                                                                       (2 = 33.3%)
1  O                                                                         (0 = 0.0%) {33.3%}
2  ----O                                                                     (4 = 66.7%) {33.3%}
3  O                                                                         (0 = 0.0%) {100.0%}

Histogram: Net.RestrictedCookieManager.GetCookiesString.Count30Seconds recorded 17 samples, mean = 0.1 (flags = 0x41)
0  ----------------O                                                         (16 = 94.1%)
1  O                                                                         (0 = 0.0%) {94.1%}
2  -O                                                                        (1 = 5.9%) {94.1%}
3  ... 

Histogram: Net.RestrictedCookieManager.PartitionedCookiesInScript recorded 2 samples, mean = 0.0 (flags = 0x41)
0  --O                                                                       (2 = 100.0%)
1  ... 

Histogram: Net.RestrictedCookieManager.SiteForCookiesOK recorded 3 samples, mean = 1.0 (flags = 0x41)
0  O                                                                         (0 = 0.0%)
1  ---O                                                                      (3 = 100.0%) {0.0%}
2  O                                                                         (0 = 0.0%) {100.0%}

Histogram: Net.RestrictedCookieManager.TopFrameOriginOK recorded 3 samples, mean = 1.0 (flags = 0x41)
0  O                                                                         (0 = 0.0%)
1  ---O                                                                      (3 = 100.0%) {0.0%}
2  O                                                                         (0 = 0.0%) {100.0%}

Histogram: Net.SSLHandshakeDetails recorded 8 samples, mean = 6.1 (flags = 0x41)
0  ... 
6  -------O                                                                  (7 = 87.5%) {0.0%}
7  -O                                                                        (1 = 12.5%) {87.5%}
8  ... 

Histogram: Net.SSLNegotiatedAlpnProtocol recorded 8 samples, mean = 1.9 (flags = 0x41)
0  O                                                                         (0 = 0.0%)
1  -O                                                                        (1 = 12.5%) {0.0%}
2  -------O                                                                  (7 = 87.5%) {12.5%}
3  ... 

Histogram: Net.SSLRenegotiationInfoSupported recorded 8 samples, mean = 1.0 (flags = 0x41)
0  O                                                                         (0 = 0.0%)
1  --------O                                                                 (8 = 100.0%) {0.0%}
2  O                                                                         (0 = 0.0%) {100.0%}

Histogram: Net.SSLSignatureAlgorithm recorded 8 samples (flags = 0x41)
1027  -------O                                                                  (7 = 87.5%)
2052  -O                                                                        (1 = 12.5%)

Histogram: Net.SSLVersion recorded 8 samples, mean = 6.0 (flags = 0x41)
0  ... 
6  --------O                                                                 (8 = 100.0%) {0.0%}
7  ... 

Histogram: Net.SSL_CipherSuite recorded 8 samples (flags = 0x41)
4865  -------O                                                                  (7 = 87.5%)
4866  -O                                                                        (1 = 12.5%)

Histogram: Net.SSL_Connection_Error recorded 8 samples (flags = 0x41)
0  --------O                                                                 (8 = 100.0%)

Histogram: Net.SSL_Connection_Latency_2 recorded 8 samples, mean = 1554.8 (flags = 0x41)
0     ... 
19    -O                                                                        (1 = 12.5%) {0.0%}
21    -O                                                                        (1 = 12.5%) {12.5%}
23    ... 
122   -O                                                                        (1 = 12.5%) {25.0%}
135   ... 
440   -O                                                                        (1 = 12.5%) {37.5%}
485   O                                                                         (0 = 0.0%) {50.0%}
535   -O                                                                        (1 = 12.5%) {50.0%}
590   ... 
1429  -O                                                                        (1 = 12.5%) {62.5%}
1577  ... 
2337  -O                                                                        (1 = 12.5%) {75.0%}
2579  ... 
6896  -O                                                                        (1 = 12.5%) {87.5%}
7609  ... 

Histogram: Net.SSL_KeyExchange.ECDHE recorded 8 samples (flags = 0x41)
29     ---O                                                                      (3 = 37.5%)
25497  -----O                                                                    (5 = 62.5%)

Histogram: Net.SharedDictionaryStorageOnDisk.IsMetadataReadyOnFirstUse recorded 1 samples, mean = 1.0 (flags = 0x41)
0  O                                                                         (0 = 0.0%)
1  -O                                                                        (1 = 100.0%) {0.0%}
2  O                                                                         (0 = 0.0%) {100.0%}

Histogram: Net.SharedDictionaryStorageOnDisk.MetadataReadTime.Empty recorded 1 samples, mean = 20.0 (flags = 0x41)
0   ... 
20  -O                                                                        (1 = 100.0%) {0.0%}
24  ... 

Histogram: Net.SharedDictionaryStore.DeleteExpiredDictionaries.Error recorded 2 samples, mean = 0.0 (flags = 0x41)
0  --O                                                                       (2 = 100.0%)
1  ... 

Histogram: Net.SharedDictionaryStore.GetDictionaries.Error recorded 1 samples, mean = 0.0 (flags = 0x41)
0  -O                                                                        (1 = 100.0%)
1  ... 

Histogram: Net.SharedDictionaryStore.ProcessEviction.Error recorded 1 samples, mean = 0.0 (flags = 0x41)
0  -O                                                                        (1 = 100.0%)
1  ... 

Histogram: Net.SpdyFrameStreamAndSessionFlowControlState recorded 2 samples, mean = 0.0 (flags = 0x41)
0  --O                                                                       (2 = 100.0%)
1  ... 

Histogram: Net.SpdyHeadersCompressionPercentage recorded 4 samples, mean = 42.0 (flags = 0x41)
0   ... 
39  -O                                                                        (1 = 25.0%) {0.0%}
40  -O                                                                        (1 = 25.0%) {25.0%}
41  ... 
44  -O                                                                        (1 = 25.0%) {50.0%}
45  -O                                                                        (1 = 25.0%) {75.0%}
46  ... 

Histogram: Net.SpdyResponseCode recorded 4 samples (flags = 0x41)
200  --O                                                                       (2 = 50.0%)
304  -O                                                                        (1 = 25.0%)
403  -O                                                                        (1 = 25.0%)

Histogram: Net.SpdySession.AcceptChForOrigin recorded 4 samples, mean = 0.5 (flags = 0x41)
0  --O                                                                       (2 = 50.0%)
1  --O                                                                       (2 = 50.0%) {50.0%}
2  O                                                                         (0 = 0.0%) {100.0%}

Histogram: Net.SpdySession.AlpsAcceptChEntries recorded 2 samples, mean = 1.0 (flags = 0x41)
0  O                                                                         (0 = 0.0%)
1  --O                                                                       (2 = 100.0%) {0.0%}
2  ... 

Histogram: Net.SpdySession.AlpsDecoderStatus recorded 2 samples, mean = 0.0 (flags = 0x41)
0  --O                                                                       (2 = 100.0%)
1  ... 

Histogram: Net.SpdySession.AlpsDecoderStatus.Bypassed recorded 2 samples, mean = 0.0 (flags = 0x41)
0  --O                                                                       (2 = 100.0%)
1  ... 

Histogram: Net.SpdySession.AlpsSettingParameterCount recorded 2 samples, mean = 0.0 (flags = 0x41)
0  --O                                                                       (2 = 100.0%)
1  ... 

Histogram: Net.SpdySession.ClosedOnError recorded 4 samples (flags = 0x41)
0  ----O                                                                     (4 = 100.0%)

Histogram: Net.SpdySession.CreateStreamWithSocketConnected recorded 4 samples, mean = 1.0 (flags = 0x41)
0  O                                                                         (0 = 0.0%)
1  ----O                                                                     (4 = 100.0%) {0.0%}
2  O                                                                         (0 = 0.0%) {100.0%}

Histogram: Net.SpdySession.OnSettings.ActiveStreamCount2 recorded 4 samples, mean = 0.2 (flags = 0x41)
0  ---O                                                                      (3 = 75.0%)
1  -O                                                                        (1 = 25.0%) {75.0%}
2  ... 

Histogram: Net.SpdySession.OnSettings.CreatedAndActiveStreamCount2 recorded 4 samples, mean = 0.2 (flags = 0x41)
0  ---O                                                                      (3 = 75.0%)
1  -O                                                                        (1 = 25.0%) {75.0%}
2  ... 

Histogram: Net.SpdySession.OnSettings.CreatedStreamCount2 recorded 4 samples, mean = 0.0 (flags = 0x41)
0  ----O                                                                     (4 = 100.0%)
1  ... 

Histogram: Net.SpdySession.OnSettings.PendingStreamCount2 recorded 4 samples, mean = 0.0 (flags = 0x41)
0  ----O                                                                     (4 = 100.0%)
1  ... 

Histogram: Net.SpdySession.ServerSupportsWebSocket recorded 4 samples, mean = 0.0 (flags = 0x41)
0  ----O                                                                     (4 = 100.0%)
1  ... 

Histogram: Net.SpdySessionGet recorded 4 samples, mean = 3.0 (flags = 0x41)
0  ... 
3  ----O                                                                     (4 = 100.0%) {0.0%}
4  O                                                                         (0 = 0.0%) {100.0%}

Histogram: Net.SpdyStreamsAbandonedPerSession recorded 4 samples, mean = 0.0 (flags = 0x41)
0  ----O                                                                     (4 = 100.0%)
1  ... 

Histogram: Net.SpdyStreamsPerSession recorded 4 samples, mean = 1.0 (flags = 0x41)
0  O                                                                         (0 = 0.0%)
1  ----O                                                                     (4 = 100.0%) {0.0%}
2  ... 

Histogram: Net.TCP_Connection_Latency recorded 8 samples, mean = 28.0 (flags = 0x41)
0   ... 
3   -O                                                                        (1 = 12.5%) {0.0%}
4   ---O                                                                      (3 = 37.5%) {12.5%}
5   ... 
18  -O                                                                        (1 = 12.5%) {50.0%}
20  ... 
54  --O                                                                       (2 = 25.0%) {62.5%}
61  O                                                                         (0 = 0.0%) {87.5%}
69  -O                                                                        (1 = 12.5%) {87.5%}
78  ... 

Histogram: Net.TcpConnectAttempt.Latency.Success recorded 8 samples, mean = 27.9 (flags = 0x41)
0   ----O                                                                     (4 = 50.0%)
10  ... 
18  -O                                                                        (1 = 12.5%) {50.0%}
22  ... 
50  --O                                                                       (2 = 25.0%) {62.5%}
61  O                                                                         (0 = 0.0%) {87.5%}
75  -O                                                                        (1 = 12.5%) {87.5%}
92  ... 

Histogram: Net.UDPSocketWinClose recorded 54 samples, mean = 0.0 (flags = 0x41)
0  ------------------------------------------------------O                   (54 = 100.0%)
1  ... 

Histogram: Net.URLLoaderThrottle.OnReceiveResponseTime recorded 59 samples, mean = 2.9 (flags = 0x41)
0    -------------------------------------------------------O                  (55 = 93.2%)
1    O                                                                         (0 = 0.0%) {93.2%}
2    -O                                                                        (1 = 1.7%) {93.2%}
3    ... 
14   -O                                                                        (1 = 1.7%) {94.9%}
17   ... 
29   -O                                                                        (1 = 1.7%) {96.6%}
34   ... 
114  -O                                                                        (1 = 1.7%) {98.3%}
135  ... 

Histogram: Net.URLLoaderThrottleExecutionTime.BeforeWillProcessResponse recorded 298 samples, mean = 0.0 (flags = 0x41)
0  ------------------------------------------------------------------------O (298 = 100.0%)
1  ... 

Histogram: Net.URLLoaderThrottleExecutionTime.WillProcessResponse recorded 298 samples, mean = 0.0 (flags = 0x41)
0  ------------------------------------------------------------------------O (298 = 100.0%)
1  ... 

Histogram: Net.URLLoaderThrottleExecutionTime.WillRedirectRequest recorded 32 samples, mean = 0.0 (flags = 0x41)
0  --------------------------------O                                         (32 = 100.0%)
1  ... 

Histogram: Net.URLLoaderThrottleExecutionTime.WillStartRequest recorded 298 samples, mean = 0.2 (flags = 0x41)
0   ------------------------------------------------------------------------O (296 = 99.3%)
1   ... 
7   O                                                                         (1 = 0.3%) {99.3%}
8   ... 
40  O                                                                         (1 = 0.3%) {99.7%}
48  ... 

Histogram: Net.URLRequest.ReferrerHasInformativePath.CrossOrigin recorded 54 samples, mean = 0.0 (flags = 0x41)
0  ------------------------------------------------------O                   (54 = 100.0%)
1  ... 

Histogram: Net.URLRequest.ReferrerHasInformativePath.SameOrigin recorded 11 samples, mean = 1.0 (flags = 0x41)
0  O                                                                         (0 = 0.0%)
1  -----------O                                                              (11 = 100.0%) {0.0%}
2  O                                                                         (0 = 0.0%) {100.0%}

Histogram: Net.URLRequest.ReferrerPolicyForRequest.CrossOrigin recorded 54 samples, mean = 1.1 (flags = 0x41)
0  O                                                                         (0 = 0.0%)
1  ----------------------------------------------------O                     (52 = 96.3%) {0.0%}
2  O                                                                         (0 = 0.0%) {96.3%}
3  --O                                                                       (2 = 3.7%) {96.3%}
4  ... 

Histogram: Net.URLRequest.ReferrerPolicyForRequest.SameOrigin recorded 11 samples, mean = 1.0 (flags = 0x41)
0  O                                                                         (0 = 0.0%)
1  -----------O                                                              (11 = 100.0%) {0.0%}
2  ... 

Histogram: Network.Mdns.Googlecast recorded 27 samples, mean = 0.0 (flags = 0x41)
0  ---------------------------O                                              (27 = 100.0%)
1  ... 

Histogram: NetworkService.DeletedOldCacheData recorded 1 samples, mean = 0.0 (flags = 0x41)
0  -O                                                                        (1 = 100.0%)
1  ... 

Histogram: NetworkService.GrantSandboxResult recorded 3 samples, mean = 9.0 (flags = 0x41)
0   ... 
7   -O                                                                        (1 = 33.3%) {0.0%}
8   ... 
10  --O                                                                       (2 = 66.7%) {33.3%}
11  ... 

Histogram: NetworkService.NetworkLoaderCompletionTime2.DiskCache recorded 50 samples, mean = 26.0 (flags = 0x41)
0    O                                                                         (0 = 0.0%)
1    -----O                                                                    (5 = 10.0%) {0.0%}
2    ---O                                                                      (3 = 6.0%) {10.0%}
3    ----O                                                                     (4 = 8.0%) {16.0%}
4    ---O                                                                      (3 = 6.0%) {24.0%}
5    -O                                                                        (1 = 2.0%) {30.0%}
6    -O                                                                        (1 = 2.0%) {32.0%}
7    ----O                                                                     (4 = 8.0%) {34.0%}
8    -----------------O                                                        (17 = 34.0%) {42.0%}
10   ... 
14   ----O                                                                     (4 = 8.0%) {76.0%}
17   ... 
29   -----O                                                                    (5 = 10.0%) {84.0%}
34   ... 
48   -O                                                                        (1 = 2.0%) {94.0%}
57   ... 
114  -O                                                                        (1 = 2.0%) {96.0%}
135  ... 
633  -O                                                                        (1 = 2.0%) {98.0%}
752  ... 

Histogram: NetworkService.NetworkLoaderCompletionTime2.Network recorded 11 samples, mean = 1132.8 (flags = 0x41)
0     ... 
14    -O                                                                        (1 = 9.1%) {0.0%}
17    ... 
48    --O                                                                       (2 = 18.2%) {9.1%}
57    --O                                                                       (2 = 18.2%) {27.3%}
68    ... 
96    --O                                                                       (2 = 18.2%) {45.5%}
114   ... 
449   -O                                                                        (1 = 9.1%) {63.6%}
533   O                                                                         (0 = 0.0%) {72.7%}
633   -O                                                                        (1 = 9.1%) {72.7%}
752   ... 
2990  -O                                                                        (1 = 9.1%) {81.8%}
3553  ... 
7083  -O                                                                        (1 = 9.1%) {90.9%}
8416  ... 

Histogram: NetworkService.TimeToGrantCacheAccess recorded 1 samples, mean = 2.0 (flags = 0x41)
0  ... 
2  -O                                                                        (1 = 100.0%) {0.0%}
3  ... 

Histogram: NetworkService.TimeToGrantDataAccess recorded 2 samples, mean = 0.5 (flags = 0x41)
0  -O                                                                        (1 = 50.0%)
1  -O                                                                        (1 = 50.0%) {50.0%}
2  ... 

Histogram: NetworkService.TimeToGrantSharedDictionaryAccess recorded 1 samples, mean = 0.0 (flags = 0x41)
0  -O                                                                        (1 = 100.0%)
1  ... 

Histogram: NetworkedProfile.Check recorded 1 samples, mean = 4.0 (flags = 0x41)
0  ... 
4  -O                                                                        (1 = 100.0%) {0.0%}
5  ... 

Histogram: NewTabPage.MostVisited.DeciScore.0.Local recorded 1 samples, mean = 203.0 (flags = 0x41)
0    ... 
196  -O                                                                        (1 = 100.0%) {0.0%}
258  ... 

Histogram: NewTabPage.MostVisited.DeciScore.1.Local recorded 1 samples, mean = 203.0 (flags = 0x41)
0    ... 
196  -O                                                                        (1 = 100.0%) {0.0%}
258  ... 

Histogram: Notifications.UsingSystemNotificationCenter recorded 1 samples, mean = 0.0 (flags = 0x41)
0  -O                                                                        (1 = 100.0%)
1  ... 

Histogram: Notifications.Windows.GetDisplayedStatus recorded 1 samples, mean = 0.0 (flags = 0x41)
0  -O                                                                        (1 = 100.0%)
1  ... 

Histogram: Notifications.Windows.GetSettingStatusStartup recorded 1 samples, mean = 1.0 (flags = 0x41)
0  O                                                                         (0 = 0.0%)
1  -O                                                                        (1 = 100.0%) {0.0%}
2  O                                                                         (0 = 0.0%) {100.0%}

Histogram: Notifications.Windows.HistoryStatus recorded 1 samples, mean = 0.0 (flags = 0x41)
0  -O                                                                        (1 = 100.0%)
1  ... 

Histogram: Notifications.Windows.SetReadyCallbackStatus2 recorded 1 samples, mean = 3.0 (flags = 0x41)
0  ... 
3  -O                                                                        (1 = 100.0%) {0.0%}
4  ... 

Histogram: Notifications.Windows.StartMenuShortcutStatus recorded 1 samples, mean = 2.0 (flags = 0x41)
0  ... 
2  -O                                                                        (1 = 100.0%) {0.0%}
3  ... 

Histogram: OSCrypt.AppBoundEncryption.SupportLevel recorded 1 samples, mean = 1.0 (flags = 0x41)
0  O                                                                         (0 = 0.0%)
1  -O                                                                        (1 = 100.0%) {0.0%}
2  ... 

Histogram: OSCrypt.AppBoundProvider.KeyRetrieval.Status recorded 1 samples, mean = 1.0 (flags = 0x41)
0  O                                                                         (0 = 0.0%)
1  -O                                                                        (1 = 100.0%) {0.0%}
2  ... 

Histogram: OSCrypt.AsyncInitialization.Result recorded 1 samples, mean = 1.0 (flags = 0x41)
0  O                                                                         (0 = 0.0%)
1  -O                                                                        (1 = 100.0%) {0.0%}
2  O                                                                         (0 = 0.0%) {100.0%}

Histogram: OSCrypt.AsyncInitialization.Time recorded 1 samples, mean = 0.0 (flags = 0x41)
0  -O                                                                        (1 = 100.0%)
1  ... 

Histogram: OSCrypt.DPAPIProvider.Status recorded 1 samples, mean = 0.0 (flags = 0x41)
0  -O                                                                        (1 = 100.0%)
1  ... 

Histogram: OSCrypt.Win.Decrypt.Result recorded 1 samples, mean = 0.0 (flags = 0x41)
0  -O                                                                        (1 = 100.0%)
1  ... 

Histogram: OSCrypt.Win.Decrypt.Time recorded 1 samples, mean = 0.0 (flags = 0x41)
0  -O                                                                        (1 = 100.0%)
1  ... 

Histogram: OSCrypt.Win.Encrypt.Result recorded 1 samples, mean = 1.0 (flags = 0x41)
0  O                                                                         (0 = 0.0%)
1  -O                                                                        (1 = 100.0%) {0.0%}
2  O                                                                         (0 = 0.0%) {100.0%}

Histogram: OSCrypt.Win.Encrypt.Time recorded 1 samples, mean = 0.0 (flags = 0x41)
0  -O                                                                        (1 = 100.0%)
1  ... 

Histogram: OSCrypt.Win.KeyDecryptionError recorded 1 samples (flags = 0x41)
-2146893813-O                                                                        (1 = 100.0%)

Histogram: Omnibox.TemplateUrl.RlzPresent recorded 22 samples, mean = 0.0 (flags = 0x41)
0  ----------------------O                                                   (22 = 100.0%)
1  ... 

Histogram: Omnibox.TemplateUrl.SearchClientPresent recorded 22 samples, mean = 0.0 (flags = 0x41)
0  ----------------------O                                                   (22 = 100.0%)
1  ... 

Histogram: OptimizationGuide.ApplyDecision.AboutThisSite recorded 1 samples, mean = 8.0 (flags = 0x41)
0  ... 
8  -O                                                                        (1 = 100.0%) {0.0%}
9  ... 

Histogram: OptimizationGuide.ApplyDecision.HistoryClusters recorded 5 samples, mean = 8.0 (flags = 0x41)
0  ... 
8  -----O                                                                    (5 = 100.0%) {0.0%}
9  ... 

Histogram: OptimizationGuide.ApplyDecision.PageEntities recorded 5 samples, mean = 8.0 (flags = 0x41)
0  ... 
8  -----O                                                                    (5 = 100.0%) {0.0%}
9  ... 

Histogram: OptimizationGuide.ApplyDecision.PriceInsights recorded 2 samples, mean = 10.0 (flags = 0x41)
0   ... 
8   -O                                                                        (1 = 50.0%) {0.0%}
9   ... 
12  -O                                                                        (1 = 50.0%) {50.0%}
13  O                                                                         (0 = 0.0%) {100.0%}

Histogram: OptimizationGuide.ApplyDecision.PriceTracking recorded 2 samples, mean = 10.0 (flags = 0x41)
0   ... 
8   -O                                                                        (1 = 50.0%) {0.0%}
9   ... 
12  -O                                                                        (1 = 50.0%) {50.0%}
13  O                                                                         (0 = 0.0%) {100.0%}

Histogram: OptimizationGuide.ApplyDecision.SalientImage recorded 5 samples, mean = 8.0 (flags = 0x41)
0  ... 
8  -----O                                                                    (5 = 100.0%) {0.0%}
9  ... 

Histogram: OptimizationGuide.ApplyDecision.V8CompileHints recorded 1 samples, mean = 8.0 (flags = 0x41)
0  ... 
8  -O                                                                        (1 = 100.0%) {0.0%}
9  ... 

Histogram: OptimizationGuide.HintCacheLevelDBStore.Status recorded 3 samples, mean = 1.3 (flags = 0x41)
0  -O                                                                        (1 = 33.3%)
1  -O                                                                        (1 = 33.3%) {33.3%}
2  O                                                                         (0 = 0.0%) {66.7%}
3  -O                                                                        (1 = 33.3%) {66.7%}
4  O                                                                         (0 = 0.0%) {100.0%}

Histogram: OptimizationGuide.HintsManager.HintCacheInitialized recorded 1 samples, mean = 1.0 (flags = 0x40)
0  O                                                                         (0 = 0.0%)
1  -O                                                                        (1 = 100.0%) {0.0%}
2  O                                                                         (0 = 0.0%) {100.0%}

Histogram: OptimizationGuide.LoadedHint.Result recorded 5 samples, mean = 0.0 (flags = 0x40)
0  -----O                                                                    (5 = 100.0%)
1  ... 

Histogram: OptimizationGuide.ModelExecution.FeatureCurrentlyEnabledResult.Compose recorded 1 samples, mean = 1.0 (flags = 0x41)
0  O                                                                         (0 = 0.0%)
1  -O                                                                        (1 = 100.0%) {0.0%}
2  ... 

Histogram: OptimizationGuide.ModelExecution.FeatureCurrentlyEnabledResult.HistorySearch recorded 2 samples, mean = 3.0 (flags = 0x41)
0  ... 
3  --O                                                                       (2 = 100.0%) {0.0%}
4  ... 

Histogram: OptimizationGuide.ModelExecution.FeatureCurrentlyEnabledResult.TabOrganization recorded 1 samples, mean = 3.0 (flags = 0x41)
0  ... 
3  -O                                                                        (1 = 100.0%) {0.0%}
4  ... 

Histogram: OptimizationGuide.ModelExecution.FeatureCurrentlyEnabledResult.WallpaperSearch recorded 1 samples, mean = 1.0 (flags = 0x41)
0  O                                                                         (0 = 0.0%)
1  -O                                                                        (1 = 100.0%) {0.0%}
2  ... 

Histogram: OptimizationGuide.ModelExecution.FeatureEnabledAtStartup.Compose recorded 1 samples, mean = 0.0 (flags = 0x41)
0  -O                                                                        (1 = 100.0%)
1  ... 

Histogram: OptimizationGuide.ModelExecution.FeatureEnabledAtStartup.HistorySearch recorded 1 samples, mean = 0.0 (flags = 0x41)
0  -O                                                                        (1 = 100.0%)
1  ... 

Histogram: OptimizationGuide.ModelExecution.FeatureEnabledAtStartup.TabOrganization recorded 1 samples, mean = 0.0 (flags = 0x41)
0  -O                                                                        (1 = 100.0%)
1  ... 

Histogram: OptimizationGuide.ModelExecution.FeatureEnabledAtStartup.WallpaperSearch recorded 1 samples, mean = 0.0 (flags = 0x41)
0  -O                                                                        (1 = 100.0%)
1  ... 

Histogram: OptimizationGuide.ModelExecution.OnDeviceModelInstallCriteria.AtRegistration.All recorded 1 samples, mean = 0.0 (flags = 0x41)
0  -O                                                                        (1 = 100.0%)
1  ... 

Histogram: OptimizationGuide.ModelExecution.OnDeviceModelInstallCriteria.AtRegistration.DeviceCapability recorded 1 samples, mean = 0.0 (flags = 0x41)
0  -O                                                                        (1 = 100.0%)
1  ... 

Histogram: OptimizationGuide.ModelExecution.OnDeviceModelInstallCriteria.AtRegistration.DiskSpace recorded 1 samples, mean = 1.0 (flags = 0x41)
0  O                                                                         (0 = 0.0%)
1  -O                                                                        (1 = 100.0%) {0.0%}
2  O                                                                         (0 = 0.0%) {100.0%}

Histogram: OptimizationGuide.ModelExecution.OnDeviceModelInstallCriteria.AtRegistration.EnabledByEnterprisePolicy recorded 1 samples, mean = 1.0 (flags = 0x41)
0  O                                                                         (0 = 0.0%)
1  -O                                                                        (1 = 100.0%) {0.0%}
2  O                                                                         (0 = 0.0%) {100.0%}

Histogram: OptimizationGuide.ModelExecution.OnDeviceModelInstallCriteria.AtRegistration.EnabledByFeature recorded 1 samples, mean = 0.0 (flags = 0x41)
0  -O                                                                        (1 = 100.0%)
1  ... 

Histogram: OptimizationGuide.ModelExecution.OnDeviceModelInstallCriteria.AtRegistration.FeatureUse recorded 1 samples, mean = 0.0 (flags = 0x41)
0  -O                                                                        (1 = 100.0%)
1  ... 

Histogram: OptimizationGuide.ModelExecutor.ExecutionStatus.PageVisibility recorded 5 samples, mean = 3.0 (flags = 0x41)
0  ... 
3  -----O                                                                    (5 = 100.0%) {0.0%}
4  ... 

Histogram: OptimizationGuide.ModelExecutor.ModelAvailableToLoad.PageVisibility recorded 5 samples, mean = 0.0 (flags = 0x41)
0  -----O                                                                    (5 = 100.0%)
1  ... 

Histogram: OptimizationGuide.ModelExecutor.TaskExecutionLatency.PageVisibility recorded 5 samples, mean = 311.0 (flags = 0x41)
0    ... 
280  -----O                                                                    (5 = 100.0%) {0.0%}
356  ... 

Histogram: OptimizationGuide.ModelExecutor.TaskSchedulingLatency.PageVisibility recorded 5 samples, mean = 0.0 (flags = 0x41)
0  -----O                                                                    (5 = 100.0%)
1  ... 

Histogram: OptimizationGuide.ModelHandler.HandlerCreated.GeolocationPermissions recorded 1 samples, mean = 1.0 (flags = 0x41)
0  O                                                                         (0 = 0.0%)
1  -O                                                                        (1 = 100.0%) {0.0%}
2  O                                                                         (0 = 0.0%) {100.0%}

Histogram: OptimizationGuide.ModelHandler.HandlerCreated.NewTabPageHistoryClustersModuleRanking recorded 1 samples, mean = 1.0 (flags = 0x41)
0  O                                                                         (0 = 0.0%)
1  -O                                                                        (1 = 100.0%) {0.0%}
2  O                                                                         (0 = 0.0%) {100.0%}

Histogram: OptimizationGuide.ModelHandler.HandlerCreated.NotificationPermissions recorded 1 samples, mean = 1.0 (flags = 0x41)
0  O                                                                         (0 = 0.0%)
1  -O                                                                        (1 = 100.0%) {0.0%}
2  O                                                                         (0 = 0.0%) {100.0%}

Histogram: OptimizationGuide.ModelHandler.HandlerCreated.OmniboxUrlScoring recorded 1 samples, mean = 1.0 (flags = 0x41)
0  O                                                                         (0 = 0.0%)
1  -O                                                                        (1 = 100.0%) {0.0%}
2  O                                                                         (0 = 0.0%) {100.0%}

Histogram: OptimizationGuide.ModelHandler.HandlerCreated.PageTopicsV2 recorded 1 samples, mean = 1.0 (flags = 0x41)
0  O                                                                         (0 = 0.0%)
1  -O                                                                        (1 = 100.0%) {0.0%}
2  O                                                                         (0 = 0.0%) {100.0%}

Histogram: OptimizationGuide.ModelHandler.HandlerCreated.PageVisibility recorded 1 samples, mean = 1.0 (flags = 0x41)
0  O                                                                         (0 = 0.0%)
1  -O                                                                        (1 = 100.0%) {0.0%}
2  O                                                                         (0 = 0.0%) {100.0%}

Histogram: OptimizationGuide.PageContentAnnotations.AnnotateVisitResultCached recorded 5 samples, mean = 0.0 (flags = 0x41)
0  -----O                                                                    (5 = 100.0%)
1  ... 

Histogram: OptimizationGuide.PageContentAnnotations.BatchRequestedSize.ContentVisibility recorded 1 samples, mean = 5.0 (flags = 0x41)
0  ... 
5  -O                                                                        (1 = 100.0%) {0.0%}
6  ... 

Histogram: OptimizationGuide.PageContentAnnotations.BatchSuccess.ContentVisibility recorded 1 samples, mean = 0.0 (flags = 0x41)
0  -O                                                                        (1 = 100.0%)
1  ... 

Histogram: OptimizationGuide.PageContentAnnotations.JobExecutionTime.ContentVisibility recorded 1 samples, mean = 311.0 (flags = 0x41)
0    ... 
280  -O                                                                        (1 = 100.0%) {0.0%}
356  ... 

Histogram: OptimizationGuide.PageContentAnnotations.JobScheduleTime.ContentVisibility recorded 1 samples, mean = 5.0 (flags = 0x41)
0  ... 
5  -O                                                                        (1 = 100.0%) {0.0%}
6  ... 

Histogram: OptimizationGuide.PageContentAnnotationsService.ContentAnnotated recorded 5 samples, mean = 0.0 (flags = 0x41)
0  -----O                                                                    (5 = 100.0%)
1  ... 

Histogram: OptimizationGuide.PredictionManager.DownloadServiceAvailabilityBlockedFetch recorded 2 samples, mean = 0.5 (flags = 0x41)
0  -O                                                                        (1 = 50.0%)
1  -O                                                                        (1 = 50.0%) {50.0%}
2  O                                                                         (0 = 0.0%) {100.0%}

Histogram: OptimizationGuide.PredictionManager.FirstModelFetchSinceServiceInit recorded 1 samples, mean = 21611.0 (flags = 0x41)
0      ... 
20852  -O                                                                        (1 = 100.0%) {0.0%}
26495  ... 

Histogram: OptimizationGuide.PredictionManager.ModelAvailableAtRegistration.ClientSidePhishing recorded 1 samples, mean = 0.0 (flags = 0x41)
0  -O                                                                        (1 = 100.0%)
1  ... 

Histogram: OptimizationGuide.PredictionManager.ModelAvailableAtRegistration.GeolocationPermissions recorded 1 samples, mean = 0.0 (flags = 0x41)
0  -O                                                                        (1 = 100.0%)
1  ... 

Histogram: OptimizationGuide.PredictionManager.ModelAvailableAtRegistration.LanguageDetection recorded 2 samples, mean = 0.0 (flags = 0x41)
0  --O                                                                       (2 = 100.0%)
1  ... 

Histogram: OptimizationGuide.PredictionManager.ModelAvailableAtRegistration.NewTabPageHistoryClustersModuleRanking recorded 1 samples, mean = 0.0 (flags = 0x41)
0  -O                                                                        (1 = 100.0%)
1  ... 

Histogram: OptimizationGuide.PredictionManager.ModelAvailableAtRegistration.NotificationPermissions recorded 1 samples, mean = 0.0 (flags = 0x41)
0  -O                                                                        (1 = 100.0%)
1  ... 

Histogram: OptimizationGuide.PredictionManager.ModelAvailableAtRegistration.OmniboxUrlScoring recorded 1 samples, mean = 0.0 (flags = 0x41)
0  -O                                                                        (1 = 100.0%)
1  ... 

Histogram: OptimizationGuide.PredictionManager.ModelAvailableAtRegistration.PageTopicsV2 recorded 1 samples, mean = 0.0 (flags = 0x41)
0  -O                                                                        (1 = 100.0%)
1  ... 

Histogram: OptimizationGuide.PredictionManager.ModelAvailableAtRegistration.PageVisibility recorded 1 samples, mean = 0.0 (flags = 0x41)
0  -O                                                                        (1 = 100.0%)
1  ... 

Histogram: OptimizationGuide.PredictionManager.ModelAvailableAtRegistration.TextSafety recorded 1 samples, mean = 0.0 (flags = 0x41)
0  -O                                                                        (1 = 100.0%)
1  ... 

Histogram: OptimizationGuide.PredictionManager.ModelAvailableAtRegistration.VisualSearchClassification recorded 1 samples, mean = 0.0 (flags = 0x41)
0  -O                                                                        (1 = 100.0%)
1  ... 

Histogram: OptimizationGuide.PredictionManager.ModelDeliveryEvents.ClientSidePhishing recorded 3 samples, mean = 6.0 (flags = 0x41)
0  ... 
3  -O                                                                        (1 = 33.3%) {0.0%}
4  ... 
7  -O                                                                        (1 = 33.3%) {33.3%}
8  -O                                                                        (1 = 33.3%) {66.7%}
9  ... 

Histogram: OptimizationGuide.PredictionManager.ModelDeliveryEvents.GeolocationPermissions recorded 3 samples, mean = 6.0 (flags = 0x41)
0  ... 
3  -O                                                                        (1 = 33.3%) {0.0%}
4  ... 
7  -O                                                                        (1 = 33.3%) {33.3%}
8  -O                                                                        (1 = 33.3%) {66.7%}
9  ... 

Histogram: OptimizationGuide.PredictionManager.ModelDeliveryEvents.LanguageDetection recorded 3 samples, mean = 6.0 (flags = 0x41)
0  ... 
3  -O                                                                        (1 = 33.3%) {0.0%}
4  ... 
7  -O                                                                        (1 = 33.3%) {33.3%}
8  -O                                                                        (1 = 33.3%) {66.7%}
9  ... 

Histogram: OptimizationGuide.PredictionManager.ModelDeliveryEvents.NewTabPageHistoryClustersModuleRanking recorded 3 samples, mean = 6.0 (flags = 0x41)
0  ... 
3  -O                                                                        (1 = 33.3%) {0.0%}
4  ... 
7  -O                                                                        (1 = 33.3%) {33.3%}
8  -O                                                                        (1 = 33.3%) {66.7%}
9  ... 

Histogram: OptimizationGuide.PredictionManager.ModelDeliveryEvents.NotificationPermissions recorded 3 samples, mean = 6.0 (flags = 0x41)
0  ... 
3  -O                                                                        (1 = 33.3%) {0.0%}
4  ... 
7  -O                                                                        (1 = 33.3%) {33.3%}
8  -O                                                                        (1 = 33.3%) {66.7%}
9  ... 

Histogram: OptimizationGuide.PredictionManager.ModelDeliveryEvents.OmniboxUrlScoring recorded 3 samples, mean = 6.0 (flags = 0x41)
0  ... 
3  -O                                                                        (1 = 33.3%) {0.0%}
4  ... 
7  -O                                                                        (1 = 33.3%) {33.3%}
8  -O                                                                        (1 = 33.3%) {66.7%}
9  ... 

Histogram: OptimizationGuide.PredictionManager.ModelDeliveryEvents.PageTopicsV2 recorded 3 samples, mean = 6.0 (flags = 0x41)
0  ... 
3  -O                                                                        (1 = 33.3%) {0.0%}
4  ... 
7  -O                                                                        (1 = 33.3%) {33.3%}
8  -O                                                                        (1 = 33.3%) {66.7%}
9  ... 

Histogram: OptimizationGuide.PredictionManager.ModelDeliveryEvents.PageVisibility recorded 3 samples, mean = 6.0 (flags = 0x41)
0  ... 
3  -O                                                                        (1 = 33.3%) {0.0%}
4  ... 
7  -O                                                                        (1 = 33.3%) {33.3%}
8  -O                                                                        (1 = 33.3%) {66.7%}
9  ... 

Histogram: OptimizationGuide.PredictionManager.ModelDeliveryEvents.TextSafety recorded 3 samples, mean = 6.0 (flags = 0x41)
0  ... 
3  -O                                                                        (1 = 33.3%) {0.0%}
4  ... 
7  -O                                                                        (1 = 33.3%) {33.3%}
8  -O                                                                        (1 = 33.3%) {66.7%}
9  ... 

Histogram: OptimizationGuide.PredictionManager.ModelDeliveryEvents.VisualSearchClassification recorded 3 samples, mean = 6.0 (flags = 0x41)
0  ... 
3  -O                                                                        (1 = 33.3%) {0.0%}
4  ... 
7  -O                                                                        (1 = 33.3%) {33.3%}
8  -O                                                                        (1 = 33.3%) {66.7%}
9  ... 

Histogram: OptimizationGuide.PredictionManager.RegistrationTimeSinceServiceInit.ClientSidePhishing recorded 1 samples, mean = 0.0 (flags = 0x41)
0  -O                                                                        (1 = 100.0%)
1  ... 

Histogram: OptimizationGuide.PredictionManager.RegistrationTimeSinceServiceInit.GeolocationPermissions recorded 1 samples, mean = 0.0 (flags = 0x41)
0  -O                                                                        (1 = 100.0%)
1  ... 

Histogram: OptimizationGuide.PredictionManager.RegistrationTimeSinceServiceInit.LanguageDetection recorded 2 samples, mean = 394.0 (flags = 0x41)
0    -O                                                                        (1 = 50.0%)
1    ... 
729  -O                                                                        (1 = 50.0%) {50.0%}
926  ... 

Histogram: OptimizationGuide.PredictionManager.RegistrationTimeSinceServiceInit.NewTabPageHistoryClustersModuleRanking recorded 1 samples, mean = 0.0 (flags = 0x41)
0  -O                                                                        (1 = 100.0%)
1  ... 

Histogram: OptimizationGuide.PredictionManager.RegistrationTimeSinceServiceInit.NotificationPermissions recorded 1 samples, mean = 0.0 (flags = 0x41)
0  -O                                                                        (1 = 100.0%)
1  ... 

Histogram: OptimizationGuide.PredictionManager.RegistrationTimeSinceServiceInit.OmniboxUrlScoring recorded 1 samples, mean = 0.0 (flags = 0x41)
0  -O                                                                        (1 = 100.0%)
1  ... 

Histogram: OptimizationGuide.PredictionManager.RegistrationTimeSinceServiceInit.PageTopicsV2 recorded 1 samples, mean = 0.0 (flags = 0x41)
0  -O                                                                        (1 = 100.0%)
1  ... 

Histogram: OptimizationGuide.PredictionManager.RegistrationTimeSinceServiceInit.PageVisibility recorded 1 samples, mean = 0.0 (flags = 0x41)
0  -O                                                                        (1 = 100.0%)
1  ... 

Histogram: OptimizationGuide.PredictionManager.RegistrationTimeSinceServiceInit.TextSafety recorded 1 samples, mean = 0.0 (flags = 0x41)
0  -O                                                                        (1 = 100.0%)
1  ... 

Histogram: OptimizationGuide.PredictionManager.RegistrationTimeSinceServiceInit.VisualSearchClassification recorded 1 samples, mean = 0.0 (flags = 0x41)
0  -O                                                                        (1 = 100.0%)
1  ... 

Histogram: OptimizationGuide.PredictionManager.StoreInitialized recorded 1 samples, mean = 1.0 (flags = 0x40)
0  O                                                                         (0 = 0.0%)
1  -O                                                                        (1 = 100.0%) {0.0%}
2  O                                                                         (0 = 0.0%) {100.0%}

Histogram: OptimizationGuide.PredictionManager.SupportedModelEngineVersion recorded 2 samples, mean = 18.0 (flags = 0x40)
0   ... 
18  --O                                                                       (2 = 100.0%) {0.0%}
19  ... 

Histogram: OptimizationGuide.PredictionModelFetcher.GetModelsResponse.NetErrorCode recorded 1 samples (flags = 0x41)
379  -O                                                                        (1 = 100.0%)

Histogram: OptimizationGuide.PredictionModelFetcher.GetModelsResponse.NetErrorCode.ClientSidePhishing recorded 1 samples (flags = 0x41)
379  -O                                                                        (1 = 100.0%)

Histogram: OptimizationGuide.PredictionModelFetcher.GetModelsResponse.NetErrorCode.GeolocationPermissions recorded 1 samples (flags = 0x41)
379  -O                                                                        (1 = 100.0%)

Histogram: OptimizationGuide.PredictionModelFetcher.GetModelsResponse.NetErrorCode.LanguageDetection recorded 1 samples (flags = 0x41)
379  -O                                                                        (1 = 100.0%)

Histogram: OptimizationGuide.PredictionModelFetcher.GetModelsResponse.NetErrorCode.NewTabPageHistoryClustersModuleRanking recorded 1 samples (flags = 0x41)
379  -O                                                                        (1 = 100.0%)

Histogram: OptimizationGuide.PredictionModelFetcher.GetModelsResponse.NetErrorCode.NotificationPermissions recorded 1 samples (flags = 0x41)
379  -O                                                                        (1 = 100.0%)

Histogram: OptimizationGuide.PredictionModelFetcher.GetModelsResponse.NetErrorCode.OmniboxUrlScoring recorded 1 samples (flags = 0x41)
379  -O                                                                        (1 = 100.0%)

Histogram: OptimizationGuide.PredictionModelFetcher.GetModelsResponse.NetErrorCode.PageTopicsV2 recorded 1 samples (flags = 0x41)
379  -O                                                                        (1 = 100.0%)

Histogram: OptimizationGuide.PredictionModelFetcher.GetModelsResponse.NetErrorCode.PageVisibility recorded 1 samples (flags = 0x41)
379  -O                                                                        (1 = 100.0%)

Histogram: OptimizationGuide.PredictionModelFetcher.GetModelsResponse.NetErrorCode.TextSafety recorded 1 samples (flags = 0x41)
379  -O                                                                        (1 = 100.0%)

Histogram: OptimizationGuide.PredictionModelFetcher.GetModelsResponse.NetErrorCode.VisualSearchClassification recorded 1 samples (flags = 0x41)
379  -O                                                                        (1 = 100.0%)

Histogram: OptimizationGuide.PredictionModelFetcher.GetModelsResponse.Status recorded 1 samples, mean = 403.0 (flags = 0x41)
0    ... 
403  -O                                                                        (1 = 100.0%) {0.0%}
404  ... 

Histogram: OptimizationGuide.PredictionModelFetcher.GetModelsResponse.Status.ClientSidePhishing recorded 1 samples, mean = 403.0 (flags = 0x41)
0    ... 
403  -O                                                                        (1 = 100.0%) {0.0%}
404  ... 

Histogram: OptimizationGuide.PredictionModelFetcher.GetModelsResponse.Status.GeolocationPermissions recorded 1 samples, mean = 403.0 (flags = 0x41)
0    ... 
403  -O                                                                        (1 = 100.0%) {0.0%}
404  ... 

Histogram: OptimizationGuide.PredictionModelFetcher.GetModelsResponse.Status.LanguageDetection recorded 1 samples, mean = 403.0 (flags = 0x41)
0    ... 
403  -O                                                                        (1 = 100.0%) {0.0%}
404  ... 

Histogram: OptimizationGuide.PredictionModelFetcher.GetModelsResponse.Status.NewTabPageHistoryClustersModuleRanking recorded 1 samples, mean = 403.0 (flags = 0x41)
0    ... 
403  -O                                                                        (1 = 100.0%) {0.0%}
404  ... 

Histogram: OptimizationGuide.PredictionModelFetcher.GetModelsResponse.Status.NotificationPermissions recorded 1 samples, mean = 403.0 (flags = 0x41)
0    ... 
403  -O                                                                        (1 = 100.0%) {0.0%}
404  ... 

Histogram: OptimizationGuide.PredictionModelFetcher.GetModelsResponse.Status.OmniboxUrlScoring recorded 1 samples, mean = 403.0 (flags = 0x41)
0    ... 
403  -O                                                                        (1 = 100.0%) {0.0%}
404  ... 

Histogram: OptimizationGuide.PredictionModelFetcher.GetModelsResponse.Status.PageTopicsV2 recorded 1 samples, mean = 403.0 (flags = 0x41)
0    ... 
403  -O                                                                        (1 = 100.0%) {0.0%}
404  ... 

Histogram: OptimizationGuide.PredictionModelFetcher.GetModelsResponse.Status.PageVisibility recorded 1 samples, mean = 403.0 (flags = 0x41)
0    ... 
403  -O                                                                        (1 = 100.0%) {0.0%}
404  ... 

Histogram: OptimizationGuide.PredictionModelFetcher.GetModelsResponse.Status.TextSafety recorded 1 samples, mean = 403.0 (flags = 0x41)
0    ... 
403  -O                                                                        (1 = 100.0%) {0.0%}
404  ... 

Histogram: OptimizationGuide.PredictionModelFetcher.GetModelsResponse.Status.VisualSearchClassification recorded 1 samples, mean = 403.0 (flags = 0x41)
0    ... 
403  -O                                                                        (1 = 100.0%) {0.0%}
404  ... 

Histogram: OptimizationGuide.ProcessingComponentAtShutdown recorded 1 samples, mean = 0.0 (flags = 0x41)
0  -O                                                                        (1 = 100.0%)
1  ... 

Histogram: OptimizationGuide.RemoteFetchingEnabled recorded 1 samples, mean = 0.0 (flags = 0x41)
0  -O                                                                        (1 = 100.0%)
1  ... 

Histogram: OriginTrials.PersistentOriginTrial.LevelDbInitSuccess recorded 1 samples, mean = 0.0 (flags = 0x41)
0  -O                                                                        (1 = 100.0%)
1  ... 

Histogram: PageActionController.ExtensionsWithPageActions recorded 1 samples, mean = 0.0 (flags = 0x41)
0  -O                                                                        (1 = 100.0%)
1  ... 

Histogram: PageContentAnnotations.AnnotateVisit.AnnotationRequestQueued recorded 4 samples, mean = 1.0 (flags = 0x40)
0  O                                                                         (0 = 0.0%)
1  ----O                                                                     (4 = 100.0%) {0.0%}
2  O                                                                         (0 = 0.0%) {100.0%}

Histogram: PageContentAnnotations.AnnotateVisit.AnnotationRequested recorded 5 samples, mean = 1.0 (flags = 0x40)
0  O                                                                         (0 = 0.0%)
1  -----O                                                                    (5 = 100.0%) {0.0%}
2  O                                                                         (0 = 0.0%) {100.0%}

Histogram: PageContentAnnotations.AnnotateVisit.BatchAnnotationStarted recorded 1 samples, mean = 1.0 (flags = 0x40)
0  O                                                                         (0 = 0.0%)
1  -O                                                                        (1 = 100.0%) {0.0%}
2  O                                                                         (0 = 0.0%) {100.0%}

Histogram: PageLoad.Clients.Ads.AllPages.NonAdNetworkBytes recorded 1 samples, mean = 152.0 (flags = 0x41)
0    ... 
141  -O                                                                        (1 = 100.0%) {0.0%}
184  ... 

Histogram: PageLoad.Clients.Ads.AllPages.PercentNetworkBytesAds recorded 1 samples, mean = 0.0 (flags = 0x41)
0  -O                                                                        (1 = 100.0%)
1  ... 

Histogram: PageLoad.Clients.Ads.AllPages.PercentTotalBytesAds recorded 1 samples, mean = 0.0 (flags = 0x41)
0  -O                                                                        (1 = 100.0%)
1  ... 

Histogram: PageLoad.Clients.Ads.AverageViewportAdDensity recorded 1 samples, mean = 0.0 (flags = 0x41)
0  -O                                                                        (1 = 100.0%)
1  ... 

Histogram: PageLoad.Clients.Ads.FrameCounts.AdFrames.Total recorded 1 samples, mean = 0.0 (flags = 0x41)
0  -O                                                                        (1 = 100.0%)
1  ... 

Histogram: PageLoad.Clients.Ads.NonVisible.FrameCounts.AdFrames.Total recorded 1 samples, mean = 0.0 (flags = 0x41)
0  -O                                                                        (1 = 100.0%)
1  ... 

Histogram: PageLoad.Clients.Ads.Visible.FrameCounts.AdFrames.Total recorded 1 samples, mean = 0.0 (flags = 0x41)
0  -O                                                                        (1 = 100.0%)
1  ... 

Histogram: PageLoad.Clients.CrossOrigin.LayoutInstability.CumulativeShiftScore recorded 1 samples, mean = 0.0 (flags = 0x41)
0  -O                                                                        (1 = 100.0%)
1  ... 

Histogram: PageLoad.Clients.CrossOrigin.LayoutInstability.CumulativeShiftScore.MainFrame recorded 1 samples, mean = 0.0 (flags = 0x41)
0  -O                                                                        (1 = 100.0%)
1  ... 

Histogram: PageLoad.Clients.Leakage2.AbandonReasonAt.LoaderStart recorded 1 samples, mean = 10.0 (flags = 0x41)
0   ... 
10  -O                                                                        (1 = 100.0%) {0.0%}
11  ... 

Histogram: PageLoad.Clients.Leakage2.LastMilestoneBeforeAbandon.NewReloadNavigation recorded 1 samples, mean = 1.0 (flags = 0x41)
0  O                                                                         (0 = 0.0%)
1  -O                                                                        (1 = 100.0%) {0.0%}
2  ... 

Histogram: PageLoad.Clients.Leakage2.LoaderStartToAbandon.NewReloadNavigation recorded 1 samples, mean = 11522.0 (flags = 0x41)
0      ... 
10498  -O                                                                        (1 = 100.0%) {0.0%}
11747  ... 

Histogram: PageLoad.Clients.Leakage2.NavigationStart recorded 2 samples, mean = 19252.0 (flags = 0x41)
0      ... 
11747  -O                                                                        (1 = 50.0%) {0.0%}
13144  ... 
23054  -O                                                                        (1 = 50.0%) {50.0%}
25796  ... 

Histogram: PageLoad.Clients.Leakage2.NavigationStartToCommitReceived recorded 1 samples, mean = 24394.0 (flags = 0x41)
0      ... 
23054  -O                                                                        (1 = 100.0%) {0.0%}
25796  ... 

Histogram: PageLoad.Clients.Leakage2.NavigationStartToCommitSent recorded 1 samples, mean = 24344.0 (flags = 0x41)
0      ... 
23054  -O                                                                        (1 = 100.0%) {0.0%}
25796  ... 

Histogram: PageLoad.Clients.Leakage2.NavigationStartToDOMContentLoaded recorded 1 samples, mean = 29788.0 (flags = 0x41)
0      ... 
28864  -O                                                                        (1 = 100.0%) {0.0%}
32297  ... 

Histogram: PageLoad.Clients.Leakage2.NavigationStartToDidCommit recorded 1 samples, mean = 25274.0 (flags = 0x41)
0      ... 
23054  -O                                                                        (1 = 100.0%) {0.0%}
25796  ... 

Histogram: PageLoad.Clients.Leakage2.NavigationStartToFirstRedirectResponseLoaderCallback recorded 1 samples, mean = 21556.0 (flags = 0x41)
0      ... 
20603  -O                                                                        (1 = 100.0%) {0.0%}
23054  ... 

Histogram: PageLoad.Clients.Leakage2.NavigationStartToFirstRedirectResponseStart recorded 1 samples, mean = 21325.0 (flags = 0x41)
0      ... 
20603  -O                                                                        (1 = 100.0%) {0.0%}
23054  ... 

Histogram: PageLoad.Clients.Leakage2.NavigationStartToFirstRedirectedRequestStart recorded 1 samples, mean = 21277.0 (flags = 0x41)
0      ... 
20603  -O                                                                        (1 = 100.0%) {0.0%}
23054  ... 

Histogram: PageLoad.Clients.Leakage2.NavigationStartToLoadStarted recorded 1 samples, mean = 30761.0 (flags = 0x41)
0      ... 
28864  -O                                                                        (1 = 100.0%) {0.0%}
32297  ... 

Histogram: PageLoad.Clients.Leakage2.NavigationStartToLoaderStart recorded 2 samples, mean = 6505.5 (flags = 0x41)
0      ... 
1388   -O                                                                        (1 = 50.0%) {0.0%}
1553   ... 
10498  -O                                                                        (1 = 50.0%) {50.0%}
11747  ... 

Histogram: PageLoad.Clients.Leakage2.NavigationStartToNonRedirectResponseLoaderCallback recorded 1 samples, mean = 24223.0 (flags = 0x41)
0      ... 
23054  -O                                                                        (1 = 100.0%) {0.0%}
25796  ... 

Histogram: PageLoad.Clients.Leakage2.NavigationStartToNonRedirectResponseStart recorded 1 samples, mean = 23979.0 (flags = 0x41)
0      ... 
23054  -O                                                                        (1 = 100.0%) {0.0%}
25796  ... 

Histogram: PageLoad.Clients.Leakage2.NavigationStartToNonRedirectedRequestStart recorded 1 samples, mean = 23903.0 (flags = 0x41)
0      ... 
23054  -O                                                                        (1 = 100.0%) {0.0%}
25796  ... 

Histogram: PageLoad.Clients.Leakage2.NavigationStartToParseStart recorded 1 samples, mean = 24672.0 (flags = 0x41)
0      ... 
23054  -O                                                                        (1 = 100.0%) {0.0%}
25796  ... 

Histogram: PageLoad.Clients.Leakage2.RendererProcessCreatedBeforeNav recorded 1 samples, mean = 1.0 (flags = 0x41)
0  O                                                                         (0 = 0.0%)
1  -O                                                                        (1 = 100.0%) {0.0%}
2  O                                                                         (0 = 0.0%) {100.0%}

Histogram: PageLoad.Clients.LinkPreview.Usage recorded 1 samples, mean = 0.0 (flags = 0x41)
0  -O                                                                        (1 = 100.0%)
1  ... 

Histogram: PageLoad.Clients.MultiTabLoading.WithTabCount_0.DocumentTiming.NavigationToDOMContentLoadedEventFired recorded 1 samples, mean = 29788.0 (flags = 0x41)
0      ... 
28864  -O                                                                        (1 = 100.0%) {0.0%}
32297  ... 

Histogram: PageLoad.Clients.MultiTabLoading.WithTabCount_0.DocumentTiming.NavigationToLoadEventFired recorded 1 samples, mean = 30761.0 (flags = 0x41)
0      ... 
28864  -O                                                                        (1 = 100.0%) {0.0%}
32297  ... 

Histogram: PageLoad.Clients.MultiTabLoading.With_0_OtherLoading.DocumentTiming.NavigationToDOMContentLoadedEventFired recorded 1 samples, mean = 29788.0 (flags = 0x41)
0      ... 
28864  -O                                                                        (1 = 100.0%) {0.0%}
32297  ... 

Histogram: PageLoad.Clients.MultiTabLoading.With_0_OtherLoading.DocumentTiming.NavigationToLoadEventFired recorded 1 samples, mean = 30761.0 (flags = 0x41)
0      ... 
28864  -O                                                                        (1 = 100.0%) {0.0%}
32297  ... 

Histogram: PageLoad.Clients.PerformanceManager.LoadedIdleWithoutLCP recorded 1 samples, mean = 35889.0 (flags = 0x41)
0      ... 
33665  -O                                                                        (1 = 100.0%) {0.0%}
42775  ... 

Histogram: PageLoad.Clients.PerformanceManager.LoadedIdleWithoutLCP.Foreground recorded 1 samples, mean = 35889.0 (flags = 0x41)
0      ... 
33665  -O                                                                        (1 = 100.0%) {0.0%}
42775  ... 

Histogram: PageLoad.Clients.Protocol.H2.DocumentTiming.NavigationToDOMContentLoadedEventFired recorded 1 samples, mean = 29788.0 (flags = 0x41)
0      ... 
28864  -O                                                                        (1 = 100.0%) {0.0%}
32297  ... 

Histogram: PageLoad.Clients.Protocol.H2.DocumentTiming.NavigationToLoadEventFired recorded 1 samples, mean = 30761.0 (flags = 0x41)
0      ... 
28864  -O                                                                        (1 = 100.0%) {0.0%}
32297  ... 

Histogram: PageLoad.Clients.Protocol.H2.ParseTiming.NavigationToParseStart recorded 1 samples, mean = 24672.0 (flags = 0x41)
0      ... 
23054  -O                                                                        (1 = 100.0%) {0.0%}
25796  ... 

Histogram: PageLoad.Clients.Scheme.HTTPS.ParseTiming.NavigationToParseStart recorded 1 samples, mean = 24672.0 (flags = 0x41)
0      ... 
23054  -O                                                                        (1 = 100.0%) {0.0%}
25796  ... 

Histogram: PageLoad.Clients.SubresourceLoading.DaysSinceLastVisitToOrigin recorded 1 samples, mean = 0.0 (flags = 0x40)
0  -O                                                                        (1 = 100.0%)
1  ... 

Histogram: PageLoad.Clients.SubresourceLoading.HasPreviousVisitToOrigin recorded 1 samples, mean = 1.0 (flags = 0x40)
0  O                                                                         (0 = 0.0%)
1  -O                                                                        (1 = 100.0%) {0.0%}
2  O                                                                         (0 = 0.0%) {100.0%}

Histogram: PageLoad.Clients.TPCD.CookieAccess.ThirdPartyCookieAllowMechanism3 recorded 1 samples, mean = 2.0 (flags = 0x41)
0  ... 
2  -O                                                                        (1 = 100.0%) {0.0%}
3  ... 

Histogram: PageLoad.Clients.TPCD.ThirdPartyCookieAccessBlockedByExperiment2 recorded 1 samples, mean = 0.0 (flags = 0x41)
0  -O                                                                        (1 = 100.0%)
1  ... 

Histogram: PageLoad.Clients.ThirdParty.Origins.CookieRead2 recorded 1 samples, mean = 0.0 (flags = 0x41)
0  -O                                                                        (1 = 100.0%)
1  ... 

Histogram: PageLoad.Cpu.TotalUsage recorded 1 samples, mean = 3636.0 (flags = 0x41)
0     ... 
3412  -O                                                                        (1 = 100.0%) {0.0%}
3818  ... 

Histogram: PageLoad.Cpu.TotalUsageForegrounded recorded 1 samples, mean = 3636.0 (flags = 0x41)
0     ... 
3412  -O                                                                        (1 = 100.0%) {0.0%}
3818  ... 

Histogram: PageLoad.DocumentTiming.NavigationToDOMContentLoadedEventFired recorded 1 samples, mean = 29788.0 (flags = 0x41)
0      ... 
28864  -O                                                                        (1 = 100.0%) {0.0%}
32297  ... 

Histogram: PageLoad.DocumentTiming.NavigationToLoadEventFired recorded 1 samples, mean = 30761.0 (flags = 0x41)
0      ... 
28864  -O                                                                        (1 = 100.0%) {0.0%}
32297  ... 

Histogram: PageLoad.Experimental.NavigationTiming.FinalLoaderCallbackToNavigationCommitSent recorded 1 samples, mean = 121.0 (flags = 0x41)
0    ... 
117  -O                                                                        (1 = 100.0%) {0.0%}
131  ... 

Histogram: PageLoad.Experimental.NavigationTiming.FinalRequestStartToFinalResponseStart recorded 1 samples, mean = 76.0 (flags = 0x41)
0   ... 
75  -O                                                                        (1 = 100.0%) {0.0%}
84  ... 

Histogram: PageLoad.Experimental.NavigationTiming.FinalResponseStartToFinalLoaderCallback recorded 1 samples, mean = 243.0 (flags = 0x41)
0    ... 
230  -O                                                                        (1 = 100.0%) {0.0%}
257  ... 

Histogram: PageLoad.Experimental.NavigationTiming.FirstRequestStartToFirstResponseStart recorded 1 samples, mean = 48.0 (flags = 0x41)
0   ... 
48  -O                                                                        (1 = 100.0%) {0.0%}
54  ... 

Histogram: PageLoad.Experimental.NavigationTiming.FirstResponseStartToFirstLoaderCallback recorded 1 samples, mean = 231.0 (flags = 0x41)
0    ... 
230  -O                                                                        (1 = 100.0%) {0.0%}
257  ... 

Histogram: PageLoad.Experimental.NavigationTiming.NavigationStartToFinalLoaderCallback recorded 1 samples, mean = 24223.0 (flags = 0x41)
0      ... 
23054  -O                                                                        (1 = 100.0%) {0.0%}
25796  ... 

Histogram: PageLoad.Experimental.NavigationTiming.NavigationStartToFinalRequestStart recorded 1 samples, mean = 23903.0 (flags = 0x41)
0      ... 
23054  -O                                                                        (1 = 100.0%) {0.0%}
25796  ... 

Histogram: PageLoad.Experimental.NavigationTiming.NavigationStartToFinalResponseStart recorded 1 samples, mean = 23979.0 (flags = 0x41)
0      ... 
23054  -O                                                                        (1 = 100.0%) {0.0%}
25796  ... 

Histogram: PageLoad.Experimental.NavigationTiming.NavigationStartToFirstLoaderCallback recorded 1 samples, mean = 21556.0 (flags = 0x41)
0      ... 
20603  -O                                                                        (1 = 100.0%) {0.0%}
23054  ... 

Histogram: PageLoad.Experimental.NavigationTiming.NavigationStartToFirstRequestStart recorded 1 samples, mean = 21277.0 (flags = 0x41)
0      ... 
20603  -O                                                                        (1 = 100.0%) {0.0%}
23054  ... 

Histogram: PageLoad.Experimental.NavigationTiming.NavigationStartToFirstResponseStart recorded 1 samples, mean = 21325.0 (flags = 0x41)
0      ... 
20603  -O                                                                        (1 = 100.0%) {0.0%}
23054  ... 

Histogram: PageLoad.Experimental.NavigationTiming.NavigationStartToNavigationCommitSent recorded 1 samples, mean = 24344.0 (flags = 0x41)
0      ... 
23054  -O                                                                        (1 = 100.0%) {0.0%}
25796  ... 

Histogram: PageLoad.Experimental.PageTiming.CachedResourceLoadTime.font recorded 5 samples, mean = 0.4 (flags = 0x41)
0  ---O                                                                      (3 = 60.0%)
1  --O                                                                       (2 = 40.0%) {60.0%}
2  ... 

Histogram: PageLoad.Experimental.PageTiming.CachedResourceLoadTime.manifest recorded 1 samples, mean = 114.0 (flags = 0x41)
0    ... 
107  -O                                                                        (1 = 100.0%) {0.0%}
136  ... 

Histogram: PageLoad.Experimental.PageTiming.CachedResourceLoadTime.script recorded 24 samples, mean = 2.6 (flags = 0x41)
0  -O                                                                        (1 = 4.2%)
1  ------------O                                                             (12 = 50.0%) {4.2%}
2  -O                                                                        (1 = 4.2%) {54.2%}
3  -O                                                                        (1 = 4.2%) {58.3%}
4  --O                                                                       (2 = 8.3%) {62.5%}
5  ------O                                                                   (6 = 25.0%) {70.8%}
6  O                                                                         (0 = 0.0%) {95.8%}
8  -O                                                                        (1 = 4.2%) {95.8%}
10 ... 

Histogram: PageLoad.Experimental.PageTiming.CachedResourceLoadTime.style recorded 20 samples, mean = 38.0 (flags = 0x41)
0    -O                                                                        (1 = 5.0%)
1    O                                                                         (0 = 0.0%) {5.0%}
2    -O                                                                        (1 = 5.0%) {5.0%}
3    -------------O                                                            (13 = 65.0%) {10.0%}
4    ----O                                                                     (4 = 20.0%) {75.0%}
5    ... 
574  -O                                                                        (1 = 5.0%) {95.0%}
729  ... 

Histogram: PageLoad.Experimental.PageTiming.CommitSentToFirstSubresourceLoadStart recorded 1 samples, mean = 1220.0 (flags = 0x41)
0     ... 
1108  -O                                                                        (1 = 100.0%) {0.0%}
1240  ... 

Histogram: PageLoad.Experimental.PageTiming.NavigationToFirstSubresourceLoadStart recorded 1 samples, mean = 25565.0 (flags = 0x41)
0      ... 
23054  -O                                                                        (1 = 100.0%) {0.0%}
25796  ... 

Histogram: PageLoad.Experimental.PageTiming.ResourceLoadTime. recorded 5 samples, mean = 178.6 (flags = 0x41)
0    ... 
41   --O                                                                       (2 = 40.0%) {0.0%}
52   --O                                                                       (2 = 40.0%) {40.0%}
66   ... 
574  -O                                                                        (1 = 20.0%) {80.0%}
729  ... 

Histogram: PageLoad.Experimental.PageTiming.ResourceLoadTime.document recorded 1 samples, mean = 92.0 (flags = 0x41)
0   ... 
84  -O                                                                        (1 = 100.0%) {0.0%}
107 ... 

Histogram: PageLoad.Experimental.PageTiming.ResourceLoadTime.image recorded 1 samples, mean = 97.0 (flags = 0x41)
0   ... 
84  -O                                                                        (1 = 100.0%) {0.0%}
107 ... 

Histogram: PageLoad.Experimental.PageTiming.ResourceLoadTime.script recorded 2 samples, mean = 195.0 (flags = 0x41)
0    ... 
10   -O                                                                        (1 = 50.0%) {0.0%}
13   ... 
356  -O                                                                        (1 = 50.0%) {50.0%}
452  ... 

Histogram: PageLoad.Experimental.PageVisitFinalStatus recorded 1 samples, mean = 1.0 (flags = 0x41)
0  O                                                                         (0 = 0.0%)
1  -O                                                                        (1 = 100.0%) {0.0%}
2  ... 

Histogram: PageLoad.Experimental.PageVisitType2 recorded 1 samples, mean = 6.0 (flags = 0x41)
0  ... 
6  -O                                                                        (1 = 100.0%) {0.0%}
7  ... 

Histogram: PageLoad.Experimental.PaintTiming.FirstEligibleToPaintToFirstPaint recorded 1 samples, mean = 1298.0 (flags = 0x41)
0     ... 
1240  -O                                                                        (1 = 100.0%) {0.0%}
1388  ... 

Histogram: PageLoad.Experimental.TotalForegroundDuration recorded 1 samples, mean = 527964.0 (flags = 0x41)
0       ... 
508779  -O                                                                        (1 = 100.0%) {0.0%}
579670  ... 

Histogram: PageLoad.Experimental.TotalForegroundDuration.AllVisit recorded 1 samples, mean = 527964.0 (flags = 0x41)
0       ... 
508779  -O                                                                        (1 = 100.0%) {0.0%}
579670  ... 

Histogram: PageLoad.Experimental.TotalForegroundDuration.IndependentUIVisit recorded 1 samples, mean = 527964.0 (flags = 0x41)
0       ... 
508779  -O                                                                        (1 = 100.0%) {0.0%}
579670  ... 

Histogram: PageLoad.Expermental.SoftNavigations.Count recorded 1 samples, mean = 0.0 (flags = 0x41)
0  -O                                                                        (1 = 100.0%)
1  ... 

Histogram: PageLoad.Internal.PageLoadTimingStatus recorded 17 samples, mean = 0.0 (flags = 0x41)
0  -----------------O                                                        (17 = 100.0%)
1  ... 

Histogram: PageLoad.Internal.PageLoadTimingStatus.AtTimingCallbackDispatch recorded 4 samples, mean = 0.0 (flags = 0x41)
0  ----O                                                                     (4 = 100.0%)
1  ... 

Histogram: PageLoad.Internal.PageType recorded 2 samples, mean = 0.0 (flags = 0x41)
0  --O                                                                       (2 = 100.0%)
1  ... 

Histogram: PageLoad.Internal.SuppressedEventsBeforeMissingFirstPaint recorded 1 samples, mean = 0.0 (flags = 0x41)
0  -O                                                                        (1 = 100.0%)
1  ... 

Histogram: PageLoad.Internal.SuppressedEventsCountBeforePaint3 recorded 1 samples, mean = 0.0 (flags = 0x41)
0  -O                                                                        (1 = 100.0%)
1  ... 

Histogram: PageLoad.Internal.SuppressedEventsTimingBeforePaint3 recorded 1 samples, mean = 0.0 (flags = 0x41)
0  -O                                                                        (1 = 100.0%)
1  ... 

Histogram: PageLoad.Internal.SuppressedInteractionsCountBeforePaint3 recorded 1 samples, mean = 0.0 (flags = 0x41)
0  -O                                                                        (1 = 100.0%)
1  ... 

Histogram: PageLoad.LayoutInstability.CumulativeShiftScore recorded 1 samples, mean = 0.0 (flags = 0x41)
0  -O                                                                        (1 = 100.0%)
1  ... 

Histogram: PageLoad.LayoutInstability.CumulativeShiftScore.MainFrame recorded 1 samples, mean = 0.0 (flags = 0x41)
0  -O                                                                        (1 = 100.0%)
1  ... 

Histogram: PageLoad.LayoutInstability.MaxCumulativeShiftScore.SessionWindow.Gap1000ms.Max5000ms recorded 1 samples, mean = 0.0 (flags = 0x41)
0  -O                                                                        (1 = 100.0%)
1  ... 

Histogram: PageLoad.LayoutInstability.MaxCumulativeShiftScore.SessionWindow.Gap1000ms.Max5000ms2 recorded 1 samples, mean = 0.0 (flags = 0x41)
0  -O                                                                        (1 = 100.0%)
1  ... 

Histogram: PageLoad.PageTiming.ForegroundDuration recorded 1 samples, mean = 527964.0 (flags = 0x41)
0       ... 
508779  -O                                                                        (1 = 100.0%) {0.0%}
579670  ... 

Histogram: PageLoad.PageTiming.ForegroundDuration.AfterPaint recorded 1 samples, mean = 498498.0 (flags = 0x41)
0       ... 
446558  -O                                                                        (1 = 100.0%) {0.0%}
508779  ... 

Histogram: PageLoad.PageTiming.ForegroundDuration.NoCommit recorded 1 samples, mean = 1558.0 (flags = 0x41)
0     ... 
1437  -O                                                                        (1 = 100.0%) {0.0%}
1637  ... 

Histogram: PageLoad.PageTiming.ForegroundDuration.WithPaint recorded 1 samples, mean = 527964.0 (flags = 0x41)
0       ... 
508779  -O                                                                        (1 = 100.0%) {0.0%}
579670  ... 

Histogram: PageLoad.PaintTiming.NavigationToFirstPaint recorded 1 samples, mean = 29466.0 (flags = 0x41)
0      ... 
28864  -O                                                                        (1 = 100.0%) {0.0%}
32297  ... 

Histogram: PageLoad.ParseTiming.NavigationToParseStart recorded 1 samples, mean = 24672.0 (flags = 0x41)
0      ... 
23054  -O                                                                        (1 = 100.0%) {0.0%}
25796  ... 

Histogram: PageLoad.ParseTiming.NavigationToParseStart.LoadType.NewNavigation recorded 1 samples, mean = 24672.0 (flags = 0x41)
0      ... 
23054  -O                                                                        (1 = 100.0%) {0.0%}
25796  ... 

Histogram: PageLoad.ParseTiming.ParseBlockedOnScriptExecution recorded 1 samples, mean = 448.0 (flags = 0x41)
0    ... 
403  -O                                                                        (1 = 100.0%) {0.0%}
451  ... 

Histogram: PageLoad.ParseTiming.ParseBlockedOnScriptExecutionFromDocumentWrite recorded 1 samples, mean = 0.0 (flags = 0x41)
0  -O                                                                        (1 = 100.0%)
10 ... 

Histogram: PageLoad.ParseTiming.ParseBlockedOnScriptLoad recorded 1 samples, mean = 3331.0 (flags = 0x41)
0     ... 
3049  -O                                                                        (1 = 100.0%) {0.0%}
3412  ... 

Histogram: PaintHolding.CommitTrigger2 recorded 1 samples, mean = 3.0 (flags = 0x41)
0  ... 
3  -O                                                                        (1 = 100.0%) {0.0%}
4  ... 

Histogram: PasswordManager.AccountStore.BlacklistedSitesHiRes3.WithoutCustomPassphrase recorded 1 samples, mean = 0.0 (flags = 0x41)
0  -O                                                                        (1 = 100.0%)
1  ... 

Histogram: PasswordManager.AccountStore.InaccessiblePasswords3 recorded 1 samples, mean = 0.0 (flags = 0x41)
0  -O                                                                        (1 = 100.0%)
1  ... 

Histogram: PasswordManager.AccountStore.LoginDatabaseEncryptionStatus recorded 1 samples, mean = 0.0 (flags = 0x41)
0  -O                                                                        (1 = 100.0%)
1  ... 

Histogram: PasswordManager.AccountStore.PasswordNotes.CountCredentialsWithNonEmptyNotes2 recorded 1 samples, mean = 0.0 (flags = 0x41)
0  -O                                                                        (1 = 100.0%)
1  ... 

Histogram: PasswordManager.AccountStore.TotalAccountsHiRes3.ByType.AutoGenerated.WithoutCustomPassphrase recorded 1 samples, mean = 0.0 (flags = 0x41)
0  -O                                                                        (1 = 100.0%)
1  ... 

Histogram: PasswordManager.AccountStore.TotalAccountsHiRes3.ByType.Overall recorded 1 samples, mean = 0.0 (flags = 0x41)
0  -O                                                                        (1 = 100.0%)
1  ... 

Histogram: PasswordManager.AccountStore.TotalAccountsHiRes3.ByType.Overall.WithoutCustomPassphrase recorded 1 samples, mean = 0.0 (flags = 0x41)
0  -O                                                                        (1 = 100.0%)
1  ... 

Histogram: PasswordManager.AccountStore.TotalAccountsHiRes3.ByType.ReceivedViaSharing.WithoutCustomPassphrase recorded 1 samples, mean = 0.0 (flags = 0x41)
0  -O                                                                        (1 = 100.0%)
1  ... 

Histogram: PasswordManager.AccountStore.TotalAccountsHiRes3.ByType.UserCreated.WithoutCustomPassphrase recorded 1 samples, mean = 0.0 (flags = 0x41)
0  -O                                                                        (1 = 100.0%)
1  ... 

Histogram: PasswordManager.AccountStore.TotalAccountsHiRes3.WithScheme.Android recorded 1 samples, mean = 0.0 (flags = 0x41)
0  -O                                                                        (1 = 100.0%)
1  ... 

Histogram: PasswordManager.AccountStore.TotalAccountsHiRes3.WithScheme.Ftp recorded 1 samples, mean = 0.0 (flags = 0x41)
0  -O                                                                        (1 = 100.0%)
1  ... 

Histogram: PasswordManager.AccountStore.TotalAccountsHiRes3.WithScheme.Http recorded 1 samples, mean = 0.0 (flags = 0x41)
0  -O                                                                        (1 = 100.0%)
1  ... 

Histogram: PasswordManager.AccountStore.TotalAccountsHiRes3.WithScheme.Https recorded 1 samples, mean = 0.0 (flags = 0x41)
0  -O                                                                        (1 = 100.0%)
1  ... 

Histogram: PasswordManager.AccountStore.TotalAccountsHiRes3.WithScheme.Other recorded 1 samples, mean = 0.0 (flags = 0x41)
0  -O                                                                        (1 = 100.0%)
1  ... 

Histogram: PasswordManager.AffiliationDatabase.DatabaseSize recorded 1 samples, mean = 52.0 (flags = 0x41)
0  -O                                                                        (1 = 100.0%)
1000... 

Histogram: PasswordManager.BiometricAuthBeforeFillingEnabled2 recorded 1 samples, mean = 0.0 (flags = 0x41)
0  -O                                                                        (1 = 100.0%)
1  ... 

Histogram: PasswordManager.BubbleSuppression.AccountsInStatisticsTable2 recorded 1 samples, mean = 0.0 (flags = 0x41)
0  -O                                                                        (1 = 100.0%)
1  ... 

Histogram: PasswordManager.CompromisedCredentials3.CountLeaked recorded 1 samples, mean = 0.0 (flags = 0x41)
0  -O                                                                        (1 = 100.0%)
1  ... 

Histogram: PasswordManager.CompromisedCredentials3.CountPhished recorded 1 samples, mean = 0.0 (flags = 0x41)
0  -O                                                                        (1 = 100.0%)
1  ... 

Histogram: PasswordManager.CredentialsWithDuplicates3 recorded 1 samples, mean = 0.0 (flags = 0x41)
0  -O                                                                        (1 = 100.0%)
1  ... 

Histogram: PasswordManager.CredentialsWithMismatchedDuplicates3 recorded 1 samples, mean = 0.0 (flags = 0x41)
0  -O                                                                        (1 = 100.0%)
1  ... 

Histogram: PasswordManager.EnableState recorded 1 samples, mean = 0.0 (flags = 0x41)
0  -O                                                                        (1 = 100.0%)
1  ... 

Histogram: PasswordManager.GetAllLogins.TimeSinceInit recorded 4 samples, mean = 30086.5 (flags = 0x41)
0      ... 
26495  ----O                                                                     (4 = 100.0%) {0.0%}
33665  ... 

Histogram: PasswordManager.GetAutofillableLogins.TimeSinceInit recorded 2 samples, mean = 26187.5 (flags = 0x41)
0      ... 
20852  --O                                                                       (2 = 100.0%) {0.0%}
26495  ... 

Histogram: PasswordManager.LoginDatabaseInit2 recorded 2 samples, mean = 0.0 (flags = 0x41)
0  --O                                                                       (2 = 100.0%)
1  ... 

Histogram: PasswordManager.OnEncryptorReceived.Success recorded 2 samples, mean = 1.0 (flags = 0x41)
0  O                                                                         (0 = 0.0%)
1  --O                                                                       (2 = 100.0%) {0.0%}
2  O                                                                         (0 = 0.0%) {100.0%}

Histogram: PasswordManager.PasswordStore.InitTime recorded 2 samples, mean = 17752.0 (flags = 0x41)
0      ... 
10000  --O                                                                       (2 = 100.0%) {0.0%}

Histogram: PasswordManager.PasswordStoreBackend.GetAllLoginsAsync recorded 8 samples, mean = 1.0 (flags = 0x41)
0  ----O                                                                     (4 = 50.0%)
1  O                                                                         (0 = 0.0%) {50.0%}
2  ----O                                                                     (4 = 50.0%) {50.0%}
3  ... 

Histogram: PasswordManager.PasswordStoreBackend.GetAllLoginsAsync.Latency recorded 4 samples, mean = 0.0 (flags = 0x41)
0  ----O                                                                     (4 = 100.0%)
1  ... 

Histogram: PasswordManager.PasswordStoreBackend.GetAllLoginsAsync.Success recorded 4 samples, mean = 1.0 (flags = 0x41)
0  O                                                                         (0 = 0.0%)
1  ----O                                                                     (4 = 100.0%) {0.0%}
2  O                                                                         (0 = 0.0%) {100.0%}

Histogram: PasswordManager.PasswordStoreBackend.GetAutofillableLoginsAsync recorded 4 samples, mean = 1.0 (flags = 0x41)
0  --O                                                                       (2 = 50.0%)
1  O                                                                         (0 = 0.0%) {50.0%}
2  --O                                                                       (2 = 50.0%) {50.0%}
3  ... 

Histogram: PasswordManager.PasswordStoreBackend.GetAutofillableLoginsAsync.Latency recorded 2 samples, mean = 566.0 (flags = 0x41)
0    ... 
452  --O                                                                       (2 = 100.0%) {0.0%}
574  ... 

Histogram: PasswordManager.PasswordStoreBackend.GetAutofillableLoginsAsync.Success recorded 2 samples, mean = 1.0 (flags = 0x41)
0  O                                                                         (0 = 0.0%)
1  --O                                                                       (2 = 100.0%) {0.0%}
2  O                                                                         (0 = 0.0%) {100.0%}

Histogram: PasswordManager.PasswordStoreBuiltInBackend.GetAllLoginsAsync recorded 8 samples, mean = 1.0 (flags = 0x41)
0  ----O                                                                     (4 = 50.0%)
1  O                                                                         (0 = 0.0%) {50.0%}
2  ----O                                                                     (4 = 50.0%) {50.0%}
3  ... 

Histogram: PasswordManager.PasswordStoreBuiltInBackend.GetAllLoginsAsync.Latency recorded 4 samples, mean = 0.0 (flags = 0x41)
0  ----O                                                                     (4 = 100.0%)
1  ... 

Histogram: PasswordManager.PasswordStoreBuiltInBackend.GetAllLoginsAsync.Success recorded 4 samples, mean = 1.0 (flags = 0x41)
0  O                                                                         (0 = 0.0%)
1  ----O                                                                     (4 = 100.0%) {0.0%}
2  O                                                                         (0 = 0.0%) {100.0%}

Histogram: PasswordManager.PasswordStoreBuiltInBackend.GetAutofillableLoginsAsync recorded 4 samples, mean = 1.0 (flags = 0x41)
0  --O                                                                       (2 = 50.0%)
1  O                                                                         (0 = 0.0%) {50.0%}
2  --O                                                                       (2 = 50.0%) {50.0%}
3  ... 

Histogram: PasswordManager.PasswordStoreBuiltInBackend.GetAutofillableLoginsAsync.Latency recorded 2 samples, mean = 566.0 (flags = 0x41)
0    ... 
452  --O                                                                       (2 = 100.0%) {0.0%}
574  ... 

Histogram: PasswordManager.PasswordStoreBuiltInBackend.GetAutofillableLoginsAsync.Success recorded 2 samples, mean = 1.0 (flags = 0x41)
0  O                                                                         (0 = 0.0%)
1  --O                                                                       (2 = 100.0%) {0.0%}
2  O                                                                         (0 = 0.0%) {100.0%}

Histogram: PasswordManager.ProfileStore.BlacklistedSitesHiRes3.WithoutCustomPassphrase recorded 1 samples, mean = 0.0 (flags = 0x41)
0  -O                                                                        (1 = 100.0%)
1  ... 

Histogram: PasswordManager.ProfileStore.InaccessiblePasswords3 recorded 1 samples, mean = 0.0 (flags = 0x41)
0  -O                                                                        (1 = 100.0%)
1  ... 

Histogram: PasswordManager.ProfileStore.LoginDatabaseEncryptionStatus recorded 1 samples, mean = 0.0 (flags = 0x41)
0  -O                                                                        (1 = 100.0%)
1  ... 

Histogram: PasswordManager.ProfileStore.PasswordNotes.CountCredentialsWithNonEmptyNotes2 recorded 1 samples, mean = 0.0 (flags = 0x41)
0  -O                                                                        (1 = 100.0%)
1  ... 

Histogram: PasswordManager.ProfileStore.TotalAccountsHiRes3.ByType.AutoGenerated.WithoutCustomPassphrase recorded 1 samples, mean = 0.0 (flags = 0x41)
0  -O                                                                        (1 = 100.0%)
1  ... 

Histogram: PasswordManager.ProfileStore.TotalAccountsHiRes3.ByType.Overall recorded 1 samples, mean = 0.0 (flags = 0x41)
0  -O                                                                        (1 = 100.0%)
1  ... 

Histogram: PasswordManager.ProfileStore.TotalAccountsHiRes3.ByType.Overall.WithoutCustomPassphrase recorded 1 samples, mean = 0.0 (flags = 0x41)
0  -O                                                                        (1 = 100.0%)
1  ... 

Histogram: PasswordManager.ProfileStore.TotalAccountsHiRes3.ByType.ReceivedViaSharing.WithoutCustomPassphrase recorded 1 samples, mean = 0.0 (flags = 0x41)
0  -O                                                                        (1 = 100.0%)
1  ... 

Histogram: PasswordManager.ProfileStore.TotalAccountsHiRes3.ByType.UserCreated.WithoutCustomPassphrase recorded 1 samples, mean = 0.0 (flags = 0x41)
0  -O                                                                        (1 = 100.0%)
1  ... 

Histogram: PasswordManager.ProfileStore.TotalAccountsHiRes3.WithScheme.Android recorded 1 samples, mean = 0.0 (flags = 0x41)
0  -O                                                                        (1 = 100.0%)
1  ... 

Histogram: PasswordManager.ProfileStore.TotalAccountsHiRes3.WithScheme.Ftp recorded 1 samples, mean = 0.0 (flags = 0x41)
0  -O                                                                        (1 = 100.0%)
1  ... 

Histogram: PasswordManager.ProfileStore.TotalAccountsHiRes3.WithScheme.Http recorded 1 samples, mean = 0.0 (flags = 0x41)
0  -O                                                                        (1 = 100.0%)
1  ... 

Histogram: PasswordManager.ProfileStore.TotalAccountsHiRes3.WithScheme.Https recorded 1 samples, mean = 0.0 (flags = 0x41)
0  -O                                                                        (1 = 100.0%)
1  ... 

Histogram: PasswordManager.ProfileStore.TotalAccountsHiRes3.WithScheme.Other recorded 1 samples, mean = 0.0 (flags = 0x41)
0  -O                                                                        (1 = 100.0%)
1  ... 

Histogram: PasswordManager.SavedGaiaPasswordHashCount2 recorded 1 samples, mean = 0.0 (flags = 0x41)
0  -O                                                                        (1 = 100.0%)
1  ... 

Histogram: PasswordManager.SyncMetadataReadError2 recorded 2 samples, mean = 0.0 (flags = 0x41)
0  --O                                                                       (2 = 100.0%)
1  ... 

Histogram: PasswordManager.SyncingAccountState3 recorded 1 samples, mean = 2.0 (flags = 0x41)
0  ... 
2  -O                                                                        (1 = 100.0%) {0.0%}
3  ... 

Histogram: PaymentRequest.IsCanMakePaymentAllowedByPref.Startup recorded 1 samples, mean = 1.0 (flags = 0x41)
0  O                                                                         (0 = 0.0%)
1  -O                                                                        (1 = 100.0%) {0.0%}
2  O                                                                         (0 = 0.0%) {100.0%}

Histogram: PerformanceManager.LoadingNotQuiescentPageCount.All recorded 17 samples, mean = 0.0 (flags = 0x41)
0  -----------------O                                                        (17 = 100.0%)
1  ... 

Histogram: PerformanceManager.LoadingNotQuiescentPageCount.Hidden recorded 17 samples, mean = 0.0 (flags = 0x41)
0  -----------------O                                                        (17 = 100.0%)
1  ... 

Histogram: PerformanceManager.LoadingNotQuiescentPageCount.MixedVisibility recorded 17 samples, mean = 0.0 (flags = 0x41)
0  -----------------O                                                        (17 = 100.0%)
1  ... 

Histogram: PerformanceManager.LoadingNotQuiescentPageCount.Visible recorded 17 samples, mean = 0.0 (flags = 0x41)
0  -----------------O                                                        (17 = 100.0%)
1  ... 

Histogram: PerformanceManager.QuiescentPageCount recorded 17 samples, mean = 1.0 (flags = 0x41)
0  O                                                                         (0 = 0.0%)
1  -----------------O                                                        (17 = 100.0%) {0.0%}
2  ... 

Histogram: PerformanceManager.SiteDB.DatabaseInit recorded 1 samples, mean = 0.0 (flags = 0x41)
0  -O                                                                        (1 = 100.0%)
1  ... 

Histogram: PerformanceManager.SiteDB.OnDiskSize recorded 1 samples, mean = 2.0 (flags = 0x41)
0  -O                                                                        (1 = 100.0%)
1000... 

Histogram: PerformanceManager.SiteDB.WriteCompleted.WriteSiteDataIntoStore recorded 1 samples, mean = 1.0 (flags = 0x41)
0  O                                                                         (0 = 0.0%)
1  -O                                                                        (1 = 100.0%) {0.0%}
2  O                                                                         (0 = 0.0%) {100.0%}

Histogram: PerformanceManager.SiteDB.WriteScheduled.WriteSiteDataIntoStore recorded 1 samples, mean = 1.0 (flags = 0x41)
0  O                                                                         (0 = 0.0%)
1  -O                                                                        (1 = 100.0%) {0.0%}
2  O                                                                         (0 = 0.0%) {100.0%}

Histogram: PerformanceManager.TabRevisitTracker.TimeToClose2 recorded 1 samples, mean = 529.0 (flags = 0x41)
0    ... 
520  -O                                                                        (1 = 100.0%) {0.0%}
547  ... 

Histogram: PerformanceManager.UserTuning.BatterySaverModeEnabledPercent recorded 1 samples, mean = 0.0 (flags = 0x41)
0  -O                                                                        (1 = 100.0%)
1  ... 

Histogram: PerformanceManager.UserTuning.MemorySaverModeEnabledPercent recorded 1 samples, mean = 0.0 (flags = 0x41)
0  -O                                                                        (1 = 100.0%)
1  ... 

Histogram: PerformanceMonitor.AverageCPU8.BrowserProcess recorded 4 samples, mean = 5276.5 (flags = 0x41)
0      ... 
558    --O                                                                       (2 = 50.0%) {0.0%}
674    ... 
983    -O                                                                        (1 = 25.0%) {50.0%}
1187   ... 
16567  -O                                                                        (1 = 25.0%) {75.0%}
20000  O                                                                         (0 = 0.0%) {100.0%}

Histogram: PerformanceMonitor.AverageCPU8.GPUProcess recorded 4 samples, mean = 54.5 (flags = 0x41)
0    ---O                                                                      (3 = 75.0%)
1    ... 
218  -O                                                                        (1 = 25.0%) {75.0%}
263  ... 

Histogram: PerformanceMonitor.AverageCPU8.NetworkProcess recorded 4 samples, mean = 8.0 (flags = 0x41)
0   ... 
3   --O                                                                       (2 = 50.0%) {0.0%}
4   ... 
7   -O                                                                        (1 = 25.0%) {50.0%}
8   ... 
18  -O                                                                        (1 = 25.0%) {75.0%}
22  ... 

Histogram: PerformanceMonitor.AverageCPU8.OtherProcess recorded 4 samples, mean = 0.0 (flags = 0x41)
0  ----O                                                                     (4 = 100.0%)
1  ... 

Histogram: PerformanceMonitor.AverageCPU8.RendererExtensionEventProcess recorded 4 samples, mean = 0.0 (flags = 0x41)
0  ----O                                                                     (4 = 100.0%)
1  ... 

Histogram: PerformanceMonitor.AverageCPU8.RendererExtensionPersistentProcess recorded 4 samples, mean = 0.0 (flags = 0x41)
0  ----O                                                                     (4 = 100.0%)
1  ... 

Histogram: PerformanceMonitor.AverageCPU8.RendererProcess recorded 4 samples, mean = 37.0 (flags = 0x41)
0    ---O                                                                      (3 = 75.0%)
1    ... 
124  -O                                                                        (1 = 25.0%) {75.0%}
150  ... 

Histogram: PerformanceMonitor.AverageCPU8.Total recorded 4 samples, mean = 5314.8 (flags = 0x41)
0      ... 
558    --O                                                                       (2 = 50.0%) {0.0%}
674    ... 
1187   -O                                                                        (1 = 25.0%) {50.0%}
1433   ... 
16567  -O                                                                        (1 = 25.0%) {75.0%}
20000  O                                                                         (0 = 0.0%) {100.0%}

Histogram: PerformanceMonitor.AverageCPU8.Total.ZeroWindow recorded 4 samples, mean = 5314.8 (flags = 0x41)
0      ... 
558    --O                                                                       (2 = 50.0%) {0.0%}
674    ... 
1187   -O                                                                        (1 = 25.0%) {50.0%}
1433   ... 
16567  -O                                                                        (1 = 25.0%) {75.0%}
20000  O                                                                         (0 = 0.0%) {100.0%}

Histogram: PerformanceMonitor.AverageCPU8.UtilityProcess recorded 4 samples, mean = 0.0 (flags = 0x41)
0  ----O                                                                     (4 = 100.0%)
1  ... 

Histogram: PerformanceMonitor.HasPreciseCPUUsage recorded 9 samples, mean = 1.0 (flags = 0x41)
0  O                                                                         (0 = 0.0%)
1  ---------O                                                                (9 = 100.0%) {0.0%}
2  O                                                                         (0 = 0.0%) {100.0%}

Histogram: PerformanceMonitor.UsageScenario.LongInterval recorded 4 samples, mean = 13.0 (flags = 0x41)
0   ... 
13  ----O                                                                     (4 = 100.0%) {0.0%}
14  ... 

Histogram: Permissions.API.CreatedPermissionStatusObjects recorded 1 samples, mean = 0.0 (flags = 0x41)
0  -O                                                                        (1 = 100.0%)
1  ... 

Histogram: Permissions.Experimental.PrimaryMainNavigationFinished.AudioCapture.TopLevelHeaderPolicy recorded 1 samples, mean = 0.0 (flags = 0x41)
0  -O                                                                        (1 = 100.0%)
1  ... 

Histogram: Permissions.Experimental.PrimaryMainNavigationFinished.Geolocation.TopLevelHeaderPolicy recorded 1 samples, mean = 0.0 (flags = 0x41)
0  -O                                                                        (1 = 100.0%)
1  ... 

Histogram: Permissions.Experimental.PrimaryMainNavigationFinished.VideoCapture.TopLevelHeaderPolicy recorded 1 samples, mean = 0.0 (flags = 0x41)
0  -O                                                                        (1 = 100.0%)
1  ... 

Histogram: Permissions.QuietNotificationPrompts.RegularProfile.IsEnabledInPrefs recorded 1 samples, mean = 0.0 (flags = 0x41)
0  -O                                                                        (1 = 100.0%)
1  ... 

Histogram: Platform.IntelMaxMicroArchitecture recorded 1 samples, mean = 13.0 (flags = 0x41)
0   ... 
13  -O                                                                        (1 = 100.0%) {0.0%}
14  O                                                                         (0 = 0.0%) {100.0%}

Histogram: Power.BatteryDischargeMode5 recorded 8 samples, mean = 4.0 (flags = 0x41)
0  ... 
4  --------O                                                                 (8 = 100.0%) {0.0%}
5  ... 

Histogram: Power.BatteryDischargeMode5.Initial recorded 1 samples, mean = 4.0 (flags = 0x41)
0  ... 
4  -O                                                                        (1 = 100.0%) {0.0%}
5  ... 

Histogram: Power.BatteryDischargeMode5.Periodic recorded 7 samples, mean = 4.0 (flags = 0x41)
0  ... 
4  -------O                                                                  (7 = 100.0%) {0.0%}
5  ... 

Histogram: Power.BatteryDischargeMode5.ZeroWindow recorded 8 samples, mean = 4.0 (flags = 0x41)
0  ... 
4  --------O                                                                 (8 = 100.0%) {0.0%}
5  ... 

Histogram: Power.BatteryDischargeMode5.ZeroWindow.Initial recorded 1 samples, mean = 4.0 (flags = 0x41)
0  ... 
4  -O                                                                        (1 = 100.0%) {0.0%}
5  ... 

Histogram: Power.BatteryDischargeMode5.ZeroWindow.Periodic recorded 7 samples, mean = 4.0 (flags = 0x41)
0  ... 
4  -------O                                                                  (7 = 100.0%) {0.0%}
5  ... 

Histogram: Power.HasPreciseBatteryDischargeGranularity recorded 8 samples, mean = 0.0 (flags = 0x41)
0  --------O                                                                 (8 = 100.0%)
1  ... 

Histogram: Prefs.JSonStore.SetValueKey recorded 34 samples (flags = 0x41)
38959120    -O                                                                        (1 = 2.9%)
58852327    -O                                                                        (1 = 2.9%)
67499933    -O                                                                        (1 = 2.9%)
174384190   --O                                                                       (2 = 5.9%)
372921139   ---O                                                                      (3 = 8.8%)
376153846   -O                                                                        (1 = 2.9%)
819550135   -O                                                                        (1 = 2.9%)
830521985   -O                                                                        (1 = 2.9%)
852125461   --O                                                                       (2 = 5.9%)
945162316   -O                                                                        (1 = 2.9%)
1031488582  -O                                                                        (1 = 2.9%)
1132730623  -O                                                                        (1 = 2.9%)
1146220280  -O                                                                        (1 = 2.9%)
1186893056  -O                                                                        (1 = 2.9%)
1285180254  -O                                                                        (1 = 2.9%)
1333612670  -O                                                                        (1 = 2.9%)
1441835268  -O                                                                        (1 = 2.9%)
1543709623  -O                                                                        (1 = 2.9%)
1590148671  -O                                                                        (1 = 2.9%)
1886855768  -O                                                                        (1 = 2.9%)
1923415074  --O                                                                       (2 = 5.9%)
1927273959  -O                                                                        (1 = 2.9%)
1936820420  --O                                                                       (2 = 5.9%)
1956100443  --O                                                                       (2 = 5.9%)
1958764657  -O                                                                        (1 = 2.9%)
2056672062  -O                                                                        (1 = 2.9%)
2082524502  -O                                                                        (1 = 2.9%)

Histogram: Privacy.CookieControlsSetting.RegularProfile recorded 1 samples, mean = 2.0 (flags = 0x41)
0  ... 
2  -O                                                                        (1 = 100.0%) {0.0%}
3  O                                                                         (0 = 0.0%) {100.0%}

Histogram: Privacy.DIPS.BounceCategoryServer.Block3PC recorded 1 samples, mean = 0.0 (flags = 0x41)
0  -O                                                                        (1 = 100.0%)
1  ... 

Histogram: Privacy.DIPS.ClearedSitesCount.Block3PC recorded 1 samples, mean = 0.0 (flags = 0x41)
0  -O                                                                        (1 = 100.0%)
1  ... 

Histogram: Privacy.DIPS.DIPSErrorCodes recorded 4 samples, mean = 1.5 (flags = 0x41)
0  ---O                                                                      (3 = 75.0%)
1  ... 
6  -O                                                                        (1 = 25.0%) {75.0%}
7  ... 

Histogram: Privacy.DIPS.Database.Operation.FilterSitesWithProtectiveEventTime recorded 1 samples, mean = 0.0 (flags = 0x41)
0  -O                                                                        (1 = 100.0%)
1  ... 

Histogram: Privacy.DIPS.Database.Operation.GetSitesThatBouncedWithStateTime recorded 1 samples, mean = 0.0 (flags = 0x41)
0  -O                                                                        (1 = 100.0%)
1  ... 

Histogram: Privacy.DIPS.Database.Operation.InitTime recorded 1 samples, mean = 10.0 (flags = 0x41)
0   ... 
10  -O                                                                        (1 = 100.0%) {0.0%}
12  ... 

Histogram: Privacy.DIPS.Database.Operation.ReadPopupTime recorded 1 samples, mean = 0.0 (flags = 0x41)
0  -O                                                                        (1 = 100.0%)
1  ... 

Histogram: Privacy.DIPS.Database.Operation.ReadTime recorded 4 samples, mean = 0.0 (flags = 0x41)
0  ----O                                                                     (4 = 100.0%)
1  ... 

Histogram: Privacy.DIPS.Database.Operation.RemoveRowsTime recorded 1 samples, mean = 6.0 (flags = 0x41)
0  ... 
6  -O                                                                        (1 = 100.0%) {0.0%}
7  ... 

Histogram: Privacy.DIPS.Database.Operation.WriteTime recorded 1 samples, mean = 6.0 (flags = 0x41)
0  ... 
6  -O                                                                        (1 = 100.0%) {0.0%}
7  ... 

Histogram: Privacy.DIPS.DatabaseEntryCount recorded 1 samples, mean = 1.0 (flags = 0x41)
0  O                                                                         (0 = 0.0%)
1  -O                                                                        (1 = 100.0%) {0.0%}
2  ... 

Histogram: Privacy.DIPS.DatabaseHealthMetricsTime recorded 1 samples, mean = 0.0 (flags = 0x41)
0  -O                                                                        (1 = 100.0%)
1  ... 

Histogram: Privacy.DIPS.DatabaseInit recorded 1 samples, mean = 1.0 (flags = 0x41)
0  O                                                                         (0 = 0.0%)
1  -O                                                                        (1 = 100.0%) {0.0%}
2  ... 

Histogram: Privacy.DIPS.DatabaseSize recorded 1 samples, mean = 36.0 (flags = 0x41)
0  -O                                                                        (1 = 100.0%)
1000... 

Histogram: Privacy.DoNotTrackSetting2 recorded 1 samples, mean = 0.0 (flags = 0x41)
0  -O                                                                        (1 = 100.0%)
1  ... 

Histogram: Privacy.ThirdPartyCookieBlockingSetting.RegularProfile recorded 1 samples, mean = 0.0 (flags = 0x41)
0  -O                                                                        (1 = 100.0%)
1  ... 

Histogram: PrivacyBudget.Identifiability.FinchConfigValidationResult recorded 1 samples, mean = 1.0 (flags = 0x41)
0  O                                                                         (0 = 0.0%)
1  -O                                                                        (1 = 100.0%) {0.0%}
2  O                                                                         (0 = 0.0%) {100.0%}

Histogram: PrivacyBudget.Identifiability.RecordedSample recorded 93 samples, mean = 0.0 (flags = 0x41)
0  ------------------------------------------------------------------------O (93 = 100.0%)
1  ... 

Histogram: PrivacySandbox.NoticeRequirement.IsVariationCountryEmpty recorded 3 samples, mean = 1.0 (flags = 0x41)
0  O                                                                         (0 = 0.0%)
1  ---O                                                                      (3 = 100.0%) {0.0%}
2  O                                                                         (0 = 0.0%) {100.0%}

Histogram: PrivacySandbox.NoticeRequirement.IsVariationServiceReady recorded 3 samples, mean = 1.0 (flags = 0x41)
0  O                                                                         (0 = 0.0%)
1  ---O                                                                      (3 = 100.0%) {0.0%}
2  O                                                                         (0 = 0.0%) {100.0%}

Histogram: PrivacySandbox.TrackingProtection.OnboardingStartup.State recorded 1 samples, mean = 0.0 (flags = 0x41)
0  -O                                                                        (1 = 100.0%)
1  ... 

Histogram: PrivacySandbox.TrackingProtection.SilentOnboardingStartup.State recorded 1 samples, mean = 0.0 (flags = 0x41)
0  -O                                                                        (1 = 100.0%)
1  ... 

Histogram: Profile.AppCount recorded 1 samples, mean = 0.0 (flags = 0x41)
0  -O                                                                        (1 = 100.0%)
1  ... 

Histogram: Profile.BookmarksSize recorded 1 samples, mean = 0.0 (flags = 0x41)
0  -O                                                                        (1 = 100.0%)
1  ... 

Histogram: Profile.CookiesSize recorded 1 samples, mean = 0.0 (flags = 0x41)
0  -O                                                                        (1 = 100.0%)
1  ... 

Histogram: Profile.Destroyer.OffTheRecord recorded 1 samples, mean = 1.0 (flags = 0x41)
0  O                                                                         (0 = 0.0%)
1  -O                                                                        (1 = 100.0%) {0.0%}
2  ... 

Histogram: Profile.DidDestroyProfileBeforeShutdown recorded 1 samples, mean = 0.0 (flags = 0x41)
0  -O                                                                        (1 = 100.0%)
1  ... 

Histogram: Profile.ExtensionSize recorded 1 samples, mean = 0.0 (flags = 0x41)
0  -O                                                                        (1 = 100.0%)
1  ... 

Histogram: Profile.FaviconsSize recorded 1 samples, mean = 0.0 (flags = 0x41)
0  -O                                                                        (1 = 100.0%)
1  ... 

Histogram: Profile.HistorySize recorded 1 samples, mean = 0.0 (flags = 0x41)
0  -O                                                                        (1 = 100.0%)
1  ... 

Histogram: Profile.KeepAliveLeakAtShutdown recorded 2 samples, mean = 3.5 (flags = 0x41)
0  -O                                                                        (1 = 50.0%)
1  ... 
7  -O                                                                        (1 = 50.0%) {50.0%}
8  ... 

Histogram: Profile.NumberOfActiveProfiles recorded 1 samples, mean = 0.0 (flags = 0x41)
0  -O                                                                        (1 = 100.0%)
1  ... 

Histogram: Profile.NumberOfManagedProfiles recorded 1 samples, mean = 0.0 (flags = 0x41)
0  -O                                                                        (1 = 100.0%)
1  ... 

Histogram: Profile.NumberOfProfiles recorded 1 samples, mean = 1.0 (flags = 0x41)
0  O                                                                         (0 = 0.0%)
1  -O                                                                        (1 = 100.0%) {0.0%}
2  ... 

Histogram: Profile.NumberOfSignedInProfiles recorded 1 samples, mean = 0.0 (flags = 0x41)
0  -O                                                                        (1 = 100.0%)
1  ... 

Histogram: Profile.NumberOfUnusedProfiles recorded 1 samples, mean = 1.0 (flags = 0x41)
0  O                                                                         (0 = 0.0%)
1  -O                                                                        (1 = 100.0%) {0.0%}
2  ... 

Histogram: Profile.PercentageOfManagedProfiles recorded 1 samples, mean = 0.0 (flags = 0x41)
0  -O                                                                        (1 = 100.0%)
1  ... 

Histogram: Profile.TopSitesSize recorded 1 samples, mean = 0.0 (flags = 0x41)
0  -O                                                                        (1 = 100.0%)
1  ... 

Histogram: Profile.TotalHistorySize recorded 1 samples, mean = 0.0 (flags = 0x41)
0  -O                                                                        (1 = 100.0%)
1  ... 

Histogram: Profile.TotalSize recorded 1 samples, mean = 0.0 (flags = 0x41)
0  -O                                                                        (1 = 100.0%)
1  ... 

Histogram: Profile.TotalSizeRecursive recorded 1 samples, mean = 22.0 (flags = 0x41)
0   ... 
20  -O                                                                        (1 = 100.0%) {0.0%}
24  ... 

Histogram: Profile.TriggeredReset recorded 1 samples, mean = 0.0 (flags = 0x41)
0  -O                                                                        (1 = 100.0%)
1  ... 

Histogram: Profile.VisitedLinksSize recorded 1 samples, mean = 0.0 (flags = 0x41)
0  -O                                                                        (1 = 100.0%)
1  ... 

Histogram: Profile.WebDataSize recorded 1 samples, mean = 0.0 (flags = 0x41)
0  -O                                                                        (1 = 100.0%)
1  ... 

Histogram: ProfilePicker.StartupMode.CreateInitialProfile recorded 1 samples, mean = 0.0 (flags = 0x41)
0  -O                                                                        (1 = 100.0%)
1  ... 

Histogram: ProfilePicker.StartupMode.GetStartupProfile recorded 1 samples, mean = 0.0 (flags = 0x41)
0  -O                                                                        (1 = 100.0%)
1  ... 

Histogram: ProfilePicker.StartupReason.GetStartupProfile recorded 1 samples, mean = 27.0 (flags = 0x41)
0   ... 
27  -O                                                                        (1 = 100.0%) {0.0%}
28  ... 

Histogram: ProtoDB.DestroySuccess.DownloadDB recorded 3 samples, mean = 1.0 (flags = 0x41)
0  O                                                                         (0 = 0.0%)
1  ---O                                                                      (3 = 100.0%) {0.0%}
2  O                                                                         (0 = 0.0%) {100.0%}

Histogram: ProtoDB.DestroySuccess.DownloadService recorded 1 samples, mean = 1.0 (flags = 0x41)
0  O                                                                         (0 = 0.0%)
1  -O                                                                        (1 = 100.0%) {0.0%}
2  O                                                                         (0 = 0.0%) {100.0%}

Histogram: ProtoDB.DestroySuccess.PreviewsHintCacheStore recorded 1 samples, mean = 1.0 (flags = 0x41)
0  O                                                                         (0 = 0.0%)
1  -O                                                                        (1 = 100.0%) {0.0%}
2  O                                                                         (0 = 0.0%) {100.0%}

Histogram: ProtoDB.InitStatus.BudgetManager recorded 1 samples, mean = 4.0 (flags = 0x41)
0  ... 
4  -O                                                                        (1 = 100.0%) {0.0%}
5  ... 

Histogram: ProtoDB.InitStatus.CartDatabase recorded 1 samples, mean = 4.0 (flags = 0x41)
0  ... 
4  -O                                                                        (1 = 100.0%) {0.0%}
5  ... 

Histogram: ProtoDB.InitStatus.ClientCertificatesDatabase recorded 1 samples, mean = 4.0 (flags = 0x41)
0  ... 
4  -O                                                                        (1 = 100.0%) {0.0%}
5  ... 

Histogram: ProtoDB.InitStatus.CommerceParcelTrackingDatabase recorded 1 samples, mean = 4.0 (flags = 0x41)
0  ... 
4  -O                                                                        (1 = 100.0%) {0.0%}
5  ... 

Histogram: ProtoDB.InitStatus.CommerceSubscriptionDatabase recorded 1 samples, mean = 4.0 (flags = 0x41)
0  ... 
4  -O                                                                        (1 = 100.0%) {0.0%}
5  ... 

Histogram: ProtoDB.InitStatus.CouponDatabase recorded 1 samples, mean = 4.0 (flags = 0x41)
0  ... 
4  -O                                                                        (1 = 100.0%) {0.0%}
5  ... 

Histogram: ProtoDB.InitStatus.DiscountsDatabase recorded 1 samples, mean = 4.0 (flags = 0x41)
0  ... 
4  -O                                                                        (1 = 100.0%) {0.0%}
5  ... 

Histogram: ProtoDB.InitStatus.DownloadDB recorded 3 samples, mean = 4.0 (flags = 0x41)
0  ... 
4  ---O                                                                      (3 = 100.0%) {0.0%}
5  ... 

Histogram: ProtoDB.InitStatus.DownloadService recorded 2 samples, mean = 4.0 (flags = 0x41)
0  ... 
4  --O                                                                       (2 = 100.0%) {0.0%}
5  ... 

Histogram: ProtoDB.InitStatus.FeatureEngagementTrackerAvailabilityStore recorded 1 samples, mean = 4.0 (flags = 0x41)
0  ... 
4  -O                                                                        (1 = 100.0%) {0.0%}
5  ... 

Histogram: ProtoDB.InitStatus.FeatureEngagementTrackerEventStore recorded 1 samples, mean = 4.0 (flags = 0x41)
0  ... 
4  -O                                                                        (1 = 100.0%) {0.0%}
5  ... 

Histogram: ProtoDB.InitStatus.Metadata recorded 4 samples, mean = 5.0 (flags = 0x41)
0  ... 
5  ----O                                                                     (4 = 100.0%) {0.0%}
6  O                                                                         (0 = 0.0%) {100.0%}

Histogram: ProtoDB.InitStatus.PersistentOriginTrials recorded 1 samples, mean = 4.0 (flags = 0x41)
0  ... 
4  -O                                                                        (1 = 100.0%) {0.0%}
5  ... 

Histogram: ProtoDB.InitStatus.PreviewsHintCacheStore recorded 1 samples, mean = 4.0 (flags = 0x41)
0  ... 
4  -O                                                                        (1 = 100.0%) {0.0%}
5  ... 

Histogram: ProtoDB.InitStatus.SegmentInfoDatabase recorded 1 samples, mean = 4.0 (flags = 0x41)
0  ... 
4  -O                                                                        (1 = 100.0%) {0.0%}
5  ... 

Histogram: ProtoDB.InitStatus.SignalDatabase recorded 1 samples, mean = 4.0 (flags = 0x41)
0  ... 
4  -O                                                                        (1 = 100.0%) {0.0%}
5  ... 

Histogram: ProtoDB.InitStatus.SignalStorageConfigDatabase recorded 1 samples, mean = 4.0 (flags = 0x41)
0  ... 
4  -O                                                                        (1 = 100.0%) {0.0%}
5  ... 

Histogram: ProtoDB.InitStatus.StrikeService recorded 4 samples, mean = 4.0 (flags = 0x41)
0  ... 
4  ----O                                                                     (4 = 100.0%) {0.0%}
5  ... 

Histogram: ProtoDB.SharedDbInitStatus recorded 77 samples, mean = 9.4 (flags = 0x41)
0   ---------------------------O                                              (27 = 35.1%)
1   ... 
3   -----------------------O                                                  (23 = 29.9%) {35.1%}
4   ... 
24  -----------------------O                                                  (23 = 29.9%) {64.9%}
25  O                                                                         (0 = 0.0%) {94.8%}
26  ----O                                                                     (4 = 5.2%) {94.8%}
27  ... 

Histogram: Quota.AvailableDiskSpace recorded 1 samples, mean = 36267.0 (flags = 0x41)
0      ... 
35092  -O                                                                        (1 = 100.0%) {0.0%}
40936  ... 

Histogram: Quota.GlobalTemporaryPoolSize recorded 1 samples, mean = 762251.0 (flags = 0x41)
0       ... 
655169  -O                                                                        (1 = 100.0%) {0.0%}
764286  ... 

Histogram: Quota.PercentDiskAvailable recorded 1 samples, mean = 3.0 (flags = 0x41)
0  ... 
3  -O                                                                        (1 = 100.0%) {0.0%}
4  ... 

Histogram: Quota.TotalDiskSpace recorded 1 samples, mean = 952814.0 (flags = 0x41)
0       ... 
891576  -O                                                                        (1 = 100.0%) {0.0%}
1040066 ... 

Histogram: Quota.TotalDiskSpaceIsZero recorded 1 samples, mean = 0.0 (flags = 0x41)
0  -O                                                                        (1 = 100.0%)
1  ... 

Histogram: Renderer.Core.Timing.Performance.SwapsPerPerformanceEntryInsertion recorded 87 samples, mean = 5.1 (flags = 0x41)
0   ----------------------------------------------O                           (46 = 52.9%)
1   ---O                                                                      (3 = 3.4%) {52.9%}
2   -O                                                                        (1 = 1.1%) {56.3%}
3   -O                                                                        (1 = 1.1%) {57.5%}
4   ---O                                                                      (3 = 3.4%) {58.6%}
5   --O                                                                       (2 = 2.3%) {62.1%}
6   --O                                                                       (2 = 2.3%) {64.4%}
7   --O                                                                       (2 = 2.3%) {66.7%}
8   --O                                                                       (2 = 2.3%) {69.0%}
9   ... 
12  -O                                                                        (1 = 1.1%) {71.3%}
14  ----------------------O                                                   (22 = 25.3%) {72.4%}
16  --O                                                                       (2 = 2.3%) {97.7%}
18  ... 

Histogram: Renderer.CriticalFonts.BlockingResourcesLoadTime recorded 1 samples, mean = 28147.0 (flags = 0x41)
0      ... 
10000  -O                                                                        (1 = 100.0%) {0.0%}

Histogram: Renderer.CriticalFonts.CriticalFontDelay recorded 1 samples, mean = 0.0 (flags = 0x41)
0  -O                                                                        (1 = 100.0%)
1  ... 

Histogram: Renderer.CriticalFonts.PreloadedFontsLoadTime recorded 1 samples, mean = 26598.0 (flags = 0x41)
0      ... 
10000  -O                                                                        (1 = 100.0%) {0.0%}

Histogram: Renderer.Font.PrimaryFont.DomContentLoaded recorded 1 samples, mean = 58.0 (flags = 0x41)
0   ... 
57  -O                                                                        (1 = 100.0%) {0.0%}
68  ... 

Histogram: Renderer.Font.PrimaryFont.DomContentLoaded.Style recorded 1 samples, mean = 0.0 (flags = 0x41)
0  -O                                                                        (1 = 100.0%)
1  ... 

Histogram: Renderer.Font.SystemFallback.DomContentLoaded recorded 1 samples, mean = 0.0 (flags = 0x41)
0  -O                                                                        (1 = 100.0%)
1  ... 

Histogram: Renderer.Layout.TextWrapBalance recorded 2 samples, mean = 0.0 (flags = 0x41)
0  --O                                                                       (2 = 100.0%)
1  ... 

Histogram: Renderer.ProcessLifetime3 recorded 3 samples, mean = 341636.0 (flags = 0x41)
0       ... 
9062    -O                                                                        (1 = 33.3%) {0.0%}
10176   ... 
467525  --O                                                                       (2 = 66.7%) {33.3%}
525020  ... 

Histogram: Renderer.ProcessLifetime3.Empty recorded 1 samples, mean = 503157.0 (flags = 0x41)
0       ... 
467525  -O                                                                        (1 = 100.0%) {0.0%}
525020  ... 

Histogram: Renderer.ProcessLifetime3.MainFrame recorded 1 samples, mean = 512062.0 (flags = 0x41)
0       ... 
467525  -O                                                                        (1 = 100.0%) {0.0%}
525020  ... 

Histogram: Renderer.ProcessLifetime3.Speculative recorded 1 samples, mean = 9689.0 (flags = 0x41)
0     ... 
9062  -O                                                                        (1 = 100.0%) {0.0%}
10176 ... 

Histogram: Renderer.ReduceSubresourceResponseIPC.DidNotifyBrowser recorded 58 samples, mean = 1.0 (flags = 0x41)
0  O                                                                         (0 = 0.0%)
1  ----------------------------------------------------------O               (58 = 100.0%) {0.0%}
2  O                                                                         (0 = 0.0%) {100.0%}

Histogram: Renderer4.GpuRasterizationEnabled recorded 1 samples, mean = 1.0 (flags = 0x41)
0  O                                                                         (0 = 0.0%)
1  -O                                                                        (1 = 100.0%) {0.0%}
2  O                                                                         (0 = 0.0%) {100.0%}

Histogram: RendererScheduler.RendererMainThreadLoad5 recorded 529 samples, mean = 0.9 (flags = 0x41)
0    ------------------------------------------------------------------------O (521 = 98.5%)
1    O                                                                         (0 = 0.0%) {98.5%}
2    O                                                                         (1 = 0.2%) {98.5%}
3    ... 
5    O                                                                         (1 = 0.2%) {98.7%}
6    ... 
17   O                                                                         (1 = 0.2%) {98.9%}
18   ... 
72   O                                                                         (1 = 0.2%) {99.1%}
73   ... 
99   O                                                                         (2 = 0.4%) {99.2%}
100  O                                                                         (2 = 0.4%) {99.6%}
101  O                                                                         (0 = 0.0%) {100.0%}

Histogram: RendererScheduler.RendererMainThreadLoad5.Background recorded 511 samples, mean = 0.0 (flags = 0x41)
0  ------------------------------------------------------------------------O (511 = 100.0%)
1  ... 

Histogram: RendererScheduler.RendererMainThreadLoad5.Background.AfterFifthMinute recorded 204 samples, mean = 0.0 (flags = 0x41)
0  ------------------------------------------------------------------------O (204 = 100.0%)
1  ... 

Histogram: RendererScheduler.RendererMainThreadLoad5.Background.AfterFirstMinute recorded 444 samples, mean = 0.0 (flags = 0x41)
0  ------------------------------------------------------------------------O (444 = 100.0%)
1  ... 

Histogram: RendererScheduler.RendererMainThreadLoad5.Foreground recorded 25 samples, mean = 19.7 (flags = 0x41)
0    ------------------O                                                       (18 = 72.0%)
1    ... 
5    -O                                                                        (1 = 4.0%) {72.0%}
6    ... 
17   -O                                                                        (1 = 4.0%) {76.0%}
18   ... 
72   -O                                                                        (1 = 4.0%) {80.0%}
73   ... 
99   --O                                                                       (2 = 8.0%) {84.0%}
100  --O                                                                       (2 = 8.0%) {92.0%}
101  O                                                                         (0 = 0.0%) {100.0%}

Histogram: RendererScheduler.RendererMainThreadLoad5.Foreground.AfterFirstMinute recorded 444 samples, mean = 0.0 (flags = 0x41)
0  ------------------------------------------------------------------------O (443 = 99.8%)
1  O                                                                         (0 = 0.0%) {99.8%}
2  O                                                                         (1 = 0.2%) {99.8%}
3  ... 

Histogram: ReportingAndNEL.NumberOfLoadedNELPolicies recorded 1 samples, mean = 0.0 (flags = 0x41)
0  -O                                                                        (1 = 100.0%)
1  ... 

Histogram: ReportingAndNEL.NumberOfLoadedNELPolicies2 recorded 1 samples, mean = 0.0 (flags = 0x41)
0  -O                                                                        (1 = 100.0%)
1  ... 

Histogram: ReportingAndNEL.TimeInitializeDB recorded 1 samples, mean = 1.0 (flags = 0x41)
0  O                                                                         (0 = 0.0%)
1  -O                                                                        (1 = 100.0%) {0.0%}
2  ... 

Histogram: ResourceScheduler.RequestQueuingDuration.Priority1 recorded 3 samples, mean = 0.0 (flags = 0x41)
0  ---O                                                                      (3 = 100.0%)
1  ... 

Histogram: ResourceScheduler.RequestQueuingDuration.Priority2 recorded 29 samples, mean = 0.0 (flags = 0x41)
0  -----------------------------O                                            (29 = 100.0%)
1  ... 

Histogram: ResourceScheduler.RequestQueuingDuration.Priority3 recorded 1 samples, mean = 0.0 (flags = 0x41)
0  -O                                                                        (1 = 100.0%)
1  ... 

Histogram: ResourceScheduler.RequestQueuingDuration.Priority4 recorded 5 samples, mean = 0.0 (flags = 0x41)
0  -----O                                                                    (5 = 100.0%)
1  ... 

Histogram: ResourceScheduler.RequestQueuingDuration.Priority5 recorded 27 samples, mean = 0.0 (flags = 0x41)
0  ---------------------------O                                              (27 = 100.0%)
1  ... 

Histogram: SBClientPhishing.Classifier.Event recorded 2 samples, mean = 1.0 (flags = 0x41)
0  O                                                                         (0 = 0.0%)
1  --O                                                                       (2 = 100.0%) {0.0%}
2  ... 

Histogram: SBClientPhishing.HighConfidenceAllowlistCheckDuration recorded 1 samples, mean = 1220.0 (flags = 0x41)
0     ... 
1177  -O                                                                        (1 = 100.0%) {0.0%}
1496  ... 

Histogram: SBClientPhishing.ImageEmbedder.Event recorded 2 samples, mean = 1.0 (flags = 0x41)
0  O                                                                         (0 = 0.0%)
1  --O                                                                       (2 = 100.0%) {0.0%}
2  ... 

Histogram: SBClientPhishing.LoadReportTimesFromPrefAtServiceCreationSuccessful recorded 1 samples, mean = 1.0 (flags = 0x41)
0  O                                                                         (0 = 0.0%)
1  -O                                                                        (1 = 100.0%) {0.0%}
2  O                                                                         (0 = 0.0%) {100.0%}

Histogram: SBClientPhishing.MatchHighConfidenceAllowlist recorded 1 samples, mean = 3.0 (flags = 0x41)
0  ... 
3  -O                                                                        (1 = 100.0%) {0.0%}
4  O                                                                         (0 = 0.0%) {100.0%}

Histogram: SBClientPhishing.MatchHighConfidenceAllowlist.TriggerModel recorded 1 samples, mean = 3.0 (flags = 0x41)
0  ... 
3  -O                                                                        (1 = 100.0%) {0.0%}
4  O                                                                         (0 = 0.0%) {100.0%}

Histogram: SBClientPhishing.PreClassificationCheckResult recorded 1 samples, mean = 3.0 (flags = 0x41)
0  ... 
3  -O                                                                        (1 = 100.0%) {0.0%}
4  ... 

Histogram: SBIRS.DroppedIncident recorded 18 samples, mean = 1.0 (flags = 0x41)
0  O                                                                         (0 = 0.0%)
1  ------------------O                                                       (18 = 100.0%) {0.0%}
2  ... 

Histogram: SBIRS.ReceivedIncident recorded 18 samples, mean = 1.0 (flags = 0x41)
0  O                                                                         (0 = 0.0%)
1  ------------------O                                                       (18 = 100.0%) {0.0%}
2  ... 

Histogram: SSL.Experimental.SubresourceResponse recorded 58 samples, mean = 0.0 (flags = 0x41)
0  ----------------------------------------------------------O               (58 = 100.0%)
1  ... 

Histogram: SafeBrowsing.AsyncCheck.CommittedNavigationIdsSize recorded 5 samples, mean = 1.6 (flags = 0x41)
0  -O                                                                        (1 = 20.0%)
1  -O                                                                        (1 = 20.0%) {20.0%}
2  --O                                                                       (2 = 40.0%) {40.0%}
3  -O                                                                        (1 = 20.0%) {80.0%}
4  ... 

Histogram: SafeBrowsing.BrowserThrottle.CheckerOnIOLifetime recorded 1 samples, mean = 12754.0 (flags = 0x41)
0      ... 
10165  -O                                                                        (1 = 100.0%) {0.0%}
12916  ... 

Histogram: SafeBrowsing.BrowserThrottle.IntervalBetweenStartAndProcess recorded 1 samples, mean = 12754.0 (flags = 0x41)
0      ... 
10000  -O                                                                        (1 = 100.0%) {0.0%}

Histogram: SafeBrowsing.BrowserThrottle.IntervalBetweenStartAndProcess.FromNetwork recorded 1 samples, mean = 12754.0 (flags = 0x41)
0      ... 
10000  -O                                                                        (1 = 100.0%) {0.0%}

Histogram: SafeBrowsing.BrowserThrottle.IsCheckCompletedOnProcessResponse recorded 1 samples, mean = 1.0 (flags = 0x41)
0  O                                                                         (0 = 0.0%)
1  -O                                                                        (1 = 100.0%) {0.0%}
2  O                                                                         (0 = 0.0%) {100.0%}

Histogram: SafeBrowsing.BrowserThrottle.RequestDestination recorded 1 samples, mean = 3.0 (flags = 0x41)
0  ... 
3  -O                                                                        (1 = 100.0%) {0.0%}
4  ... 

Histogram: SafeBrowsing.BrowserThrottle.RequestDestination.Checked recorded 1 samples, mean = 3.0 (flags = 0x41)
0  ... 
3  -O                                                                        (1 = 100.0%) {0.0%}
4  ... 

Histogram: SafeBrowsing.BrowserThrottle.TotalDelay2.FromNetwork recorded 1 samples, mean = 0.0 (flags = 0x41)
0  -O                                                                        (1 = 100.0%)
1  ... 

Histogram: SafeBrowsing.BrowserThrottle.TotalDelay2.HashPrefixDatabaseCheck recorded 3 samples, mean = 0.0 (flags = 0x41)
0  ---O                                                                      (3 = 100.0%)
1  ... 

Histogram: SafeBrowsing.BrowserThrottle.WillProcessResponseCount recorded 1 samples, mean = 1.0 (flags = 0x41)
0  O                                                                         (0 = 0.0%)
1  -O                                                                        (1 = 100.0%) {0.0%}
2  ... 

Histogram: SafeBrowsing.CheckBrowseUrl.HasLocalMatch recorded 3 samples, mean = 1.0 (flags = 0x41)
0  O                                                                         (0 = 0.0%)
1  ---O                                                                      (3 = 100.0%) {0.0%}
2  O                                                                         (0 = 0.0%) {100.0%}

Histogram: SafeBrowsing.CheckUrl.Action recorded 3 samples, mean = 0.0 (flags = 0x41)
0  ---O                                                                      (3 = 100.0%)
1  ... 

Histogram: SafeBrowsing.CheckUrl.FirstRequestThreatType2 recorded 1 samples, mean = 1.0 (flags = 0x41)
0  O                                                                         (0 = 0.0%)
1  -O                                                                        (1 = 100.0%) {0.0%}
2  ... 

Histogram: SafeBrowsing.CheckUrl.FirstRequestThreatType2.LocalPVer4 recorded 1 samples, mean = 1.0 (flags = 0x41)
0  O                                                                         (0 = 0.0%)
1  -O                                                                        (1 = 100.0%) {0.0%}
2  ... 

Histogram: SafeBrowsing.CheckUrl.FirstRequestTimedOut recorded 1 samples, mean = 0.0 (flags = 0x41)
0  -O                                                                        (1 = 100.0%)
1  ... 

Histogram: SafeBrowsing.CheckUrl.FirstRequestTimedOut.LocalPVer4 recorded 1 samples, mean = 0.0 (flags = 0x41)
0  -O                                                                        (1 = 100.0%)
1  ... 

Histogram: SafeBrowsing.CheckUrl.IsDocumentCheckPrefetch recorded 3 samples, mean = 0.0 (flags = 0x41)
0  ---O                                                                      (3 = 100.0%)
1  ... 

Histogram: SafeBrowsing.CheckUrl.TimeTaken.HashDatabase recorded 3 samples, mean = 2918.0 (flags = 0x41)
0     -O                                                                        (1 = 33.3%)
1     ... 
318   -O                                                                        (1 = 33.3%) {33.3%}
378   ... 
8416  -O                                                                        (1 = 33.3%) {66.7%}
10000 O                                                                         (0 = 0.0%) {100.0%}

Histogram: SafeBrowsing.CheckUrl.Timeout recorded 3 samples, mean = 0.0 (flags = 0x41)
0  ---O                                                                      (3 = 100.0%)
1  ... 

Histogram: SafeBrowsing.CheckUrl.UrlScheme recorded 3 samples, mean = 10.0 (flags = 0x41)
0   ... 
10  ---O                                                                      (3 = 100.0%) {0.0%}
11  ... 

Histogram: SafeBrowsing.ClientSidePhishingDetection.AllowlistMatchResult recorded 1 samples, mean = 1.0 (flags = 0x41)
0  O                                                                         (0 = 0.0%)
1  -O                                                                        (1 = 100.0%) {0.0%}
2  ... 

Histogram: SafeBrowsing.Daily.BypassCountLast28Days.StandardProtection.AllEvents recorded 1 samples, mean = 0.0 (flags = 0x41)
0  -O                                                                        (1 = 100.0%)
1  ... 

Histogram: SafeBrowsing.Daily.SecuritySensitiveCountLast28Days.StandardProtection.AllEvents recorded 1 samples, mean = 0.0 (flags = 0x41)
0  -O                                                                        (1 = 100.0%)
1  ... 

Histogram: SafeBrowsing.FileTypeUpdate.ResourceBundleResult recorded 1 samples (flags = 0x41)
1  -O                                                                        (1 = 100.0%)

Histogram: SafeBrowsing.FileTypeUpdate.ResourceBundleVersion recorded 1 samples (flags = 0x41)
66  -O                                                                        (1 = 100.0%)

Histogram: SafeBrowsing.HPRT.Cache.FullHashCount recorded 2 samples, mean = 0.0 (flags = 0x41)
0  --O                                                                       (2 = 100.0%)
1  ... 

Histogram: SafeBrowsing.HPRT.Cache.HashPrefixCount recorded 2 samples, mean = 0.0 (flags = 0x41)
0  --O                                                                       (2 = 100.0%)
1  ... 

Histogram: SafeBrowsing.HPRT.Ineligible.FeatureOff recorded 1 samples, mean = 0.0 (flags = 0x41)
0  -O                                                                        (1 = 100.0%)
1  ... 

Histogram: SafeBrowsing.HPRT.Ineligible.IneligibleForLocation recorded 1 samples, mean = 0.0 (flags = 0x41)
0  -O                                                                        (1 = 100.0%)
1  ... 

Histogram: SafeBrowsing.HPRT.Ineligible.IneligibleForSessionOrLocation recorded 1 samples, mean = 1.0 (flags = 0x41)
0  O                                                                         (0 = 0.0%)
1  -O                                                                        (1 = 100.0%) {0.0%}
2  O                                                                         (0 = 0.0%) {100.0%}

Histogram: SafeBrowsing.HPRT.Ineligible.NoGoogleChromeBranding recorded 1 samples, mean = 1.0 (flags = 0x41)
0  O                                                                         (0 = 0.0%)
1  -O                                                                        (1 = 100.0%) {0.0%}
2  O                                                                         (0 = 0.0%) {100.0%}

Histogram: SafeBrowsing.HPRT.Ineligible.NotAllowedByPolicy recorded 1 samples, mean = 0.0 (flags = 0x41)
0  -O                                                                        (1 = 100.0%)
1  ... 

Histogram: SafeBrowsing.HPRT.Ineligible.NotStandardProtection recorded 1 samples, mean = 0.0 (flags = 0x41)
0  -O                                                                        (1 = 100.0%)
1  ... 

Histogram: SafeBrowsing.HPRT.Ineligible.OffTheRecord recorded 1 samples, mean = 0.0 (flags = 0x41)
0  -O                                                                        (1 = 100.0%)
1  ... 

Histogram: SafeBrowsing.HasCookieAtStartup2 recorded 1 samples, mean = 0.0 (flags = 0x41)
0  -O                                                                        (1 = 100.0%)
1  ... 

Histogram: SafeBrowsing.PageLoadToken.TokenCount recorded 2 samples, mean = 0.0 (flags = 0x41)
0  --O                                                                       (2 = 100.0%)
1  ... 

Histogram: SafeBrowsing.Pref.Daily.Extended recorded 1 samples, mean = 0.0 (flags = 0x41)
0  -O                                                                        (1 = 100.0%)
1  ... 

Histogram: SafeBrowsing.Pref.Daily.PasswordLeakToggle recorded 1 samples, mean = 1.0 (flags = 0x41)
0  O                                                                         (0 = 0.0%)
1  -O                                                                        (1 = 100.0%) {0.0%}
2  O                                                                         (0 = 0.0%) {100.0%}

Histogram: SafeBrowsing.Pref.Daily.SafeBrowsingModeManaged recorded 1 samples, mean = 0.0 (flags = 0x41)
0  -O                                                                        (1 = 100.0%)
1  ... 

Histogram: SafeBrowsing.Pref.Daily.SafeBrowsingState recorded 1 samples, mean = 1.0 (flags = 0x41)
0  O                                                                         (0 = 0.0%)
1  -O                                                                        (1 = 100.0%) {0.0%}
2  ... 

Histogram: SafeBrowsing.Pref.Enhanced recorded 1 samples, mean = 0.0 (flags = 0x41)
0  -O                                                                        (1 = 100.0%)
1  ... 

Histogram: SafeBrowsing.Pref.Enhanced.RegularProfile recorded 1 samples, mean = 0.0 (flags = 0x41)
0  -O                                                                        (1 = 100.0%)
1  ... 

Histogram: SafeBrowsing.Pref.Extended recorded 1 samples, mean = 0.0 (flags = 0x41)
0  -O                                                                        (1 = 100.0%)
1  ... 

Histogram: SafeBrowsing.Pref.General recorded 1 samples, mean = 1.0 (flags = 0x41)
0  O                                                                         (0 = 0.0%)
1  -O                                                                        (1 = 100.0%) {0.0%}
2  O                                                                         (0 = 0.0%) {100.0%}

Histogram: SafeBrowsing.RT.CacheManager.CleanUpTime recorded 2 samples, mean = 0.0 (flags = 0x41)
0  --O                                                                       (2 = 100.0%)
1  ... 

Histogram: SafeBrowsing.RT.CanCheckDatabase recorded 3 samples, mean = 1.0 (flags = 0x41)
0  O                                                                         (0 = 0.0%)
1  ---O                                                                      (3 = 100.0%) {0.0%}
2  O                                                                         (0 = 0.0%) {100.0%}

Histogram: SafeBrowsing.RT.ConsumerVersionReason recorded 2 samples, mean = 1.0 (flags = 0x41)
0  -O                                                                        (1 = 50.0%)
1  O                                                                         (0 = 0.0%) {50.0%}
2  -O                                                                        (1 = 50.0%) {50.0%}
3  ... 

Histogram: SafeBrowsing.RendererThrottle.IsCheckCompletedOnProcessResponse recorded 58 samples, mean = 1.0 (flags = 0x41)
0  O                                                                         (0 = 0.0%)
1  ----------------------------------------------------------O               (58 = 100.0%) {0.0%}
2  O                                                                         (0 = 0.0%) {100.0%}

Histogram: SafeBrowsing.RendererThrottle.RequestDestination recorded 58 samples, mean = 12.1 (flags = 0x41)
0   -----O                                                                    (5 = 8.6%)
1   ... 
5   -----O                                                                    (5 = 8.6%) {8.6%}
6   ... 
8   -O                                                                        (1 = 1.7%) {17.2%}
9   -O                                                                        (1 = 1.7%) {19.0%}
10  ... 
13  --------------------------O                                               (26 = 44.8%) {20.7%}
14  ... 
16  --------------------O                                                     (20 = 34.5%) {65.5%}
17  ... 

Histogram: SafeBrowsing.V4Database.Size recorded 1 samples, mean = 0.0 (flags = 0x41)
0  -O                                                                        (1 = 100.0%)
1  ... 

Histogram: SafeBrowsing.V4Database.Size.ChromeExtMalware recorded 1 samples, mean = 0.0 (flags = 0x41)
0  -O                                                                        (1 = 100.0%)
1  ... 

Histogram: SafeBrowsing.V4Database.Size.UrlBilling recorded 1 samples, mean = 0.0 (flags = 0x41)
0  -O                                                                        (1 = 100.0%)
1  ... 

Histogram: SafeBrowsing.V4Database.Size.UrlCsdDownloadAllowlist recorded 1 samples, mean = 0.0 (flags = 0x41)
0  -O                                                                        (1 = 100.0%)
1  ... 

Histogram: SafeBrowsing.V4Database.Size.UrlMalBin recorded 1 samples, mean = 0.0 (flags = 0x41)
0  -O                                                                        (1 = 100.0%)
1  ... 

Histogram: SafeBrowsing.V4Database.Size.UrlMalware recorded 1 samples, mean = 0.0 (flags = 0x41)
0  -O                                                                        (1 = 100.0%)
1  ... 

Histogram: SafeBrowsing.V4Database.Size.UrlSoceng recorded 1 samples, mean = 0.0 (flags = 0x41)
0  -O                                                                        (1 = 100.0%)
1  ... 

Histogram: SafeBrowsing.V4Database.Size.UrlUws recorded 1 samples, mean = 0.0 (flags = 0x41)
0  -O                                                                        (1 = 100.0%)
1  ... 

Histogram: SafeBrowsing.V4Database.SizeLinear recorded 1 samples, mean = 0.0 (flags = 0x41)
0  -O                                                                        (1 = 100.0%)
1  ... 

Histogram: SafeBrowsing.V4Database.SizeLinear.ChromeExtMalware recorded 1 samples, mean = 0.0 (flags = 0x41)
0  -O                                                                        (1 = 100.0%)
1  ... 

Histogram: SafeBrowsing.V4Database.SizeLinear.UrlMalBin recorded 1 samples, mean = 0.0 (flags = 0x41)
0  -O                                                                        (1 = 100.0%)
1  ... 

Histogram: SafeBrowsing.V4Database.SizeLinear.UrlSoceng recorded 1 samples, mean = 0.0 (flags = 0x41)
0  -O                                                                        (1 = 100.0%)
1  ... 

Histogram: SafeBrowsing.V4DatabaseInitializationTime recorded 1 samples, mean = 18083.0 (flags = 0x41)
0      ... 
10000  -O                                                                        (1 = 100.0%) {0.0%}

Histogram: SafeBrowsing.V4Store.IsStoreValid recorded 7 samples, mean = 0.0 (flags = 0x41)
0  -------O                                                                  (7 = 100.0%)
1  ... 

Histogram: SafeBrowsing.V4Store.IsStoreValid.ChromeExtMalware recorded 1 samples, mean = 0.0 (flags = 0x41)
0  -O                                                                        (1 = 100.0%)
1  ... 

Histogram: SafeBrowsing.V4Store.IsStoreValid.UrlBilling recorded 1 samples, mean = 0.0 (flags = 0x41)
0  -O                                                                        (1 = 100.0%)
1  ... 

Histogram: SafeBrowsing.V4Store.IsStoreValid.UrlCsdDownloadAllowlist recorded 1 samples, mean = 0.0 (flags = 0x41)
0  -O                                                                        (1 = 100.0%)
1  ... 

Histogram: SafeBrowsing.V4Store.IsStoreValid.UrlMalBin recorded 1 samples, mean = 0.0 (flags = 0x41)
0  -O                                                                        (1 = 100.0%)
1  ... 

Histogram: SafeBrowsing.V4Store.IsStoreValid.UrlMalware recorded 1 samples, mean = 0.0 (flags = 0x41)
0  -O                                                                        (1 = 100.0%)
1  ... 

Histogram: SafeBrowsing.V4Store.IsStoreValid.UrlSoceng recorded 1 samples, mean = 0.0 (flags = 0x41)
0  -O                                                                        (1 = 100.0%)
1  ... 

Histogram: SafeBrowsing.V4Store.IsStoreValid.UrlUws recorded 1 samples, mean = 0.0 (flags = 0x41)
0  -O                                                                        (1 = 100.0%)
1  ... 

Histogram: SafeBrowsing.V4Store.ReadyOnStartup recorded 7 samples, mean = 0.0 (flags = 0x41)
0  -------O                                                                  (7 = 100.0%)
1  ... 

Histogram: SafeBrowsing.V4StoreRead.Result recorded 7 samples, mean = 2.0 (flags = 0x41)
0  ... 
2  -------O                                                                  (7 = 100.0%) {0.0%}
3  ... 

Histogram: Scheduling.MessagePumpTimeKeeper.BrowserIO recorded 0 samples (flags = 0x41)
0 ... 

Histogram: Scheduling.MessagePumpTimeKeeper.BrowserUI recorded 0 samples (flags = 0x41)
0 ... 

Histogram: Scheduling.ThreadController.ActiveIntervalDuration.Any.BrowserUI recorded 32 samples, mean = 0.0 (flags = 0x41)
0  --------------------------------O                                         (32 = 100.0%)
1  ... 

Histogram: Scheduling.ThreadController.ActiveIntervalDuration.Any.Other recorded 9 samples, mean = 20.2 (flags = 0x41)
0    ------O                                                                   (6 = 66.7%)
1    -O                                                                        (1 = 11.1%) {66.7%}
2    O                                                                         (0 = 0.0%) {77.8%}
3    -O                                                                        (1 = 11.1%) {77.8%}
4    ... 
160  -O                                                                        (1 = 11.1%) {88.9%}
190  ... 

Histogram: Scheduling.ThreadController.ActiveIntervalDuration.Medium.Other recorded 2 samples, mean = 2.0 (flags = 0x41)
0  O                                                                         (0 = 0.0%)
1  -O                                                                        (1 = 50.0%) {0.0%}
2  O                                                                         (0 = 0.0%) {50.0%}
3  -O                                                                        (1 = 50.0%) {50.0%}
4  ... 

Histogram: Scheduling.ThreadController.ActiveIntervalDuration.Short.BrowserUI recorded 32 samples, mean = 0.4 (flags = 0x41)
0  ------------------O                                                       (18 = 56.2%)
1  --------------O                                                           (14 = 43.8%) {56.2%}
2  ... 

Histogram: Scheduling.ThreadController.ActiveIntervalDuration.Short.Other recorded 6 samples, mean = 33.2 (flags = 0x41)
0   ... 
2   -O                                                                        (1 = 16.7%) {0.0%}
3   ... 
9   -O                                                                        (1 = 16.7%) {16.7%}
10  ... 
12  --O                                                                       (2 = 33.3%) {33.3%}
13  ... 
78  -O                                                                        (1 = 16.7%) {66.7%}
82  -O                                                                        (1 = 16.7%) {83.3%}
86  ... 

Histogram: Scheduling.ThreadController.ActiveIntervalOffCpuDuration.Any.BrowserUI recorded 32 samples, mean = 0.0 (flags = 0x41)
0  --------------------------------O                                         (32 = 100.0%)
1  ... 

Histogram: Scheduling.ThreadController.ActiveIntervalOffCpuDuration.Any.Other recorded 9 samples, mean = 15.1 (flags = 0x41)
0    --------O                                                                 (8 = 88.9%)
1    ... 
135  -O                                                                        (1 = 11.1%) {88.9%}
160  ... 

Histogram: Scheduling.ThreadController.ActiveIntervalOffCpuDuration.Medium.Other recorded 2 samples, mean = 0.0 (flags = 0x41)
0  --O                                                                       (2 = 100.0%)
1  ... 

Histogram: Scheduling.ThreadController.ActiveIntervalOffCpuDuration.Short.BrowserUI recorded 32 samples, mean = 0.3 (flags = 0x41)
0  -----------------------O                                                  (23 = 71.9%)
1  ---------O                                                                (9 = 28.1%) {71.9%}
2  ... 

Histogram: Scheduling.ThreadController.ActiveIntervalOffCpuDuration.Short.Other recorded 6 samples, mean = 0.7 (flags = 0x41)
0  --O                                                                       (2 = 33.3%)
1  ----O                                                                     (4 = 66.7%) {33.3%}
2  ... 

Histogram: Scheduling.ThreadController.ActiveIntervalOnCpuDuration.Any.BrowserUI recorded 32 samples, mean = 0.0 (flags = 0x41)
0  --------------------------------O                                         (32 = 100.0%)
1  ... 

Histogram: Scheduling.ThreadController.ActiveIntervalOnCpuDuration.Any.Other recorded 9 samples, mean = 5.1 (flags = 0x41)
0   ------O                                                                   (6 = 66.7%)
1   -O                                                                        (1 = 11.1%) {66.7%}
2   O                                                                         (0 = 0.0%) {77.8%}
3   -O                                                                        (1 = 11.1%) {77.8%}
4   ... 
40  -O                                                                        (1 = 11.1%) {88.9%}
48  ... 

Histogram: Scheduling.ThreadController.ActiveIntervalOnCpuDuration.Medium.Other recorded 2 samples, mean = 2.0 (flags = 0x41)
0  O                                                                         (0 = 0.0%)
1  -O                                                                        (1 = 50.0%) {0.0%}
2  O                                                                         (0 = 0.0%) {50.0%}
3  -O                                                                        (1 = 50.0%) {50.0%}
4  ... 

Histogram: Scheduling.ThreadController.ActiveIntervalOnCpuDuration.Short.BrowserUI recorded 32 samples, mean = 0.2 (flags = 0x41)
0  ---------------------------O                                              (27 = 84.4%)
1  -----O                                                                    (5 = 15.6%) {84.4%}
2  ... 

Histogram: Scheduling.ThreadController.ActiveIntervalOnCpuDuration.Short.Other recorded 6 samples, mean = 32.5 (flags = 0x41)
0   O                                                                         (0 = 0.0%)
1   -O                                                                        (1 = 16.7%) {0.0%}
2   ... 
8   -O                                                                        (1 = 16.7%) {16.7%}
9   ... 
11  -O                                                                        (1 = 16.7%) {33.3%}
12  -O                                                                        (1 = 16.7%) {50.0%}
13  ... 
78  -O                                                                        (1 = 16.7%) {66.7%}
82  -O                                                                        (1 = 16.7%) {83.3%}
86  ... 

Histogram: Scheduling.ThreadController.ActiveIntervalOnCpuPercentage..Other recorded 1 samples, mean = 23.0 (flags = 0x41)
0   ... 
23  -O                                                                        (1 = 100.0%) {0.0%}
24  ... 

Histogram: Scheduling.ThreadController.ActiveIntervalOnCpuPercentage.Any.BrowserUI recorded 32 samples, mean = 71.9 (flags = 0x41)
0    ---------O                                                                (9 = 28.1%)
1    ... 
100  -----------------------O                                                  (23 = 71.9%) {28.1%}
101  O                                                                         (0 = 0.0%) {100.0%}

Histogram: Scheduling.ThreadController.ActiveIntervalOnCpuPercentage.Any.Other recorded 9 samples, mean = 83.1 (flags = 0x41)
0    ... 
23   -O                                                                        (1 = 11.1%) {0.0%}
24   ... 
50   -O                                                                        (1 = 11.1%) {11.1%}
51   ... 
88   -O                                                                        (1 = 11.1%) {22.2%}
89   ... 
91   -O                                                                        (1 = 11.1%) {33.3%}
92   ... 
98   -O                                                                        (1 = 11.1%) {44.4%}
99   --O                                                                       (2 = 22.2%) {55.6%}
100  --O                                                                       (2 = 22.2%) {77.8%}
101  O                                                                         (0 = 0.0%) {100.0%}

Histogram: Scheduling.ThreadController.ActiveIntervalOnCpuPercentage.Medium.Other recorded 2 samples, mean = 99.0 (flags = 0x41)
0   ... 
99  --O                                                                       (2 = 100.0%) {0.0%}
100 ... 

Histogram: Scheduling.ThreadController.ActiveIntervalOnCpuPercentage.Short.BrowserUI recorded 32 samples, mean = 71.9 (flags = 0x41)
0    ---------O                                                                (9 = 28.1%)
1    ... 
100  -----------------------O                                                  (23 = 71.9%) {28.1%}
101  O                                                                         (0 = 0.0%) {100.0%}

Histogram: Scheduling.ThreadController.ActiveIntervalOnCpuPercentage.Short.Other recorded 6 samples, mean = 87.8 (flags = 0x41)
0    ... 
50   -O                                                                        (1 = 16.7%) {0.0%}
51   ... 
88   -O                                                                        (1 = 16.7%) {16.7%}
89   ... 
91   -O                                                                        (1 = 16.7%) {33.3%}
92   ... 
98   -O                                                                        (1 = 16.7%) {50.0%}
99   O                                                                         (0 = 0.0%) {66.7%}
100  --O                                                                       (2 = 33.3%) {66.7%}
101  O                                                                         (0 = 0.0%) {100.0%}

Histogram: Scheduling.ThreadController.IdleDuration.Any.BrowserUI recorded 32 samples, mean = 0.0 (flags = 0x41)
0  --------------------------------O                                         (32 = 100.0%)
1  ... 

Histogram: Scheduling.ThreadController.IdleDuration.Any.Other recorded 5 samples, mean = 404.2 (flags = 0x41)
0    --O                                                                       (2 = 40.0%)
1    ... 
8    -O                                                                        (1 = 20.0%) {40.0%}
10   ... 
894  --O                                                                       (2 = 40.0%) {60.0%}
1062 ... 

Histogram: Scheduling.ThreadController.IdleDuration.Medium.Other recorded 1 samples, mean = 9.0 (flags = 0x41)
0  ... 
9  -O                                                                        (1 = 100.0%) {0.0%}
10 ... 

Histogram: Scheduling.ThreadController.IdleDuration.Short.BrowserUI recorded 32 samples, mean = 4.2 (flags = 0x41)
0   ... 
2   -------------O                                                            (13 = 40.6%) {0.0%}
3   -----------------O                                                        (17 = 53.1%) {40.6%}
4   -O                                                                        (1 = 3.1%) {93.8%}
5   ... 
52  -O                                                                        (1 = 3.1%) {96.9%}
55  ... 

Histogram: Scheduling.ThreadController.IdleDuration.Short.Other recorded 2 samples, mean = 95.0 (flags = 0x41)
0    ... 
78   -O                                                                        (1 = 50.0%) {0.0%}
82   ... 
105  -O                                                                        (1 = 50.0%) {50.0%}
110  ... 

Histogram: Search.ChoiceReprompt recorded 1 samples, mean = 6.0 (flags = 0x41)
0  ... 
6  -O                                                                        (1 = 100.0%) {0.0%}
7  O                                                                         (0 = 0.0%) {100.0%}

Histogram: Search.SearchProviderOverrideStatus recorded 1 samples, mean = 0.0 (flags = 0x41)
0  -O                                                                        (1 = 100.0%)
1  ... 

Histogram: Security.GwpAsan.Activated.Malloc.Browser recorded 1 samples, mean = 0.0 (flags = 0x41)
0  -O                                                                        (1 = 100.0%)
1  ... 

Histogram: Security.GwpAsan.Activated.PartitionAlloc.Browser recorded 1 samples, mean = 0.0 (flags = 0x41)
0  -O                                                                        (1 = 100.0%)
1  ... 

Histogram: Security.HttpsFirstMode.SettingEnabledAtStartup recorded 1 samples, mean = 0.0 (flags = 0x41)
0  -O                                                                        (1 = 100.0%)
1  ... 

Histogram: Security.JSONParser.ChromiumExtensionUsage recorded 1 samples, mean = 1.0 (flags = 0x41)
0  O                                                                         (0 = 0.0%)
1  -O                                                                        (1 = 100.0%) {0.0%}
2  ... 

Histogram: Security.JSONParser.ParsingTime recorded 17 samples, mean = 353.7 (flags = 0x41)
0     O                                                                         (0 = 0.0%)
1     --O                                                                       (2 = 11.8%) {0.0%}
2     ... 
4     --O                                                                       (2 = 11.8%) {11.8%}
5     -O                                                                        (1 = 5.9%) {23.5%}
7     -O                                                                        (1 = 5.9%) {29.4%}
9     ... 
16    --O                                                                       (2 = 11.8%) {35.3%}
21    -O                                                                        (1 = 5.9%) {47.1%}
28    ---O                                                                      (3 = 17.6%) {52.9%}
37    --O                                                                       (2 = 11.8%) {70.6%}
49    -O                                                                        (1 = 5.9%) {82.4%}
65    ... 
113   -O                                                                        (1 = 5.9%) {88.2%}
149   ... 
5338  -O                                                                        (1 = 5.9%) {94.1%}
7031  ... 

Histogram: Security.NavigationRequestSecurityLevel recorded 3 samples, mean = 1.0 (flags = 0x41)
0  O                                                                         (0 = 0.0%)
1  ---O                                                                      (3 = 100.0%) {0.0%}
2  ... 

Histogram: Security.PageEndReason.SECURE recorded 1 samples, mean = 6.0 (flags = 0x41)
0  ... 
6  -O                                                                        (1 = 100.0%) {0.0%}
7  ... 

Histogram: Security.PageEndReason.SafetyTip_None recorded 1 samples, mean = 6.0 (flags = 0x41)
0  ... 
6  -O                                                                        (1 = 100.0%) {0.0%}
7  ... 

Histogram: Security.PrivateNetworkAccess.CheckResult recorded 61 samples, mean = 2.7 (flags = 0x41)
0   -----O                                                                    (5 = 8.2%)
1   ----------------------------------------------O                           (46 = 75.4%) {8.2%}
2   ... 
12  ----------O                                                               (10 = 16.4%) {83.6%}
13  O                                                                         (0 = 0.0%) {100.0%}

Histogram: Security.SCTAuditing.NumPersistedReportsLoaded recorded 1 samples, mean = 0.0 (flags = 0x41)
0  -O                                                                        (1 = 100.0%)
1  ... 

Histogram: Security.SafetyTips.GetReputationStatusWithEngagedSitesTime recorded 1 samples, mean = 0.0 (flags = 0x41)
0  -O                                                                        (1 = 100.0%)
1  ... 

Histogram: Security.SafetyTips.ReputationCheckComplete.DidFinishNavigation recorded 1 samples, mean = 1.0 (flags = 0x41)
0  O                                                                         (0 = 0.0%)
1  -O                                                                        (1 = 100.0%) {0.0%}
2  ... 

Histogram: Security.SafetyTips.SafetyTipShown recorded 1 samples, mean = 1.0 (flags = 0x41)
0  O                                                                         (0 = 0.0%)
1  -O                                                                        (1 = 100.0%) {0.0%}
2  ... 

Histogram: Security.SafetyTips.StatusWithInitiator.Unknown recorded 1 samples, mean = 1.0 (flags = 0x41)
0  O                                                                         (0 = 0.0%)
1  -O                                                                        (1 = 100.0%) {0.0%}
2  ... 

Histogram: Security.SecurityLevel.OnCommit recorded 1 samples, mean = 3.0 (flags = 0x41)
0  ... 
3  -O                                                                        (1 = 100.0%) {0.0%}
4  ... 

Histogram: Security.SecurityLevel.OnComplete recorded 1 samples, mean = 3.0 (flags = 0x41)
0  ... 
3  -O                                                                        (1 = 100.0%) {0.0%}
4  ... 

Histogram: Security.SiteEngagement.SECURE recorded 1 samples, mean = 13.0 (flags = 0x41)
0   ... 
13  -O                                                                        (1 = 100.0%) {0.0%}
14  ... 

Histogram: Security.SiteEngagement.SafetyTip_None recorded 1 samples, mean = 13.0 (flags = 0x41)
0   ... 
13  -O                                                                        (1 = 100.0%) {0.0%}
14  ... 

Histogram: Security.TimeOnPage2.SECURE recorded 1 samples, mean = 516573.0 (flags = 0x41)
0       ... 
483200  -O                                                                        (1 = 100.0%) {0.0%}
557732  ... 

Histogram: Security.TimeOnPage2.SafetyTip_None recorded 1 samples, mean = 516573.0 (flags = 0x41)
0       ... 
483200  -O                                                                        (1 = 100.0%) {0.0%}
557732  ... 

Histogram: SegmentationPlatform.Database.UpdateUrlForUkmSource recorded 7 samples, mean = 0.9 (flags = 0x41)
0  ------O                                                                   (6 = 85.7%)
1  ... 
6  -O                                                                        (1 = 14.3%) {85.7%}
7  ... 

Histogram: SegmentationPlatform.Init.ProcessCreationToServiceCreationLatency recorded 1 samples, mean = 394009.0 (flags = 0x41)
0       ... 
180000  -O                                                                        (1 = 100.0%) {0.0%}

Histogram: SegmentationPlatform.SelectionFailedReason.ChromeLowUserEngagement recorded 2 samples, mean = 13.5 (flags = 0x41)
0   ... 
10  -O                                                                        (1 = 50.0%) {0.0%}
11  ... 
17  -O                                                                        (1 = 50.0%) {50.0%}
18  ... 

Histogram: SegmentationPlatform.SelectionFailedReason.ComposePromotion recorded 2 samples, mean = 13.5 (flags = 0x41)
0   ... 
10  -O                                                                        (1 = 50.0%) {0.0%}
11  ... 
17  -O                                                                        (1 = 50.0%) {50.0%}
18  ... 

Histogram: SegmentationPlatform.SelectionFailedReason.CrossDeviceUser recorded 2 samples, mean = 13.5 (flags = 0x41)
0   ... 
10  -O                                                                        (1 = 50.0%) {0.0%}
11  ... 
17  -O                                                                        (1 = 50.0%) {50.0%}
18  ... 

Histogram: SegmentationPlatform.SelectionFailedReason.DatabaseApiClients recorded 2 samples, mean = 13.5 (flags = 0x41)
0   ... 
10  -O                                                                        (1 = 50.0%) {0.0%}
11  ... 
17  -O                                                                        (1 = 50.0%) {50.0%}
18  ... 

Histogram: SegmentationPlatform.SelectionFailedReason.DeviceSwitcher recorded 2 samples, mean = 13.5 (flags = 0x41)
0   ... 
10  -O                                                                        (1 = 50.0%) {0.0%}
11  ... 
17  -O                                                                        (1 = 50.0%) {50.0%}
18  ... 

Histogram: SegmentationPlatform.SelectionFailedReason.PasswordManagerUser recorded 2 samples, mean = 13.5 (flags = 0x41)
0   ... 
10  -O                                                                        (1 = 50.0%) {0.0%}
11  ... 
17  -O                                                                        (1 = 50.0%) {50.0%}
18  ... 

Histogram: SegmentationPlatform.SelectionFailedReason.ResumeHeavyUser recorded 2 samples, mean = 13.5 (flags = 0x41)
0   ... 
10  -O                                                                        (1 = 50.0%) {0.0%}
11  ... 
17  -O                                                                        (1 = 50.0%) {50.0%}
18  ... 

Histogram: SegmentationPlatform.SelectionFailedReason.SearchUser recorded 2 samples, mean = 13.5 (flags = 0x41)
0   ... 
10  -O                                                                        (1 = 50.0%) {0.0%}
11  ... 
17  -O                                                                        (1 = 50.0%) {50.0%}
18  ... 

Histogram: SegmentationPlatform.SelectionFailedReason.ShoppingUser recorded 2 samples, mean = 13.5 (flags = 0x41)
0   ... 
10  -O                                                                        (1 = 50.0%) {0.0%}
11  ... 
17  -O                                                                        (1 = 50.0%) {50.0%}
18  ... 

Histogram: SegmentationPlatform.SelectionFailedReason.URLVisitResumptionRanker recorded 2 samples, mean = 13.5 (flags = 0x41)
0   ... 
10  -O                                                                        (1 = 50.0%) {0.0%}
11  ... 
17  -O                                                                        (1 = 50.0%) {50.0%}
18  ... 

Histogram: SegmentationPlatform.SelectionFailedReason.WebAppInstallationPromo recorded 2 samples, mean = 13.5 (flags = 0x41)
0   ... 
10  -O                                                                        (1 = 50.0%) {0.0%}
11  ... 
17  -O                                                                        (1 = 50.0%) {50.0%}
18  ... 

Histogram: SegmentationPlatform.SyncSessions.TabsCountAtStartup recorded 1 samples, mean = 0.0 (flags = 0x41)
0  -O                                                                        (1 = 100.0%)
1  ... 

Histogram: SegmentationPlatform.UkmDatabase.InitTime recorded 1 samples, mean = 58.0 (flags = 0x41)
0   ... 
57  -O                                                                        (1 = 100.0%) {0.0%}
68  ... 

Histogram: ServiceWorker.FindRegistrationForClientUrl.IsCalledForNavigation recorded 5 samples, mean = 0.2 (flags = 0x41)
0  ----O                                                                     (4 = 80.0%)
1  -O                                                                        (1 = 20.0%) {80.0%}
2  O                                                                         (0 = 0.0%) {100.0%}

Histogram: ServiceWorker.FindRegistrationForClientUrl.SkippedMojoCall.OnNavigation recorded 1 samples, mean = 0.0 (flags = 0x41)
0  -O                                                                        (1 = 100.0%)
1  ... 

Histogram: ServiceWorker.OnBrowserStartup.SkipServiceWorkerOnFirstNavigation recorded 1 samples, mean = 0.0 (flags = 0x41)
0  -O                                                                        (1 = 100.0%)
1  ... 

Histogram: ServiceWorker.RegisteredStorageKeyCount recorded 1 samples, mean = 0.0 (flags = 0x41)
0  -O                                                                        (1 = 100.0%)
1  ... 

Histogram: ServiceWorker.SkipCallingFindRegistrationForClientUrl recorded 2 samples, mean = 1.0 (flags = 0x41)
0  O                                                                         (0 = 0.0%)
1  --O                                                                       (2 = 100.0%) {0.0%}
2  O                                                                         (0 = 0.0%) {100.0%}

Histogram: ServiceWorker.Storage.ReadInitialDataFromDB.Time recorded 1 samples, mean = 0.0 (flags = 0x41)
0  -O                                                                        (1 = 100.0%)
1  ... 

Histogram: ServiceWorker.Storage.RegisteredStorageKeyCacheInitialization.Time recorded 1 samples, mean = 15220.0 (flags = 0x41)
0      ... 
12916  -O                                                                        (1 = 100.0%) {0.0%}
16411  ... 

Histogram: SessionRestore.UnrecoverableWriteErrorCount recorded 1 samples, mean = 0.0 (flags = 0x41)
0  -O                                                                        (1 = 100.0%)
1  ... 

Histogram: SessionStorageContext.CommitResult recorded 2 samples, mean = 0.0 (flags = 0x41)
0  --O                                                                       (2 = 100.0%)
1  ... 

Histogram: Settings.AdvancedSpellcheck.OnStartup2 recorded 1 samples, mean = 0.0 (flags = 0x41)
0  -O                                                                        (1 = 100.0%)
1  ... 

Histogram: Settings.AutocompleteSearches.OnStartup2 recorded 1 samples, mean = 1.0 (flags = 0x41)
0  O                                                                         (0 = 0.0%)
1  -O                                                                        (1 = 100.0%) {0.0%}
2  O                                                                         (0 = 0.0%) {100.0%}

Histogram: Settings.FingerprintingProtection.Enabled recorded 1 samples, mean = 0.0 (flags = 0x41)
0  -O                                                                        (1 = 100.0%)
1  ... 

Histogram: Settings.FirstPartySets.State recorded 1 samples, mean = 0.0 (flags = 0x41)
0  -O                                                                        (1 = 100.0%)
1  ... 

Histogram: Settings.IpProtection.Enabled recorded 1 samples, mean = 0.0 (flags = 0x41)
0  -O                                                                        (1 = 100.0%)
1  ... 

Histogram: Settings.PreloadStatus.OnStartup3 recorded 1 samples, mean = 1.0 (flags = 0x41)
0  O                                                                         (0 = 0.0%)
1  -O                                                                        (1 = 100.0%) {0.0%}
2  ... 

Histogram: Settings.PrivacySandbox.AdMeasurement.Enabled recorded 1 samples, mean = 0.0 (flags = 0x41)
0  -O                                                                        (1 = 100.0%)
1  ... 

Histogram: Settings.PrivacySandbox.Fledge.Enabled recorded 1 samples, mean = 0.0 (flags = 0x41)
0  -O                                                                        (1 = 100.0%)
1  ... 

Histogram: Settings.PrivacySandbox.Topics.Enabled recorded 1 samples, mean = 0.0 (flags = 0x41)
0  -O                                                                        (1 = 100.0%)
1  ... 

Histogram: Settings.ShowHomeButton2 recorded 1 samples, mean = 0.0 (flags = 0x41)
0  -O                                                                        (1 = 100.0%)
1  ... 

Histogram: Settings.StartupPageLoadSettings2 recorded 1 samples, mean = 5.0 (flags = 0x41)
0  ... 
5  -O                                                                        (1 = 100.0%) {0.0%}
6  ... 

Histogram: Settings.TrackedPreferenceChanged recorded 3 samples, mean = 7.7 (flags = 0x41)
0   ... 
3   -O                                                                        (1 = 33.3%) {0.0%}
4   O                                                                         (0 = 0.0%) {33.3%}
5   -O                                                                        (1 = 33.3%) {33.3%}
6   ... 
15  -O                                                                        (1 = 33.3%) {66.7%}
16  ... 

Histogram: Settings.TrackedPreferenceChanged.FromRegistry recorded 2 samples, mean = 10.0 (flags = 0x41)
0   ... 
5   -O                                                                        (1 = 50.0%) {0.0%}
6   ... 
15  -O                                                                        (1 = 50.0%) {50.0%}
16  ... 

Histogram: Settings.TrackedPreferenceCleared recorded 15 samples, mean = 15.9 (flags = 0x41)
0   -O                                                                        (1 = 6.7%)
1   -O                                                                        (1 = 6.7%) {6.7%}
2   -O                                                                        (1 = 6.7%) {13.3%}
3   O                                                                         (0 = 0.0%) {20.0%}
4   -O                                                                        (1 = 6.7%) {20.0%}
5   O                                                                         (0 = 0.0%) {26.7%}
6   -O                                                                        (1 = 6.7%) {26.7%}
7   -O                                                                        (1 = 6.7%) {33.3%}
8   ... 
11  -O                                                                        (1 = 6.7%) {40.0%}
12  ... 
14  -O                                                                        (1 = 6.7%) {46.7%}
15  ... 
18  -O                                                                        (1 = 6.7%) {53.3%}
19  ... 
23  -O                                                                        (1 = 6.7%) {60.0%}
24  -O                                                                        (1 = 6.7%) {66.7%}
25  ... 
29  -O                                                                        (1 = 6.7%) {73.3%}
30  ... 
32  -O                                                                        (1 = 6.7%) {80.0%}
33  -O                                                                        (1 = 6.7%) {86.7%}
34  -O                                                                        (1 = 6.7%) {93.3%}
35  O                                                                         (0 = 0.0%) {100.0%}

Histogram: Settings.TrackedPreferenceReset recorded 3 samples, mean = 7.7 (flags = 0x41)
0   ... 
3   -O                                                                        (1 = 33.3%) {0.0%}
4   O                                                                         (0 = 0.0%) {33.3%}
5   -O                                                                        (1 = 33.3%) {33.3%}
6   ... 
15  -O                                                                        (1 = 33.3%) {66.7%}
16  ... 

Histogram: Settings.TrackedPreferenceUnchanged.FromRegistry recorded 16 samples, mean = 15.1 (flags = 0x41)
0   -O                                                                        (1 = 6.2%)
1   -O                                                                        (1 = 6.2%) {6.2%}
2   -O                                                                        (1 = 6.2%) {12.5%}
3   -O                                                                        (1 = 6.2%) {18.8%}
4   -O                                                                        (1 = 6.2%) {25.0%}
5   O                                                                         (0 = 0.0%) {31.2%}
6   -O                                                                        (1 = 6.2%) {31.2%}
7   -O                                                                        (1 = 6.2%) {37.5%}
8   ... 
11  -O                                                                        (1 = 6.2%) {43.8%}
12  ... 
14  -O                                                                        (1 = 6.2%) {50.0%}
15  ... 
18  -O                                                                        (1 = 6.2%) {56.2%}
19  ... 
23  -O                                                                        (1 = 6.2%) {62.5%}
24  -O                                                                        (1 = 6.2%) {68.8%}
25  ... 
29  -O                                                                        (1 = 6.2%) {75.0%}
30  ... 
32  -O                                                                        (1 = 6.2%) {81.2%}
33  -O                                                                        (1 = 6.2%) {87.5%}
34  -O                                                                        (1 = 6.2%) {93.8%}
35  O                                                                         (0 = 0.0%) {100.0%}

Histogram: Settings.TrackingProtection.Enabled recorded 1 samples, mean = 0.0 (flags = 0x41)
0  -O                                                                        (1 = 100.0%)
1  ... 

Histogram: SharedDictionary.TimeInitializeDB recorded 1 samples, mean = 3.0 (flags = 0x41)
0  ... 
3  -O                                                                        (1 = 100.0%) {0.0%}
4  ... 

Histogram: Signin.APIKeyMatchesFeatureOnStartup recorded 3 samples, mean = 0.0 (flags = 0x41)
0  ---O                                                                      (3 = 100.0%)
1  ... 

Histogram: Signin.AccountTracker.CountOfLoadedAccounts recorded 1 samples, mean = 0.0 (flags = 0x41)
0  -O                                                                        (1 = 100.0%)
1  ... 

Histogram: Signin.ExplicitSigninMigration recorded 1 samples, mean = 0.0 (flags = 0x41)
0  -O                                                                        (1 = 100.0%)
1  ... 

Histogram: Signin.HadPreviousSyncAccount.SignedOutOnProfileLoad recorded 1 samples, mean = 0.0 (flags = 0x41)
0  -O                                                                        (1 = 100.0%)
1  ... 

Histogram: Signin.HadPreviousSyncAccount.SyncOffOnProfileLoad recorded 1 samples, mean = 0.0 (flags = 0x41)
0  -O                                                                        (1 = 100.0%)
1  ... 

Histogram: Signin.ListAccountsFailure recorded 1 samples, mean = 0.0 (flags = 0x41)
0  -O                                                                        (1 = 100.0%)
1  ... 

Histogram: Signin.PAMInitialize.PrimaryAccountPrefs recorded 1 samples, mean = 2.0 (flags = 0x41)
0  ... 
2  -O                                                                        (1 = 100.0%) {0.0%}
3  ... 

Histogram: Signin.SigninAllowed recorded 1 samples, mean = 0.0 (flags = 0x41)
0  -O                                                                        (1 = 100.0%)
1  ... 

Histogram: Signin.TokenTable.GetAllTokensSqlStatementValidity recorded 1 samples, mean = 1.0 (flags = 0x41)
0  O                                                                         (0 = 0.0%)
1  -O                                                                        (1 = 100.0%) {0.0%}
2  O                                                                         (0 = 0.0%) {100.0%}

Histogram: SimpleCache.App.CacheSizeOnInit recorded 1 samples, mean = 0.0 (flags = 0x41)
0  -O                                                                        (1 = 100.0%)
1000... 

Histogram: SimpleCache.App.ConsistencyResult recorded 1 samples, mean = 0.0 (flags = 0x41)
0  -O                                                                        (1 = 100.0%)
1  ... 

Histogram: SimpleCache.App.CreationToIndex recorded 1 samples, mean = 1.0 (flags = 0x41)
0  O                                                                         (0 = 0.0%)
1  -O                                                                        (1 = 100.0%) {0.0%}
2  ... 

Histogram: SimpleCache.App.IndexFileStateOnLoad recorded 1 samples, mean = 2.0 (flags = 0x41)
0  ... 
2  -O                                                                        (1 = 100.0%) {0.0%}
3  ... 

Histogram: SimpleCache.App.IndexInitializeMethod recorded 1 samples, mean = 1.0 (flags = 0x41)
0  O                                                                         (0 = 0.0%)
1  -O                                                                        (1 = 100.0%) {0.0%}
2  ... 

Histogram: SimpleCache.App.IndexNumEntriesOnInit recorded 1 samples, mean = 0.0 (flags = 0x41)
0  -O                                                                        (1 = 100.0%)
1  ... 

Histogram: SimpleCache.App.MaxCacheSizeOnInit recorded 1 samples, mean = 0.0 (flags = 0x41)
0  -O                                                                        (1 = 100.0%)
1000... 

Histogram: SimpleCache.Code.CacheSizeOnInit recorded 1 samples, mean = 12588.0 (flags = 0x41)
0      ... 
11702  -O                                                                        (1 = 100.0%) {0.0%}
13320  ... 

Histogram: SimpleCache.Code.ConsistencyResult recorded 1 samples, mean = 0.0 (flags = 0x41)
0  -O                                                                        (1 = 100.0%)
1  ... 

Histogram: SimpleCache.Code.CreationToIndex recorded 1 samples, mean = 8.0 (flags = 0x41)
0  ... 
8  -O                                                                        (1 = 100.0%) {0.0%}
10 ... 

Histogram: SimpleCache.Code.DiskCloseLatency recorded 51 samples, mean = 0.1 (flags = 0x41)
0  ----------------------------------------------O                           (46 = 90.2%)
1  -----O                                                                    (5 = 9.8%) {90.2%}
2  ... 

Histogram: SimpleCache.Code.DiskCreateLatency recorded 4 samples, mean = 0.2 (flags = 0x40)
0  ---O                                                                      (3 = 75.0%)
1  -O                                                                        (1 = 25.0%) {75.0%}
2  ... 

Histogram: SimpleCache.Code.DiskDoomLatency recorded 1 samples, mean = 2.0 (flags = 0x41)
0  ... 
2  -O                                                                        (1 = 100.0%) {0.0%}
3  ... 

Histogram: SimpleCache.Code.DiskOpenLatency recorded 47 samples, mean = 1.4 (flags = 0x41)
0  -----------------------------------O                                      (35 = 74.5%)
1  -O                                                                        (1 = 2.1%) {74.5%}
2  -O                                                                        (1 = 2.1%) {76.6%}
3  O                                                                         (0 = 0.0%) {78.7%}
4  -O                                                                        (1 = 2.1%) {78.7%}
5  -O                                                                        (1 = 2.1%) {80.9%}
6  O                                                                         (0 = 0.0%) {83.0%}
7  --------O                                                                 (8 = 17.0%) {83.0%}
8  ... 

Histogram: SimpleCache.Code.DiskWriteLatency recorded 8 samples, mean = 0.1 (flags = 0x41)
0  -------O                                                                  (7 = 87.5%)
1  -O                                                                        (1 = 12.5%) {87.5%}
2  ... 

Histogram: SimpleCache.Code.EntryCreationTime recorded 51 samples, mean = 2.8 (flags = 0x41)
0  ------------------------------O                                           (30 = 58.8%)
1  -O                                                                        (1 = 2.0%) {58.8%}
2  ... 
7  --------------------O                                                     (20 = 39.2%) {60.8%}
8  ... 

Histogram: SimpleCache.Code.HeaderSize recorded 29 samples, mean = 814.2 (flags = 0x41)
0     ---O                                                                      (3 = 10.3%)
1     ... 
12    -----O                                                                    (5 = 17.2%) {10.3%}
14    ... 
34    ---O                                                                      (3 = 10.3%) {27.6%}
40    ... 
68    ---O                                                                      (3 = 10.3%) {37.9%}
81    ... 
318   --O                                                                       (2 = 6.9%) {48.3%}
378   ... 
752   --O                                                                       (2 = 6.9%) {55.2%}
894   O                                                                         (0 = 0.0%) {62.1%}
1062  --O                                                                       (2 = 6.9%) {62.1%}
1262  --O                                                                       (2 = 6.9%) {69.0%}
1500  --O                                                                       (2 = 6.9%) {75.9%}
1782  O                                                                         (0 = 0.0%) {82.8%}
2117  --O                                                                       (2 = 6.9%) {82.8%}
2516  ---O                                                                      (3 = 10.3%) {89.7%}
2990  ... 

Histogram: SimpleCache.Code.IndexFileStateOnLoad recorded 1 samples, mean = 1.0 (flags = 0x41)
0  O                                                                         (0 = 0.0%)
1  -O                                                                        (1 = 100.0%) {0.0%}
2  ... 

Histogram: SimpleCache.Code.IndexInitializeMethod recorded 1 samples, mean = 0.0 (flags = 0x41)
0  -O                                                                        (1 = 100.0%)
1  ... 

Histogram: SimpleCache.Code.IndexNumEntriesOnInit recorded 1 samples, mean = 52.0 (flags = 0x41)
0   ... 
49  -O                                                                        (1 = 100.0%) {0.0%}
61  ... 

Histogram: SimpleCache.Code.IndexRestoreTime recorded 1 samples, mean = 4.0 (flags = 0x41)
0  -O                                                                        (1 = 100.0%)
10 ... 

Histogram: SimpleCache.Code.MaxCacheSizeOnInit recorded 1 samples, mean = 327680.0 (flags = 0x41)
0       ... 
297881  -O                                                                        (1 = 100.0%) {0.0%}
339058  ... 

Histogram: SimpleCache.Code.OpenEntryIndexState recorded 55 samples, mean = 1.9 (flags = 0x41)
0  O                                                                         (0 = 0.0%)
1  --------O                                                                 (8 = 14.5%) {0.0%}
2  -----------------------------------------------O                          (47 = 85.5%) {14.5%}
3  O                                                                         (0 = 0.0%) {100.0%}

Histogram: SimpleCache.Code.StaleIndexExtraEntryCount recorded 1 samples, mean = 0.0 (flags = 0x41)
0  -O                                                                        (1 = 100.0%)
1  ... 

Histogram: SimpleCache.Code.StaleIndexMissedEntryCount recorded 1 samples, mean = 0.0 (flags = 0x41)
0  -O                                                                        (1 = 100.0%)
1  ... 

Histogram: SimpleCache.Code.StaleIndexQuality recorded 1 samples, mean = 0.0 (flags = 0x41)
0  -O                                                                        (1 = 100.0%)
1  ... 

Histogram: SimpleCache.Code.SyncCheckEOFResult recorded 47 samples, mean = 0.0 (flags = 0x40)
0  -----------------------------------------------O                          (47 = 100.0%)
1  ... 

Histogram: SimpleCache.Code.SyncCloseResult recorded 51 samples, mean = 0.0 (flags = 0x40)
0  ---------------------------------------------------O                      (51 = 100.0%)
1  ... 

Histogram: SimpleCache.Code.SyncOpenPrefetchMode recorded 47 samples, mean = 0.0 (flags = 0x41)
0  -----------------------------------------------O                          (47 = 100.0%)
1  ... 

Histogram: SimpleCache.Code.SyncOpenResult recorded 47 samples, mean = 0.0 (flags = 0x40)
0  -----------------------------------------------O                          (47 = 100.0%)
1  ... 

Histogram: SimpleCache.Code.SyncWriteResult recorded 8 samples, mean = 0.0 (flags = 0x40)
0  --------O                                                                 (8 = 100.0%)
1  ... 

Histogram: SiteEngagementService.EngagementScore recorded 1 samples, mean = 13.0 (flags = 0x41)
0   ... 
13  -O                                                                        (1 = 100.0%) {0.0%}
14  ... 

Histogram: SiteEngagementService.EngagementType recorded 2 samples, mean = 4.0 (flags = 0x41)
0  -O                                                                        (1 = 50.0%)
1  ... 
8  -O                                                                        (1 = 50.0%) {50.0%}
9  ... 

Histogram: SiteEngagementService.MeanEngagement recorded 1 samples, mean = 13.0 (flags = 0x41)
0   ... 
13  -O                                                                        (1 = 100.0%) {0.0%}
14  ... 

Histogram: SiteEngagementService.MedianEngagement recorded 1 samples, mean = 13.0 (flags = 0x41)
0   ... 
13  -O                                                                        (1 = 100.0%) {0.0%}
14  ... 

Histogram: SiteEngagementService.OriginsEngaged recorded 1 samples, mean = 1.0 (flags = 0x41)
0  O                                                                         (0 = 0.0%)
1  -O                                                                        (1 = 100.0%) {0.0%}
2  ... 

Histogram: SiteIsolatedCodeCache.JS.Behaviour recorded 56 samples, mean = 1.7 (flags = 0x41)
0  ----------------------O                                                   (22 = 39.3%)
1  ----O                                                                     (4 = 7.1%) {39.3%}
2  -O                                                                        (1 = 1.8%) {46.4%}
3  -------------------------O                                                (25 = 44.6%) {48.2%}
4  ----O                                                                     (4 = 7.1%) {92.9%}
5  ... 

Histogram: SiteIsolatedCodeCache.JS.FetchCodeCache recorded 22 samples, mean = 6.6 (flags = 0x41)
0   --O                                                                       (2 = 9.1%)
1   ... 
7   -----------------O                                                        (17 = 77.3%) {9.1%}
8   --O                                                                       (2 = 9.1%) {86.4%}
10  -O                                                                        (1 = 4.5%) {95.5%}
12  ... 

Histogram: SiteIsolatedCodeCache.JS.Hit recorded 26 samples, mean = 0.8 (flags = 0x41)
0  ----O                                                                     (4 = 15.4%)
1  ----------------------O                                                   (22 = 84.6%) {15.4%}
2  O                                                                         (0 = 0.0%) {100.0%}

Histogram: SiteIsolatedCodeCache.JS.PotentialMemoryBackedCodeCacheHit recorded 26 samples, mean = 0.0 (flags = 0x41)
0  --------------------------O                                               (26 = 100.0%)
1  ... 

Histogram: SiteIsolatedCodeCache.JS.PotentialMemoryBackedCodeCacheSize2 recorded 1 samples, mean = 950304.0 (flags = 0x41)
0       ... 
680666  -O                                                                        (1 = 100.0%) {0.0%}
977583  ... 

Histogram: SiteIsolatedCodeCache.WASM.Behaviour recorded 4 samples, mean = 1.0 (flags = 0x41)
0  O                                                                         (0 = 0.0%)
1  ----O                                                                     (4 = 100.0%) {0.0%}
2  ... 

Histogram: SiteIsolation.BrowsingInstance.MaxCountPerProcess recorded 3 samples, mean = 0.7 (flags = 0x41)
0  -O                                                                        (1 = 33.3%)
1  --O                                                                       (2 = 66.7%) {33.3%}
2  ... 

Histogram: SiteIsolation.NewProcessUsedForNavigationWhenSameSiteProcessExists recorded 1 samples, mean = 0.0 (flags = 0x41)
0  -O                                                                        (1 = 100.0%)
1  ... 

Histogram: SiteIsolation.ProcessPerSiteWithMainFrameThreshold.IsDevToolsUser recorded 1 samples, mean = 0.0 (flags = 0x41)
0  -O                                                                        (1 = 100.0%)
1  ... 

Histogram: Skia.SubmitRenderPasses recorded 20 samples, mean = 0.6 (flags = 0x41)
0  ---------------O                                                          (15 = 75.0%)
1  --O                                                                       (2 = 10.0%) {75.0%}
2  -O                                                                        (1 = 5.0%) {85.0%}
3  -O                                                                        (1 = 5.0%) {90.0%}
4  -O                                                                        (1 = 5.0%) {95.0%}
5  ... 

Histogram: Sql.Statement.Affiliation.VMSteps recorded 15 samples, mean = 15.5 (flags = 0x41)
0   ... 
3   ----O                                                                     (4 = 26.7%) {0.0%}
4   O                                                                         (0 = 0.0%) {26.7%}
5   -O                                                                        (1 = 6.7%) {26.7%}
6   -O                                                                        (1 = 6.7%) {33.3%}
7   ... 
12  -----O                                                                    (5 = 33.3%) {40.0%}
14  ... 
20  -O                                                                        (1 = 6.7%) {73.3%}
24  O                                                                         (0 = 0.0%) {80.0%}
29  -O                                                                        (1 = 6.7%) {80.0%}
34  O                                                                         (0 = 0.0%) {86.7%}
40  -O                                                                        (1 = 6.7%) {86.7%}
48  -O                                                                        (1 = 6.7%) {93.3%}
57  ... 

Histogram: Sql.Statement.BrowsingTopics.VMSteps recorded 12 samples, mean = 8.0 (flags = 0x41)
0   ... 
3   ----O                                                                     (4 = 33.3%) {0.0%}
4   O                                                                         (0 = 0.0%) {33.3%}
5   -O                                                                        (1 = 8.3%) {33.3%}
6   ... 
8   --O                                                                       (2 = 16.7%) {41.7%}
10  O                                                                         (0 = 0.0%) {58.3%}
12  -----O                                                                    (5 = 41.7%) {58.3%}
14  ... 

Histogram: Sql.Statement.Cookie.VMSteps recorded 32 samples, mean = 21.5 (flags = 0x41)
0   ... 
3   ------O                                                                   (6 = 18.8%) {0.0%}
4   O                                                                         (0 = 0.0%) {18.8%}
5   --O                                                                       (2 = 6.2%) {18.8%}
6   O                                                                         (0 = 0.0%) {25.0%}
7   -O                                                                        (1 = 3.1%) {25.0%}
8   ... 
12  ----------O                                                               (10 = 31.2%) {28.1%}
14  O                                                                         (0 = 0.0%) {59.4%}
17  --O                                                                       (2 = 6.2%) {59.4%}
20  ---O                                                                      (3 = 9.4%) {65.6%}
24  -O                                                                        (1 = 3.1%) {75.0%}
29  -O                                                                        (1 = 3.1%) {78.1%}
34  -O                                                                        (1 = 3.1%) {81.2%}
40  ... 
57  ----O                                                                     (4 = 12.5%) {84.4%}
68  O                                                                         (0 = 0.0%) {96.9%}
81  -O                                                                        (1 = 3.1%) {96.9%}
96  ... 

Histogram: Sql.Statement.DIPS.VMSteps recorded 29 samples, mean = 13.4 (flags = 0x41)
0   ... 
3   --O                                                                       (2 = 6.9%) {0.0%}
4   O                                                                         (0 = 0.0%) {6.9%}
5   -O                                                                        (1 = 3.4%) {6.9%}
6   ... 
8   ----O                                                                     (4 = 13.8%) {10.3%}
10  -O                                                                        (1 = 3.4%) {24.1%}
12  -----------O                                                              (11 = 37.9%) {27.6%}
14  --O                                                                       (2 = 6.9%) {65.5%}
17  ---O                                                                      (3 = 10.3%) {72.4%}
20  ----O                                                                     (4 = 13.8%) {82.8%}
24  -O                                                                        (1 = 3.4%) {96.6%}
29  ... 

Histogram: Sql.Statement.FirstPartySets.VMSteps recorded 31 samples, mean = 9.2 (flags = 0x41)
0   ... 
3   ----------O                                                               (10 = 32.3%) {0.0%}
4   O                                                                         (0 = 0.0%) {32.3%}
5   -O                                                                        (1 = 3.2%) {32.3%}
6   ... 
8   ----O                                                                     (4 = 12.9%) {35.5%}
10  ---O                                                                      (3 = 9.7%) {48.4%}
12  -----------O                                                              (11 = 35.5%) {58.1%}
14  ... 
20  -O                                                                        (1 = 3.2%) {93.5%}
24  -O                                                                        (1 = 3.2%) {96.8%}
29  ... 

Histogram: Sql.Statement.History.VMSteps recorded 90 samples, mean = 70.0 (flags = 0x41)
0     ... 
3     --------O                                                                 (8 = 8.9%) {0.0%}
4     O                                                                         (0 = 0.0%) {8.9%}
5     -O                                                                        (1 = 1.1%) {8.9%}
6     --O                                                                       (2 = 2.2%) {10.0%}
7     O                                                                         (0 = 0.0%) {12.2%}
8     ----O                                                                     (4 = 4.4%) {12.2%}
10    ----O                                                                     (4 = 4.4%) {16.7%}
12    --------------O                                                           (14 = 15.6%) {21.1%}
14    -O                                                                        (1 = 1.1%) {36.7%}
17    ------------------O                                                       (18 = 20.0%) {37.8%}
20    -----O                                                                    (5 = 5.6%) {57.8%}
24    ------------O                                                             (12 = 13.3%) {63.3%}
29    ---O                                                                      (3 = 3.3%) {76.7%}
34    -O                                                                        (1 = 1.1%) {80.0%}
40    O                                                                         (0 = 0.0%) {81.1%}
48    --O                                                                       (2 = 2.2%) {81.1%}
57    -O                                                                        (1 = 1.1%) {83.3%}
68    ------O                                                                   (6 = 6.7%) {84.4%}
81    -O                                                                        (1 = 1.1%) {91.1%}
96    -O                                                                        (1 = 1.1%) {92.2%}
114   O                                                                         (0 = 0.0%) {93.3%}
135   ---O                                                                      (3 = 3.3%) {93.3%}
160   ... 
752   -O                                                                        (1 = 1.1%) {96.7%}
894   ... 
1500  --O                                                                       (2 = 2.2%) {97.8%}
1782  ... 

Histogram: Sql.Statement.OptOutBlacklist.VMSteps recorded 4 samples, mean = 10.8 (flags = 0x41)
0   ... 
5   -O                                                                        (1 = 25.0%) {0.0%}
6   O                                                                         (0 = 0.0%) {25.0%}
7   -O                                                                        (1 = 25.0%) {25.0%}
8   O                                                                         (0 = 0.0%) {50.0%}
10  -O                                                                        (1 = 25.0%) {50.0%}
12  ... 
20  -O                                                                        (1 = 25.0%) {75.0%}
24  ... 

Histogram: Sql.Statement.Passwords.VMSteps recorded 53 samples, mean = 23.9 (flags = 0x41)
0   ... 
3   ----O                                                                     (4 = 7.5%) {0.0%}
4   O                                                                         (0 = 0.0%) {7.5%}
5   --O                                                                       (2 = 3.8%) {7.5%}
6   --------O                                                                 (8 = 15.1%) {11.3%}
7   ----O                                                                     (4 = 7.5%) {26.4%}
8   ---O                                                                      (3 = 5.7%) {34.0%}
10  O                                                                         (0 = 0.0%) {39.6%}
12  ------------O                                                             (12 = 22.6%) {39.6%}
14  --O                                                                       (2 = 3.8%) {62.3%}
17  O                                                                         (0 = 0.0%) {66.0%}
20  --O                                                                       (2 = 3.8%) {66.0%}
24  ... 
34  --O                                                                       (2 = 3.8%) {69.8%}
40  ----O                                                                     (4 = 7.5%) {73.6%}
48  O                                                                         (0 = 0.0%) {81.1%}
57  ----O                                                                     (4 = 7.5%) {81.1%}
68  ------O                                                                   (6 = 11.3%) {88.7%}
81  ... 

Histogram: Sql.Statement.Predictor.VMSteps recorded 15 samples, mean = 15.9 (flags = 0x41)
0   ... 
3   --O                                                                       (2 = 13.3%) {0.0%}
4   O                                                                         (0 = 0.0%) {13.3%}
5   -O                                                                        (1 = 6.7%) {13.3%}
6   -O                                                                        (1 = 6.7%) {20.0%}
7   O                                                                         (0 = 0.0%) {26.7%}
8   -O                                                                        (1 = 6.7%) {26.7%}
10  ----O                                                                     (4 = 26.7%) {33.3%}
12  -O                                                                        (1 = 6.7%) {60.0%}
14  -O                                                                        (1 = 6.7%) {66.7%}
17  ... 
24  -O                                                                        (1 = 6.7%) {73.3%}
29  -O                                                                        (1 = 6.7%) {80.0%}
34  O                                                                         (0 = 0.0%) {86.7%}
40  -O                                                                        (1 = 6.7%) {86.7%}
48  -O                                                                        (1 = 6.7%) {93.3%}
57  ... 

Histogram: Sql.Statement.Quota.VMSteps recorded 15 samples, mean = 9.7 (flags = 0x41)
0   ... 
3   ----O                                                                     (4 = 26.7%) {0.0%}
4   O                                                                         (0 = 0.0%) {26.7%}
5   -O                                                                        (1 = 6.7%) {26.7%}
6   ... 
8   -O                                                                        (1 = 6.7%) {33.3%}
10  O                                                                         (0 = 0.0%) {40.0%}
12  --------O                                                                 (8 = 53.3%) {40.0%}
14  ... 
20  -O                                                                        (1 = 6.7%) {93.3%}
24  ... 

Histogram: Sql.Statement.ReportingAndNEL.VMSteps recorded 12 samples, mean = 13.8 (flags = 0x41)
0   ... 
3   --O                                                                       (2 = 16.7%) {0.0%}
4   O                                                                         (0 = 0.0%) {16.7%}
5   -O                                                                        (1 = 8.3%) {16.7%}
6   -O                                                                        (1 = 8.3%) {25.0%}
7   ... 
12  -----O                                                                    (5 = 41.7%) {33.3%}
14  ... 
20  -O                                                                        (1 = 8.3%) {75.0%}
24  O                                                                         (0 = 0.0%) {83.3%}
29  -O                                                                        (1 = 8.3%) {83.3%}
34  -O                                                                        (1 = 8.3%) {91.7%}
40  ... 

Histogram: Sql.Statement.SharedDictionary.VMSteps recorded 20 samples, mean = 9.1 (flags = 0x41)
0   ... 
3   --------O                                                                 (8 = 40.0%) {0.0%}
4   O                                                                         (0 = 0.0%) {40.0%}
5   -O                                                                        (1 = 5.0%) {40.0%}
6   ... 
8   -O                                                                        (1 = 5.0%) {45.0%}
10  O                                                                         (0 = 0.0%) {50.0%}
12  -------O                                                                  (7 = 35.0%) {50.0%}
14  O                                                                         (0 = 0.0%) {85.0%}
17  --O                                                                       (2 = 10.0%) {85.0%}
20  -O                                                                        (1 = 5.0%) {95.0%}
24  ... 

Histogram: Sql.Statement.SharedStorage.VMSteps recorded 3 samples, mean = 7.7 (flags = 0x41)
0   ... 
5   -O                                                                        (1 = 33.3%) {0.0%}
6   ... 
8   -O                                                                        (1 = 33.3%) {33.3%}
10  -O                                                                        (1 = 33.3%) {66.7%}
12  ... 

Histogram: Sql.Statement.Thumbnail.VMSteps recorded 25 samples, mean = 12.4 (flags = 0x41)
0   ... 
3   --------O                                                                 (8 = 32.0%) {0.0%}
4   O                                                                         (0 = 0.0%) {32.0%}
5   -O                                                                        (1 = 4.0%) {32.0%}
6   ... 
8   -O                                                                        (1 = 4.0%) {36.0%}
10  O                                                                         (0 = 0.0%) {40.0%}
12  ----------O                                                               (10 = 40.0%) {40.0%}
14  ... 
24  -O                                                                        (1 = 4.0%) {80.0%}
29  ----O                                                                     (4 = 16.0%) {84.0%}
34  ... 

Histogram: Sql.Statement.TopSites.VMSteps recorded 13 samples, mean = 12.7 (flags = 0x41)
0   ... 
3   --O                                                                       (2 = 15.4%) {0.0%}
4   O                                                                         (0 = 0.0%) {15.4%}
5   -O                                                                        (1 = 7.7%) {15.4%}
6   ... 
12  ---------O                                                                (9 = 69.2%) {23.1%}
14  ... 
40  -O                                                                        (1 = 7.7%) {92.3%}
48  ... 

Histogram: Sql.Statement.TrustTokens.VMSteps recorded 16 samples, mean = 14.1 (flags = 0x41)
0   ... 
3   --O                                                                       (2 = 12.5%) {0.0%}
4   O                                                                         (0 = 0.0%) {12.5%}
5   -O                                                                        (1 = 6.2%) {12.5%}
6   ---O                                                                      (3 = 18.8%) {18.8%}
7   ... 
10  -O                                                                        (1 = 6.2%) {37.5%}
12  -----O                                                                    (5 = 31.2%) {43.8%}
14  ... 
20  -O                                                                        (1 = 6.2%) {75.0%}
24  O                                                                         (0 = 0.0%) {81.2%}
29  -O                                                                        (1 = 6.2%) {81.2%}
34  --O                                                                       (2 = 12.5%) {87.5%}
40  ... 

Histogram: Sql.Statement.UKMMetrics.VMSteps recorded 33 samples, mean = 13.3 (flags = 0x41)
0   ... 
3   -----O                                                                    (5 = 15.2%) {0.0%}
4   O                                                                         (0 = 0.0%) {15.2%}
5   -O                                                                        (1 = 3.0%) {15.2%}
6   ... 
8   --------O                                                                 (8 = 24.2%) {18.2%}
10  O                                                                         (0 = 0.0%) {42.4%}
12  --------O                                                                 (8 = 24.2%) {42.4%}
14  ... 
20  ---------O                                                                (9 = 27.3%) {66.7%}
24  O                                                                         (0 = 0.0%) {93.9%}
29  -O                                                                        (1 = 3.0%) {93.9%}
34  O                                                                         (0 = 0.0%) {97.0%}
40  -O                                                                        (1 = 3.0%) {97.0%}
48  ... 

Histogram: Sql.Statement.Web.VMSteps recorded 117 samples, mean = 52.7 (flags = 0x41)
0    ... 
3    --------O                                                                 (8 = 6.8%) {0.0%}
4    -O                                                                        (1 = 0.9%) {6.8%}
5    -O                                                                        (1 = 0.9%) {7.7%}
6    ------------O                                                             (12 = 10.3%) {8.5%}
7    ----------O                                                               (10 = 8.5%) {18.8%}
8    -------O                                                                  (7 = 6.0%) {27.4%}
10   ---------O                                                                (9 = 7.7%) {33.3%}
12   --------------O                                                           (14 = 12.0%) {41.0%}
14   -O                                                                        (1 = 0.9%) {53.0%}
17   ---O                                                                      (3 = 2.6%) {53.8%}
20   -O                                                                        (1 = 0.9%) {56.4%}
24   -O                                                                        (1 = 0.9%) {57.3%}
29   --O                                                                       (2 = 1.7%) {58.1%}
34   --O                                                                       (2 = 1.7%) {59.8%}
40   --O                                                                       (2 = 1.7%) {61.5%}
48   ---O                                                                      (3 = 2.6%) {63.2%}
57   ----O                                                                     (4 = 3.4%) {65.8%}
68   ----O                                                                     (4 = 3.4%) {69.2%}
81   --O                                                                       (2 = 1.7%) {72.6%}
96   -------O                                                                  (7 = 6.0%) {74.4%}
114  -----O                                                                    (5 = 4.3%) {80.3%}
135  -------O                                                                  (7 = 6.0%) {84.6%}
160  -----O                                                                    (5 = 4.3%) {90.6%}
190  ------O                                                                   (6 = 5.1%) {94.9%}
226  ... 

Histogram: Sql.vfs.SyncTime recorded 59 samples, mean = 1.1 (flags = 0x41)
0  --O                                                                       (2 = 3.4%)
1  ------------------------------------------------O                         (48 = 81.4%) {3.4%}
2  ---------O                                                                (9 = 15.3%) {84.7%}
3  ... 

Histogram: Stability.Counts2 recorded 10 samples, mean = 19.8 (flags = 0x43)
0   ... 
2   ---O                                                                      (3 = 30.0%) {0.0%}
3   ... 
15  -O                                                                        (1 = 10.0%) {30.0%}
16  ... 
26  ---O                                                                      (3 = 30.0%) {40.0%}
27  ... 
33  ---O                                                                      (3 = 30.0%) {70.0%}
34  O                                                                         (0 = 0.0%) {100.0%}

Histogram: Stability.Experimental.PageLoads recorded 3 samples, mean = 17.0 (flags = 0x41)
0   ... 
17  ---O                                                                      (3 = 100.0%) {0.0%}
18  O                                                                         (0 = 0.0%) {100.0%}

Histogram: Startup.AfterStartupTaskCount recorded 1 samples, mean = 2.0 (flags = 0x41)
0  ... 
2  -O                                                                        (1 = 100.0%) {0.0%}
3  ... 

Histogram: Startup.AfterStartupTaskDelayedUntilTime recorded 1 samples, mean = 145680.0 (flags = 0x41)
0       ... 
127499  -O                                                                        (1 = 100.0%) {0.0%}
172742  ... 

Histogram: Startup.BrowserMainRunnerImplInitializeLongTime recorded 1 samples, mean = 8095.0 (flags = 0x41)
0     ... 
7541  -O                                                                        (1 = 100.0%) {0.0%}
8704  ... 

Histogram: Startup.BrowserMessageLoopFirstIdle recorded 1 samples, mean = 540764.0 (flags = 0x41)
0       ... 
483200  -O                                                                        (1 = 100.0%) {0.0%}
557732  ... 

Histogram: Startup.BrowserMessageLoopStartTime recorded 1 samples, mean = 10411.0 (flags = 0x41)
0      ... 
10047  -O                                                                        (1 = 100.0%) {0.0%}
11597  ... 

Histogram: Startup.CreateFirstProfile recorded 1 samples, mean = 2982.0 (flags = 0x41)
0     ... 
2460  -O                                                                        (1 = 100.0%) {0.0%}
3333  ... 

Histogram: Startup.FirstWebContents.FinishReason recorded 1 samples, mean = 6.0 (flags = 0x41)
0  ... 
6  -O                                                                        (1 = 100.0%) {0.0%}
7  ... 

Histogram: Startup.LoadTime.ApplicationStartToChromeMain recorded 1 samples, mean = 9.0 (flags = 0x41)
0  ... 
7  -O                                                                        (1 = 100.0%) {0.0%}
10 ... 

Histogram: Startup.LoadTime.ProcessCreateToApplicationStart recorded 1 samples, mean = 112632.0 (flags = 0x41)
0      ... 
94106  -O                                                                        (1 = 100.0%) {0.0%}
127499 ... 

Histogram: Startup.LoadTime.RecordedProcessCreation recorded 1 samples, mean = 1.0 (flags = 0x1)
0  O                                                                         (0 = 0.0%)
1  -O                                                                        (1 = 100.0%) {0.0%}
2  O                                                                         (0 = 0.0%) {100.0%}

Histogram: Startup.PreMainMessageLoopRunImplLongTime recorded 1 samples, mean = 5617.0 (flags = 0x41)
0     ... 
4904  -O                                                                        (1 = 100.0%) {0.0%}
5660  ... 

Histogram: Startup.Temperature recorded 1 samples, mean = 3.0 (flags = 0x41)
0  ... 
3  -O                                                                        (1 = 100.0%) {0.0%}
4  O                                                                         (0 = 0.0%) {100.0%}

Histogram: Storage.Blob.CreateDirectoryResult recorded 1 samples, mean = 0.0 (flags = 0x41)
0  -O                                                                        (1 = 100.0%)
1  ... 

Histogram: Storage.SessionStorage.RendererAreaCacheHit recorded 2 samples, mean = 1.0 (flags = 0x41)
0  -O                                                                        (1 = 50.0%)
1  O                                                                         (0 = 0.0%) {50.0%}
2  -O                                                                        (1 = 50.0%) {50.0%}
3  O                                                                         (0 = 0.0%) {100.0%}

Histogram: Storage.SharedStorage.Database.Timing.OpenImpl recorded 1 samples, mean = 12.0 (flags = 0x41)
0   ... 
12  -O                                                                        (1 = 100.0%) {0.0%}
14  ... 

Histogram: Storage.SharedStorage.OnShutdown.NumSqlErrors recorded 1 samples, mean = 0.0 (flags = 0x41)
0  -O                                                                        (1 = 100.0%)
1  ... 

Histogram: Storage.SharedStorage.OnShutdown.RecoveryFromInitFailureAttempted recorded 1 samples, mean = 0.0 (flags = 0x41)
0  -O                                                                        (1 = 100.0%)
1  ... 

Histogram: Storage.SharedStorage.OnShutdown.RecoveryOnDiskAttempted recorded 1 samples, mean = 0.0 (flags = 0x41)
0  -O                                                                        (1 = 100.0%)
1  ... 

Histogram: Storage.SharedStorage.Worklet.NumPerPage recorded 1 samples, mean = 0.0 (flags = 0x41)
0  -O                                                                        (1 = 100.0%)
1  ... 

Histogram: Storage.SharedStorage.Worklet.SelectURL.CallsPerPage recorded 1 samples, mean = 0.0 (flags = 0x41)
0  -O                                                                        (1 = 100.0%)
1  ... 

Histogram: Style.InvalidationTime recorded 2 samples, mean = 29.0 (flags = 0x41)
0   ... 
21  -O                                                                        (1 = 50.0%) {0.0%}
29  -O                                                                        (1 = 50.0%) {50.0%}
40  ... 

Histogram: Style.RebuildLayoutTreeTime recorded 8 samples, mean = 10227.0 (flags = 0x41)
0      ... 
8      -O                                                                        (1 = 12.5%) {0.0%}
11     O                                                                         (0 = 0.0%) {12.5%}
15     -O                                                                        (1 = 12.5%) {12.5%}
21     ... 
40     --O                                                                       (2 = 25.0%) {25.0%}
55     --O                                                                       (2 = 25.0%) {50.0%}
76     ... 
5362   -O                                                                        (1 = 12.5%) {75.0%}
7439   ... 
73609  -O                                                                        (1 = 12.5%) {87.5%}
102126 ... 

Histogram: Style.RecalcTime recorded 14 samples, mean = 26141.6 (flags = 0x41)
0       ... 
3       -O                                                                        (1 = 7.1%) {0.0%}
4       ... 
40      -----O                                                                    (5 = 35.7%) {7.1%}
55      -O                                                                        (1 = 7.1%) {42.9%}
76      ... 
2786    -O                                                                        (1 = 7.1%) {50.0%}
3865    O                                                                         (0 = 0.0%) {57.1%}
5362    -O                                                                        (1 = 7.1%) {57.1%}
7439    O                                                                         (0 = 0.0%) {64.3%}
10321   -O                                                                        (1 = 7.1%) {64.3%}
14319   -O                                                                        (1 = 7.1%) {71.4%}
19866   O                                                                         (0 = 0.0%) {78.6%}
27562   -O                                                                        (1 = 7.1%) {78.6%}
38240   ... 
73609   -O                                                                        (1 = 7.1%) {85.7%}
102126  ... 
196583  -O                                                                        (1 = 7.1%) {92.9%}
272741  ... 

Histogram: SubresourceFilter.MainFrameLoad.RulesetIsAvailableAnyActivationLevel recorded 1 samples, mean = 0.0 (flags = 0x41)
0  -O                                                                        (1 = 100.0%)
1  ... 

Histogram: SubresourceFilter.PageLoad.ActivationDecision recorded 1 samples, mean = 1.0 (flags = 0x41)
0  O                                                                         (0 = 0.0%)
1  -O                                                                        (1 = 100.0%) {0.0%}
2  ... 

Histogram: SubresourceFilter.PageLoad.ActivationList recorded 1 samples, mean = 0.0 (flags = 0x41)
0  -O                                                                        (1 = 100.0%)
1  ... 

Histogram: SubresourceFilter.PageLoad.ActivationState recorded 2 samples, mean = 0.0 (flags = 0x41)
0  --O                                                                       (2 = 100.0%)
1  ... 

Histogram: SubresourceFilter.PageLoad.SafeBrowsingDelay recorded 1 samples, mean = 0.0 (flags = 0x41)
0  -O                                                                        (1 = 100.0%)
1  ... 

Histogram: SubresourceFilter.SafeBrowsing.TotalCheckTime recorded 4 samples, mean = 0.8 (flags = 0x41)
0  ---O                                                                      (3 = 75.0%)
1  ... 
3  -O                                                                        (1 = 25.0%) {75.0%}
4  ... 

Histogram: Sync.ModelTypeErrorSite.DEVICE_INFO recorded 1 samples, mean = 0.0 (flags = 0x41)
0  -O                                                                        (1 = 100.0%)
1  ... 

Histogram: Sync.ModelTypeErrorSite.READING_LIST recorded 2 samples, mean = 0.0 (flags = 0x41)
0  --O                                                                       (2 = 100.0%)
1  ... 

Histogram: Sync.ModelTypeErrorSite.SEND_TAB_TO_SELF recorded 1 samples, mean = 0.0 (flags = 0x41)
0  -O                                                                        (1 = 100.0%)
1  ... 

Histogram: Sync.ModelTypeErrorSite.WEB_APP recorded 1 samples, mean = 0.0 (flags = 0x41)
0  -O                                                                        (1 = 100.0%)
1  ... 

Histogram: Sync.ModelTypeStoreBackendError.Init recorded 1 samples, mean = 5.0 (flags = 0x41)
0  ... 
5  -O                                                                        (1 = 100.0%) {0.0%}
6  O                                                                         (0 = 0.0%) {100.0%}

Histogram: Sync.ModelTypeStoreBackendInitializationSuccess recorded 1 samples, mean = 0.0 (flags = 0x41)
0  -O                                                                        (1 = 100.0%)
1  ... 

Histogram: Sync.PassphraseType2 recorded 1 samples, mean = 0.0 (flags = 0x41)
0  -O                                                                        (1 = 100.0%)
1  ... 

Histogram: Sync.SyncToSigninMigrationDecision recorded 1 samples, mean = 1.0 (flags = 0x41)
0  O                                                                         (0 = 0.0%)
1  -O                                                                        (1 = 100.0%) {0.0%}
2  ... 

Histogram: Sync.TrustedVaultFileReadStatus recorded 1 samples, mean = 0.0 (flags = 0x41)
0  -O                                                                        (1 = 100.0%)
1  ... 

Histogram: Sync.TrustedVaultFileWriteSuccess recorded 1 samples, mean = 1.0 (flags = 0x41)
0  O                                                                         (0 = 0.0%)
1  -O                                                                        (1 = 100.0%) {0.0%}
2  O                                                                         (0 = 0.0%) {100.0%}

Histogram: TabGroups.CollapsedGroupCountPerLoad recorded 1 samples, mean = 0.0 (flags = 0x41)
0  -O                                                                        (1 = 100.0%)
1  ... 

Histogram: TabGroups.UserCustomizedGroupCountPerLoad recorded 1 samples, mean = 0.0 (flags = 0x41)
0  -O                                                                        (1 = 100.0%)
1  ... 

Histogram: TabGroups.UserGroupCountPerLoad recorded 1 samples, mean = 0.0 (flags = 0x41)
0  -O                                                                        (1 = 100.0%)
1  ... 

Histogram: TabGroups.UserPinnedTabCountPerLoad recorded 1 samples, mean = 0.0 (flags = 0x41)
0  -O                                                                        (1 = 100.0%)
1  ... 

Histogram: Tabs.NewNavigationWithSameOriginTab recorded 1 samples, mean = 0.0 (flags = 0x41)
0  -O                                                                        (1 = 100.0%)
1  ... 

Histogram: Tabs.TabCount recorded 1 samples, mean = 0.0 (flags = 0x41)
0  -O                                                                        (1 = 100.0%)
1  ... 

Histogram: Tabs.TabCount.PluggedIn recorded 1 samples, mean = 0.0 (flags = 0x41)
0  -O                                                                        (1 = 100.0%)
1  ... 

Histogram: Tabs.TabCountPerLoad recorded 1 samples, mean = 0.0 (flags = 0x41)
0  -O                                                                        (1 = 100.0%)
1  ... 

Histogram: Tabs.WindowCount recorded 1 samples, mean = 0.0 (flags = 0x41)
0  -O                                                                        (1 = 100.0%)
1  ... 

Histogram: Tabs.WindowCount.PluggedIn recorded 1 samples, mean = 0.0 (flags = 0x41)
0  -O                                                                        (1 = 100.0%)
1  ... 

Histogram: ThirdPartyModules.InputMethodEditorsCount recorded 1 samples, mean = 0.0 (flags = 0x41)
0  -O                                                                        (1 = 100.0%)
1  ... 

Histogram: ThreadPool.UnnecessaryWakeup.Browser.Background recorded 4 samples, mean = 1.0 (flags = 0x41)
0  O                                                                         (0 = 0.0%)
1  ----O                                                                     (4 = 100.0%) {0.0%}
2  O                                                                         (0 = 0.0%) {100.0%}

Histogram: ThreadPool.UnnecessaryWakeup.Browser.Foreground recorded 55 samples, mean = 1.0 (flags = 0x41)
0  O                                                                         (0 = 0.0%)
1  -------------------------------------------------------O                  (55 = 100.0%) {0.0%}
2  O                                                                         (0 = 0.0%) {100.0%}

Histogram: ThreadPool.UnnecessaryWakeup.ContentChild.Foreground recorded 27 samples, mean = 1.0 (flags = 0x41)
0  O                                                                         (0 = 0.0%)
1  ---------------------------O                                              (27 = 100.0%) {0.0%}
2  O                                                                         (0 = 0.0%) {100.0%}

Histogram: ThreadPool.UnnecessaryWakeup.GPU.Foreground recorded 2 samples, mean = 1.0 (flags = 0x41)
0  O                                                                         (0 = 0.0%)
1  --O                                                                       (2 = 100.0%) {0.0%}
2  O                                                                         (0 = 0.0%) {100.0%}

Histogram: ThreadPool.UnnecessaryWakeup.Renderer.Foreground recorded 102 samples, mean = 1.0 (flags = 0x41)
0  O                                                                         (0 = 0.0%)
1  ------------------------------------------------------------------------O (102 = 100.0%) {0.0%}
2  O                                                                         (0 = 0.0%) {100.0%}

Histogram: Translate.ApplicationStart.AlwaysTranslateLanguage.Count recorded 1 samples, mean = 0.0 (flags = 0x41)
0  -O                                                                        (1 = 100.0%)
1  ... 

Histogram: Translate.ApplicationStart.NeverTranslateLanguage recorded 1 samples (flags = 0x41)
-74147910-O                                                                        (1 = 100.0%)

Histogram: Translate.ApplicationStart.NeverTranslateLanguage.Count recorded 1 samples, mean = 1.0 (flags = 0x41)
0  O                                                                         (0 = 0.0%)
1  -O                                                                        (1 = 100.0%) {0.0%}
2  ... 

Histogram: Translate.ApplicationStart.NeverTranslateSite.Count recorded 1 samples, mean = 0.0 (flags = 0x41)
0  -O                                                                        (1 = 100.0%)
1  ... 

Histogram: Translate.LanguageDetection.ContentLength recorded 1 samples, mean = 2163.0 (flags = 0x41)
0     ... 
1757  -O                                                                        (1 = 100.0%) {0.0%}
2199  ... 

Histogram: Translate.LanguageDeterminedDuration recorded 1 samples, mean = 6744.0 (flags = 0x41)
0     ... 
6118  -O                                                                        (1 = 100.0%) {0.0%}
8289  ... 

Histogram: Translate.PageLoad.FinalSourceLanguage recorded 1 samples (flags = 0x41)
350748440  -O                                                                        (1 = 100.0%)

Histogram: Translate.PageLoad.FinalState recorded 1 samples, mean = 1.0 (flags = 0x41)
0  O                                                                         (0 = 0.0%)
1  -O                                                                        (1 = 100.0%) {0.0%}
2  ... 

Histogram: Translate.PageLoad.FinalTargetLanguage recorded 1 samples (flags = 0x41)
-74147910-O                                                                        (1 = 100.0%)

Histogram: Translate.PageLoad.InitialSourceLanguage recorded 1 samples (flags = 0x41)
350748440  -O                                                                        (1 = 100.0%)

Histogram: Translate.PageLoad.InitialState recorded 1 samples, mean = 1.0 (flags = 0x41)
0  O                                                                         (0 = 0.0%)
1  -O                                                                        (1 = 100.0%) {0.0%}
2  ... 

Histogram: Translate.PageLoad.InitialTargetLanguage recorded 1 samples (flags = 0x41)
-74147910-O                                                                        (1 = 100.0%)

Histogram: Translate.PageLoad.InitialTargetLanguage.Origin recorded 1 samples, mean = 1.0 (flags = 0x41)
0  O                                                                         (0 = 0.0%)
1  -O                                                                        (1 = 100.0%) {0.0%}
2  ... 

Histogram: Translate.PageLoad.IsInitialSourceLanguageInUsersContentLanguages recorded 1 samples, mean = 0.0 (flags = 0x41)
0  -O                                                                        (1 = 100.0%)
1  ... 

Histogram: Translate.PageLoad.NumReversions recorded 1 samples, mean = 0.0 (flags = 0x41)
0  -O                                                                        (1 = 100.0%)
1  ... 

Histogram: Translate.PageLoad.NumTargetLanguageChanges recorded 1 samples, mean = 0.0 (flags = 0x41)
0  -O                                                                        (1 = 100.0%)
1  ... 

Histogram: Translate.PageLoad.NumTranslations recorded 1 samples, mean = 0.0 (flags = 0x41)
0  -O                                                                        (1 = 100.0%)
1  ... 

Histogram: Translate.PageLoad.Ranker.Decision recorded 1 samples, mean = 1.0 (flags = 0x41)
0  O                                                                         (0 = 0.0%)
1  -O                                                                        (1 = 100.0%) {0.0%}
2  ... 

Histogram: Translate.PageLoad.Ranker.Version recorded 1 samples (flags = 0x41)
0  -O                                                                        (1 = 100.0%)

Histogram: Translate.PageLoad.TriggerDecision recorded 1 samples, mean = 4.0 (flags = 0x41)
0  ... 
4  -O                                                                        (1 = 100.0%) {0.0%}
5  ... 

Histogram: Translate.Ranker.Model.Status2 recorded 2 samples, mean = 6.5 (flags = 0x41)
0  ... 
6  -O                                                                        (1 = 50.0%) {0.0%}
7  -O                                                                        (1 = 50.0%) {50.0%}
8  O                                                                         (0 = 0.0%) {100.0%}

Histogram: UI.DeviceScale recorded 1 samples (flags = 0x41)
100  -O                                                                        (1 = 100.0%)

Histogram: UKM.Entries.Dropped recorded 103 samples, mean = 1.0 (flags = 0x41)
0  O                                                                         (0 = 0.0%)
1  ------------------------------------------------------------------------O (103 = 100.0%) {0.0%}
2  ... 

Histogram: UKM.Entries.Dropped.ByEntryHash recorded 103 samples (flags = 0x41)
58315124    -O                                                                        (1 = 1.0%)
181657211   ---O                                                                      (3 = 2.9%)
189164898   -O                                                                        (1 = 1.0%)
251237400   -O                                                                        (1 = 1.0%)
270025173   -O                                                                        (1 = 1.0%)
277070773   -O                                                                        (1 = 1.0%)
385121421   -O                                                                        (1 = 1.0%)
480593958   ----------O                                                               (10 = 9.7%)
532600439   ---O                                                                      (3 = 2.9%)
575234402   -O                                                                        (1 = 1.0%)
624513781   -O                                                                        (1 = 1.0%)
654949485   ----O                                                                     (4 = 3.9%)
661477988   -O                                                                        (1 = 1.0%)
705322609   ---O                                                                      (3 = 2.9%)
805578149   -O                                                                        (1 = 1.0%)
810755299   -O                                                                        (1 = 1.0%)
828084724   ----O                                                                     (4 = 3.9%)
854760832   -O                                                                        (1 = 1.0%)
888761441   -O                                                                        (1 = 1.0%)
902138984   --O                                                                       (2 = 1.9%)
923024503   -O                                                                        (1 = 1.0%)
986870865   --O                                                                       (2 = 1.9%)
1004547038  -O                                                                        (1 = 1.0%)
1035062417  -O                                                                        (1 = 1.0%)
1078164680  --O                                                                       (2 = 1.9%)
1149114043  -O                                                                        (1 = 1.0%)
1262170432  -------O                                                                  (7 = 6.8%)
1321082436  --O                                                                       (2 = 1.9%)
1350795912  -O                                                                        (1 = 1.0%)
1354891390  -O                                                                        (1 = 1.0%)
1404242571  ----O                                                                     (4 = 3.9%)
1548358279  -O                                                                        (1 = 1.0%)
1576109827  -O                                                                        (1 = 1.0%)
1604233346  -------O                                                                  (7 = 6.8%)
1645426679  ------O                                                                   (6 = 5.8%)
1663717192  -O                                                                        (1 = 1.0%)
1767609109  -----------O                                                              (11 = 10.7%)
1832900131  ----O                                                                     (4 = 3.9%)
1866365893  -O                                                                        (1 = 1.0%)
1871083634  -O                                                                        (1 = 1.0%)
2037740339  ----O                                                                     (4 = 3.9%)
2066033668  -O                                                                        (1 = 1.0%)

Histogram: UKM.PersistentLogRecall.Status recorded 1 samples, mean = 1.0 (flags = 0x41)
0  O                                                                         (0 = 0.0%)
1  -O                                                                        (1 = 100.0%) {0.0%}
2  ... 

Histogram: UKM.Sources.Dropped recorded 8 samples, mean = 1.0 (flags = 0x41)
0  O                                                                         (0 = 0.0%)
1  --------O                                                                 (8 = 100.0%) {0.0%}
2  ... 

Histogram: UKM.WebDXFeatureSets.Dropped recorded 2 samples, mean = 1.0 (flags = 0x41)
0  O                                                                         (0 = 0.0%)
1  --O                                                                       (2 = 100.0%) {0.0%}
2  ... 

Histogram: UMA.ChildProcess.Ping.SharedMemorySetUp recorded 22 samples, mean = 1.0 (flags = 0x41)
0  --------O                                                                 (8 = 36.4%)
1  -------O                                                                  (7 = 31.8%) {36.4%}
2  -------O                                                                  (7 = 31.8%) {68.2%}
3  O                                                                         (0 = 0.0%) {100.0%}

Histogram: UMA.CleanExitBeaconConsistency3 recorded 1 samples, mean = 1.0 (flags = 0x41)
0  O                                                                         (0 = 0.0%)
1  -O                                                                        (1 = 100.0%) {0.0%}
2  ... 

Histogram: UMA.EntropySourceType recorded 1 samples, mean = 1.0 (flags = 0x41)
0  O                                                                         (0 = 0.0%)
1  -O                                                                        (1 = 100.0%) {0.0%}
2  ... 

Histogram: UMA.LocalHistogram recorded 9 samples, mean = 1.0 (flags = 0x40)
0  O                                                                         (0 = 0.0%)
1  ---------O                                                                (9 = 100.0%) {0.0%}
2  O                                                                         (0 = 0.0%) {100.0%}

Histogram: UMA.MachineIdState recorded 1 samples, mean = 2.0 (flags = 0x41)
0  ... 
2  -O                                                                        (1 = 100.0%) {0.0%}
3  ... 

Histogram: UMA.MetricsIDsReset recorded 1 samples, mean = 1.0 (flags = 0x41)
0  O                                                                         (0 = 0.0%)
1  -O                                                                        (1 = 100.0%) {0.0%}
2  O                                                                         (0 = 0.0%) {100.0%}

Histogram: UMA.MetricsService.Initialize.Time recorded 1 samples, mean = 4874.0 (flags = 0x41)
0     ... 
4053  -O                                                                        (1 = 100.0%) {0.0%}
5338  ... 

Histogram: UMA.MetricsService.PendingOngoingLogOnDisable recorded 1 samples, mean = 0.0 (flags = 0x41)
0  -O                                                                        (1 = 100.0%)
1  ... 

Histogram: UMA.PersistentAllocator.BrowserMetrics.Errors recorded 0 samples (flags = 0x41)
0 ... 

Histogram: UMA.PersistentAllocator.BrowserMetrics.UsedPct recorded 0 samples (flags = 0x41)
0 ... 

Histogram: UMA.PersistentAllocator.EarlyHistograms.BrowserMetrics recorded 1 samples, mean = 1.0 (flags = 0x41)
0  O                                                                         (0 = 0.0%)
1  -O                                                                        (1 = 100.0%) {0.0%}
2  ... 

Histogram: UMA.PersistentAllocator.EarlyHistograms.GpuMetrics recorded 1 samples, mean = 25.0 (flags = 0x41)
0   ... 
25  -O                                                                        (1 = 100.0%) {0.0%}
26  ... 

Histogram: UMA.PersistentAllocator.EarlyHistograms.RendererMetrics recorded 3 samples, mean = 32.7 (flags = 0x41)
0   ... 
30  -O                                                                        (1 = 33.3%) {0.0%}
32  -O                                                                        (1 = 33.3%) {33.3%}
34  -O                                                                        (1 = 33.3%) {66.7%}
36  ... 

Histogram: UMA.PersistentAllocator.EarlyHistograms.UtilityMetrics recorded 3 samples, mean = 7.0 (flags = 0x41)
0  ... 
7  ---O                                                                      (3 = 100.0%) {0.0%}
8  ... 

Histogram: UMA.PersistentAllocator.FieldTrialAllocator.Errors recorded 0 samples (flags = 0x41)
0 ... 

Histogram: UMA.PersistentAllocator.FieldTrialAllocator.UsedPct recorded 8 samples, mean = 0.0 (flags = 0x41)
0  --------O                                                                 (8 = 100.0%)
1  ... 

Histogram: UMA.PersistentHistograms.InitResult recorded 1 samples, mean = 2.0 (flags = 0x41)
0  ... 
2  -O                                                                        (1 = 100.0%) {0.0%}
3  ... 

Histogram: UMA.Pseudo.PageLoad.LayoutInstability.CumulativeShiftScore recorded 1 samples, mean = 0.0 (flags = 0x41)
0  -O                                                                        (1 = 100.0%)
1  ... 

Histogram: UMA.Pseudo.PageLoad.LayoutInstability.MaxCumulativeShiftScore.SessionWindow.Gap1000ms.Max5000ms2 recorded 1 samples, mean = 0.0 (flags = 0x41)
0  -O                                                                        (1 = 100.0%)
1  ... 

Histogram: UnifiedConsent.MakeSearchesAndBrowsingBetter.OnProfileLoad recorded 1 samples, mean = 0.0 (flags = 0x41)
0  -O                                                                        (1 = 100.0%)
1  ... 

Histogram: V8.CollectSourcePositions recorded 5 samples, mean = 90.2 (flags = 0x41)
0    ... 
37   -O                                                                        (1 = 20.0%) {0.0%}
49   -O                                                                        (1 = 20.0%) {20.0%}
65   -O                                                                        (1 = 20.0%) {40.0%}
86   -O                                                                        (1 = 20.0%) {60.0%}
113  O                                                                         (0 = 0.0%) {80.0%}
149  -O                                                                        (1 = 20.0%) {80.0%}
196  ... 

Histogram: V8.CompileLazyMicroSeconds recorded 7 samples, mean = 1391.6 (flags = 0x41)
0     ... 
40    -O                                                                        (1 = 14.3%) {0.0%}
55    O                                                                         (0 = 0.0%) {14.3%}
76    -O                                                                        (1 = 14.3%) {14.3%}
105   O                                                                         (0 = 0.0%) {28.6%}
146   -O                                                                        (1 = 14.3%) {28.6%}
203   ... 
752   -O                                                                        (1 = 14.3%) {42.9%}
1043  O                                                                         (0 = 0.0%) {57.1%}
1447  -O                                                                        (1 = 14.3%) {57.1%}
2008  -O                                                                        (1 = 14.3%) {71.4%}
2786  O                                                                         (0 = 0.0%) {85.7%}
3865  -O                                                                        (1 = 14.3%) {85.7%}
5362  ... 

Histogram: V8.CompileMicroSeconds recorded 31 samples, mean = 278.7 (flags = 0x41)
0     O                                                                         (0 = 0.0%)
1     ---O                                                                      (3 = 9.7%) {0.0%}
2     -----O                                                                    (5 = 16.1%) {9.7%}
3     ---O                                                                      (3 = 9.7%) {25.8%}
4     --O                                                                       (2 = 6.5%) {35.5%}
5     --O                                                                       (2 = 6.5%) {41.9%}
7     --O                                                                       (2 = 6.5%) {48.4%}
9     ---O                                                                      (3 = 9.7%) {54.8%}
12    --O                                                                       (2 = 6.5%) {64.5%}
16    ---O                                                                      (3 = 9.7%) {71.0%}
21    -O                                                                        (1 = 3.2%) {80.6%}
28    --O                                                                       (2 = 6.5%) {83.9%}
37    O                                                                         (0 = 0.0%) {90.3%}
49    -O                                                                        (1 = 3.2%) {90.3%}
65    ... 
149   -O                                                                        (1 = 3.2%) {93.5%}
196   ... 
7031  -O                                                                        (1 = 3.2%) {96.8%}
9260  ... 

Histogram: V8.CompileScript.CacheBehaviour recorded 59 samples, mean = 8.2 (flags = 0x41)
0   O                                                                         (0 = 0.0%)
1   --O                                                                       (2 = 3.4%) {0.0%}
2   ... 
4   -------------------------O                                                (25 = 42.4%) {3.4%}
5   ... 
8   --O                                                                       (2 = 3.4%) {45.8%}
9   ... 
12  --------------------------O                                               (26 = 44.1%) {49.2%}
13  ----O                                                                     (4 = 6.8%) {93.2%}
14  ... 

Histogram: V8.CompileScriptMicroSeconds recorded 59 samples, mean = 473.5 (flags = 0x41)
0      O                                                                         (0 = 0.0%)
1      -O                                                                        (1 = 1.7%) {0.0%}
2      --------O                                                                 (8 = 13.6%) {1.7%}
3      -O                                                                        (1 = 1.7%) {15.3%}
4      -----O                                                                    (5 = 8.5%) {16.9%}
5      ----O                                                                     (4 = 6.8%) {25.4%}
7      ----O                                                                     (4 = 6.8%) {32.2%}
9      ------O                                                                   (6 = 10.2%) {39.0%}
12     --O                                                                       (2 = 3.4%) {49.2%}
16     ----O                                                                     (4 = 6.8%) {52.5%}
21     -----O                                                                    (5 = 8.5%) {59.3%}
28     -----O                                                                    (5 = 8.5%) {67.8%}
37     -----O                                                                    (5 = 8.5%) {76.3%}
49     -O                                                                        (1 = 1.7%) {84.7%}
65     ----O                                                                     (4 = 6.8%) {86.4%}
86     -O                                                                        (1 = 1.7%) {93.2%}
113    O                                                                         (0 = 0.0%) {94.9%}
149    -O                                                                        (1 = 1.7%) {94.9%}
196    O                                                                         (0 = 0.0%) {96.6%}
258    -O                                                                        (1 = 1.7%) {96.6%}
340    ... 
21156  -O                                                                        (1 = 1.7%) {98.3%}
27864  ... 

Histogram: V8.CompileScriptMicroSeconds.BackgroundThread recorded 26 samples, mean = 27190.5 (flags = 0x41)
0      ... 
196    -O                                                                        (1 = 3.8%) {0.0%}
258    ... 
448    ---O                                                                      (3 = 11.5%) {3.8%}
590    -O                                                                        (1 = 3.8%) {15.4%}
777    ... 
1347   -O                                                                        (1 = 3.8%) {19.2%}
1774   --O                                                                       (2 = 7.7%) {23.1%}
2336   ... 
4053   -O                                                                        (1 = 3.8%) {30.8%}
5338   -O                                                                        (1 = 3.8%) {34.6%}
7031   O                                                                         (0 = 0.0%) {38.5%}
9260   --O                                                                       (2 = 7.7%) {38.5%}
12196  -O                                                                        (1 = 3.8%) {46.2%}
16063  ... 
27864  -O                                                                        (1 = 3.8%) {50.0%}
36699  --------O                                                                 (8 = 30.8%) {53.8%}
48336  ---O                                                                      (3 = 11.5%) {84.6%}
63662  O                                                                         (0 = 0.0%) {96.2%}
83848  -O                                                                        (1 = 3.8%) {96.2%}
110434 ... 

Histogram: V8.CompileScriptMicroSeconds.IsolateCacheHit recorded 2 samples, mean = 18.0 (flags = 0x41)
0   ... 
7   -O                                                                        (1 = 50.0%) {0.0%}
9   ... 
28  -O                                                                        (1 = 50.0%) {50.0%}
37  ... 

Histogram: V8.CompileScriptMicroSeconds.NoCache.InlineScript recorded 25 samples, mean = 34.2 (flags = 0x41)
0    ... 
4    -O                                                                        (1 = 4.0%) {0.0%}
5    --O                                                                       (2 = 8.0%) {4.0%}
7    --O                                                                       (2 = 8.0%) {12.0%}
9    --O                                                                       (2 = 8.0%) {20.0%}
12   -O                                                                        (1 = 4.0%) {28.0%}
16   ---O                                                                      (3 = 12.0%) {32.0%}
21   -O                                                                        (1 = 4.0%) {44.0%}
28   ----O                                                                     (4 = 16.0%) {48.0%}
37   ----O                                                                     (4 = 16.0%) {64.0%}
49   -O                                                                        (1 = 4.0%) {80.0%}
65   ---O                                                                      (3 = 12.0%) {84.0%}
86   ... 
149  -O                                                                        (1 = 4.0%) {96.0%}
196  ... 

Histogram: V8.CompileScriptMicroSeconds.NoCache.Other recorded 6 samples, mean = 4481.5 (flags = 0x41)
0      ... 
21     -O                                                                        (1 = 16.7%) {0.0%}
28     O                                                                         (0 = 0.0%) {16.7%}
37     -O                                                                        (1 = 16.7%) {16.7%}
49     O                                                                         (0 = 0.0%) {33.3%}
65     -O                                                                        (1 = 16.7%) {33.3%}
86     -O                                                                        (1 = 16.7%) {50.0%}
113    ... 
340    -O                                                                        (1 = 16.7%) {66.7%}
448    ... 
21156  -O                                                                        (1 = 16.7%) {83.3%}
27864  ... 

Histogram: V8.CompileScriptMicroSeconds.StreamingFinalization recorded 26 samples, mean = 8.2 (flags = 0x41)
0   O                                                                         (0 = 0.0%)
1   -O                                                                        (1 = 3.8%) {0.0%}
2   ------O                                                                   (6 = 23.1%) {3.8%}
3   ---O                                                                      (3 = 11.5%) {26.9%}
4   ----O                                                                     (4 = 15.4%) {38.5%}
5   -O                                                                        (1 = 3.8%) {53.8%}
7   O                                                                         (0 = 0.0%) {57.7%}
9   ----O                                                                     (4 = 15.4%) {57.7%}
12  ---O                                                                      (3 = 11.5%) {73.1%}
16  -O                                                                        (1 = 3.8%) {84.6%}
21  ---O                                                                      (3 = 11.5%) {88.5%}
28  ... 

Histogram: V8.CompileSerializeMicroSeconds recorded 21 samples, mean = 590.2 (flags = 0x41)
0     ... 
10    -O                                                                        (1 = 4.8%) {0.0%}
13    O                                                                         (0 = 0.0%) {4.8%}
16    --O                                                                       (2 = 9.5%) {4.8%}
20    -O                                                                        (1 = 4.8%) {14.3%}
25    ---O                                                                      (3 = 14.3%) {19.0%}
31    ----O                                                                     (4 = 19.0%) {33.3%}
39    -O                                                                        (1 = 4.8%) {52.4%}
49    -O                                                                        (1 = 4.8%) {57.1%}
61    ---O                                                                      (3 = 14.3%) {61.9%}
76    ... 
149   -O                                                                        (1 = 4.8%) {76.2%}
186   O                                                                         (0 = 0.0%) {81.0%}
233   -O                                                                        (1 = 4.8%) {81.0%}
292   ... 
457   -O                                                                        (1 = 4.8%) {85.7%}
572   ... 
1122  -O                                                                        (1 = 4.8%) {90.5%}
1404  ... 
8459  -O                                                                        (1 = 4.8%) {95.2%}
10589 ... 

Histogram: V8.ErrorsThrownPerContext recorded 1 samples, mean = 0.0 (flags = 0x41)
0  -O                                                                        (1 = 100.0%)
1  ... 

Histogram: V8.GC.Cycle.CollectionRate.Full recorded 2 samples, mean = 90.0 (flags = 0x41)
0   ... 
80  --O                                                                       (2 = 100.0%) {0.0%}
100 O                                                                         (0 = 0.0%) {100.0%}

Histogram: V8.GC.Cycle.CollectionRate.Full.Cpp recorded 2 samples, mean = 78.0 (flags = 0x41)
0   ... 
64  -O                                                                        (1 = 50.0%) {0.0%}
80  -O                                                                        (1 = 50.0%) {50.0%}
100 O                                                                         (0 = 0.0%) {100.0%}

Histogram: V8.GC.Cycle.CollectionRate.Young recorded 17 samples, mean = 39.6 (flags = 0x41)
0   ... 
14  -O                                                                        (1 = 5.9%) {0.0%}
17  -O                                                                        (1 = 5.9%) {5.9%}
21  --O                                                                       (2 = 11.8%) {11.8%}
26  --O                                                                       (2 = 11.8%) {23.5%}
33  --O                                                                       (2 = 11.8%) {35.3%}
41  ----O                                                                     (4 = 23.5%) {47.1%}
51  ----O                                                                     (4 = 23.5%) {70.6%}
64  -O                                                                        (1 = 5.9%) {94.1%}
80  ... 

Histogram: V8.GC.Cycle.CollectionWeight.Full recorded 2 samples, mean = 0.0 (flags = 0x41)
0  --O                                                                       (2 = 100.0%)
1  ... 

Histogram: V8.GC.Cycle.CollectionWeight.Full.Cpp recorded 2 samples, mean = 0.0 (flags = 0x41)
0  --O                                                                       (2 = 100.0%)
1  ... 

Histogram: V8.GC.Cycle.CollectionWeight.MainThread.Full recorded 2 samples, mean = 0.0 (flags = 0x41)
0  --O                                                                       (2 = 100.0%)
1  ... 

Histogram: V8.GC.Cycle.CollectionWeight.MainThread.Full.Cpp recorded 2 samples, mean = 0.0 (flags = 0x41)
0  --O                                                                       (2 = 100.0%)
1  ... 

Histogram: V8.GC.Cycle.Efficiency.Full recorded 2 samples, mean = 33.5 (flags = 0x41)
0   ... 
19  -O                                                                        (1 = 50.0%) {0.0%}
26  O                                                                         (0 = 0.0%) {50.0%}
35  -O                                                                        (1 = 50.0%) {50.0%}
48  ... 

Histogram: V8.GC.Cycle.Efficiency.Full.Cpp recorded 2 samples, mean = 45.0 (flags = 0x41)
0   ... 
7   -O                                                                        (1 = 50.0%) {0.0%}
10  ... 
65  -O                                                                        (1 = 50.0%) {50.0%}
88  ... 

Histogram: V8.GC.Cycle.Efficiency.MainThread.Full recorded 2 samples, mean = 112.0 (flags = 0x41)
0    ... 
35   -O                                                                        (1 = 50.0%) {0.0%}
48   ... 
163  -O                                                                        (1 = 50.0%) {50.0%}
222  ... 

Histogram: V8.GC.Cycle.Efficiency.MainThread.Full.Cpp recorded 2 samples, mean = 100.5 (flags = 0x41)
0    ... 
48   -O                                                                        (1 = 50.0%) {0.0%}
65   ... 
120  -O                                                                        (1 = 50.0%) {50.0%}
163  ... 

Histogram: V8.GC.Cycle.Efficiency.MainThread.Young recorded 17 samples, mean = 1164.9 (flags = 0x41)
0     ... 
14    -O                                                                        (1 = 5.9%) {0.0%}
19    ... 
35    -O                                                                        (1 = 5.9%) {5.9%}
48    ... 
163   --O                                                                       (2 = 11.8%) {11.8%}
222   O                                                                         (0 = 0.0%) {23.5%}
302   -O                                                                        (1 = 5.9%) {23.5%}
411   -O                                                                        (1 = 5.9%) {29.4%}
559   O                                                                         (0 = 0.0%) {35.3%}
760   ----O                                                                     (4 = 23.5%) {35.3%}
1034  -O                                                                        (1 = 5.9%) {58.8%}
1407  --O                                                                       (2 = 11.8%) {64.7%}
1914  ---O                                                                      (3 = 17.6%) {76.5%}
2604  -O                                                                        (1 = 5.9%) {94.1%}
3542  ... 

Histogram: V8.GC.Cycle.Efficiency.Young recorded 17 samples, mean = 663.1 (flags = 0x41)
0     ... 
14    -O                                                                        (1 = 5.9%) {0.0%}
19    O                                                                         (0 = 0.0%) {5.9%}
26    -O                                                                        (1 = 5.9%) {5.9%}
35    ... 
120   -O                                                                        (1 = 5.9%) {11.8%}
163   --O                                                                       (2 = 11.8%) {17.6%}
222   -O                                                                        (1 = 5.9%) {29.4%}
302   O                                                                         (0 = 0.0%) {35.3%}
411   ---O                                                                      (3 = 17.6%) {35.3%}
559   ----O                                                                     (4 = 23.5%) {52.9%}
760   O                                                                         (0 = 0.0%) {76.5%}
1034  -O                                                                        (1 = 5.9%) {76.5%}
1407  --O                                                                       (2 = 11.8%) {82.4%}
1914  -O                                                                        (1 = 5.9%) {94.1%}
2604  ... 

Histogram: V8.GC.Cycle.Full recorded 2 samples, mean = 52.5 (flags = 0x41)
0   ... 
40  -O                                                                        (1 = 50.0%) {0.0%}
48  O                                                                         (0 = 0.0%) {50.0%}
57  -O                                                                        (1 = 50.0%) {50.0%}
68  ... 

Histogram: V8.GC.Cycle.Full.Compact recorded 2 samples, mean = 2.5 (flags = 0x41)
0  O                                                                         (0 = 0.0%)
1  -O                                                                        (1 = 50.0%) {0.0%}
2  ... 
4  -O                                                                        (1 = 50.0%) {50.0%}
5  ... 

Histogram: V8.GC.Cycle.Full.Compact.Cpp recorded 2 samples, mean = 0.5 (flags = 0x41)
0  -O                                                                        (1 = 50.0%)
1  -O                                                                        (1 = 50.0%) {50.0%}
2  ... 

Histogram: V8.GC.Cycle.Full.Cpp recorded 2 samples, mean = 142.0 (flags = 0x41)
0    ... 
6    -O                                                                        (1 = 50.0%) {0.0%}
7    ... 
268  -O                                                                        (1 = 50.0%) {50.0%}
318  ... 

Histogram: V8.GC.Cycle.Full.Mark recorded 2 samples, mean = 41.5 (flags = 0x41)
0   ... 
24  -O                                                                        (1 = 50.0%) {0.0%}
29  ... 
57  -O                                                                        (1 = 50.0%) {50.0%}
68  ... 

Histogram: V8.GC.Cycle.Full.Mark.Cpp recorded 2 samples, mean = 128.5 (flags = 0x41)
0    ... 
4    -O                                                                        (1 = 50.0%) {0.0%}
5    ... 
226  -O                                                                        (1 = 50.0%) {50.0%}
268  ... 

Histogram: V8.GC.Cycle.Full.Sweep recorded 2 samples, mean = 4.0 (flags = 0x41)
0  ... 
3  -O                                                                        (1 = 50.0%) {0.0%}
4  O                                                                         (0 = 0.0%) {50.0%}
5  -O                                                                        (1 = 50.0%) {50.0%}
6  ... 

Histogram: V8.GC.Cycle.Full.Sweep.Cpp recorded 2 samples, mean = 12.5 (flags = 0x41)
0   -O                                                                        (1 = 50.0%)
1   ... 
24  -O                                                                        (1 = 50.0%) {50.0%}
29  ... 

Histogram: V8.GC.Cycle.Full.Weak recorded 2 samples, mean = 0.0 (flags = 0x41)
0  --O                                                                       (2 = 100.0%)
1  ... 

Histogram: V8.GC.Cycle.Full.Weak.Cpp recorded 2 samples, mean = 0.0 (flags = 0x41)
0  --O                                                                       (2 = 100.0%)
1  ... 

Histogram: V8.GC.Cycle.MainThread.Full recorded 2 samples, mean = 21.5 (flags = 0x41)
0   ... 
10  -O                                                                        (1 = 50.0%) {0.0%}
12  ... 
29  -O                                                                        (1 = 50.0%) {50.0%}
34  ... 

Histogram: V8.GC.Cycle.MainThread.Full.Atomic recorded 2 samples, mean = 5.0 (flags = 0x41)
0  ... 
3  -O                                                                        (1 = 50.0%) {0.0%}
4  ... 
7  -O                                                                        (1 = 50.0%) {50.0%}
8  ... 

Histogram: V8.GC.Cycle.MainThread.Full.Atomic.Compact recorded 2 samples, mean = 1.5 (flags = 0x41)
0  O                                                                         (0 = 0.0%)
1  -O                                                                        (1 = 50.0%) {0.0%}
2  -O                                                                        (1 = 50.0%) {50.0%}
3  ... 

Histogram: V8.GC.Cycle.MainThread.Full.Atomic.Compact.Cpp recorded 2 samples, mean = 0.5 (flags = 0x41)
0  -O                                                                        (1 = 50.0%)
1  -O                                                                        (1 = 50.0%) {50.0%}
2  ... 

Histogram: V8.GC.Cycle.MainThread.Full.Atomic.Cpp recorded 2 samples, mean = 0.5 (flags = 0x41)
0  -O                                                                        (1 = 50.0%)
1  -O                                                                        (1 = 50.0%) {50.0%}
2  ... 

Histogram: V8.GC.Cycle.MainThread.Full.Atomic.Mark recorded 2 samples, mean = 0.0 (flags = 0x41)
0  --O                                                                       (2 = 100.0%)
1  ... 

Histogram: V8.GC.Cycle.MainThread.Full.Atomic.Mark.Cpp recorded 2 samples, mean = 0.0 (flags = 0x41)
0  --O                                                                       (2 = 100.0%)
1  ... 

Histogram: V8.GC.Cycle.MainThread.Full.Atomic.Sweep recorded 2 samples, mean = 0.5 (flags = 0x41)
0  -O                                                                        (1 = 50.0%)
1  -O                                                                        (1 = 50.0%) {50.0%}
2  ... 

Histogram: V8.GC.Cycle.MainThread.Full.Atomic.Sweep.Cpp recorded 2 samples, mean = 0.0 (flags = 0x41)
0  --O                                                                       (2 = 100.0%)
1  ... 

Histogram: V8.GC.Cycle.MainThread.Full.Atomic.Weak recorded 2 samples, mean = 0.0 (flags = 0x41)
0  --O                                                                       (2 = 100.0%)
1  ... 

Histogram: V8.GC.Cycle.MainThread.Full.Atomic.Weak.Cpp recorded 2 samples, mean = 0.0 (flags = 0x41)
0  --O                                                                       (2 = 100.0%)
1  ... 

Histogram: V8.GC.Cycle.MainThread.Full.Compact recorded 2 samples, mean = 1.5 (flags = 0x41)
0  O                                                                         (0 = 0.0%)
1  -O                                                                        (1 = 50.0%) {0.0%}
2  -O                                                                        (1 = 50.0%) {50.0%}
3  ... 

Histogram: V8.GC.Cycle.MainThread.Full.Compact.Cpp recorded 2 samples, mean = 0.5 (flags = 0x41)
0  -O                                                                        (1 = 50.0%)
1  -O                                                                        (1 = 50.0%) {50.0%}
2  ... 

Histogram: V8.GC.Cycle.MainThread.Full.Cpp recorded 2 samples, mean = 24.5 (flags = 0x41)
0   ... 
3   -O                                                                        (1 = 50.0%) {0.0%}
4   ... 
40  -O                                                                        (1 = 50.0%) {50.0%}
48  ... 

Histogram: V8.GC.Cycle.MainThread.Full.Incremental.Mark recorded 2 samples, mean = 16.0 (flags = 0x41)
0   ... 
2   -O                                                                        (1 = 50.0%) {0.0%}
3   ... 
29  -O                                                                        (1 = 50.0%) {50.0%}
34  ... 

Histogram: V8.GC.Cycle.MainThread.Full.Incremental.Mark.Cpp recorded 2 samples, mean = 11.0 (flags = 0x41)
0   O                                                                         (0 = 0.0%)
1   -O                                                                        (1 = 50.0%) {0.0%}
2   ... 
20  -O                                                                        (1 = 50.0%) {50.0%}
24  ... 

Histogram: V8.GC.Cycle.MainThread.Full.Incremental.Mark.StartStop recorded 2 samples, mean = 62.0 (flags = 0x41)
0    ... 
4    -O                                                                        (1 = 50.0%) {0.0%}
5    ... 
114  -O                                                                        (1 = 50.0%) {50.0%}
135  ... 

Histogram: V8.GC.Cycle.MainThread.Full.Incremental.Sweep recorded 2 samples, mean = 0.0 (flags = 0x41)
0  --O                                                                       (2 = 100.0%)
1  ... 

Histogram: V8.GC.Cycle.MainThread.Full.Incremental.Sweep.Cpp recorded 2 samples, mean = 12.0 (flags = 0x41)
0   -O                                                                        (1 = 50.0%)
1   ... 
24  -O                                                                        (1 = 50.0%) {50.0%}
29  ... 

Histogram: V8.GC.Cycle.MainThread.Full.Mark recorded 2 samples, mean = 16.0 (flags = 0x41)
0   ... 
2   -O                                                                        (1 = 50.0%) {0.0%}
3   ... 
29  -O                                                                        (1 = 50.0%) {50.0%}
34  ... 

Histogram: V8.GC.Cycle.MainThread.Full.Mark.Cpp recorded 2 samples, mean = 11.0 (flags = 0x41)
0   O                                                                         (0 = 0.0%)
1   -O                                                                        (1 = 50.0%) {0.0%}
2   ... 
20  -O                                                                        (1 = 50.0%) {50.0%}
24  ... 

Histogram: V8.GC.Cycle.MainThread.Full.Sweep recorded 2 samples, mean = 0.5 (flags = 0x41)
0  -O                                                                        (1 = 50.0%)
1  -O                                                                        (1 = 50.0%) {50.0%}
2  ... 

Histogram: V8.GC.Cycle.MainThread.Full.Sweep.Cpp recorded 2 samples, mean = 12.0 (flags = 0x41)
0   -O                                                                        (1 = 50.0%)
1   ... 
24  -O                                                                        (1 = 50.0%) {50.0%}
29  ... 

Histogram: V8.GC.Cycle.MainThread.Full.Weak recorded 2 samples, mean = 0.0 (flags = 0x41)
0  --O                                                                       (2 = 100.0%)
1  ... 

Histogram: V8.GC.Cycle.MainThread.Full.Weak.Cpp recorded 2 samples, mean = 0.0 (flags = 0x41)
0  --O                                                                       (2 = 100.0%)
1  ... 

Histogram: V8.GC.Cycle.MainThread.Young recorded 17 samples, mean = 4.8 (flags = 0x41)
0   -------------O                                                            (13 = 76.5%)
1   ... 
12  -O                                                                        (1 = 5.9%) {76.5%}
14  -O                                                                        (1 = 5.9%) {82.4%}
17  -O                                                                        (1 = 5.9%) {88.2%}
20  ... 
34  -O                                                                        (1 = 5.9%) {94.1%}
40  ... 

Histogram: V8.GC.Cycle.Memory.Freed.Full recorded 2 samples, mean = 3780.0 (flags = 0x41)
0     ... 
411   -O                                                                        (1 = 50.0%) {0.0%}
559   ... 
6554  -O                                                                        (1 = 50.0%) {50.0%}
8915  ... 

Histogram: V8.GC.Cycle.Memory.Freed.Full.Cpp recorded 2 samples, mean = 960.0 (flags = 0x41)
0     ... 
760   -O                                                                        (1 = 50.0%) {0.0%}
1034  -O                                                                        (1 = 50.0%) {50.0%}
1407  ... 

Histogram: V8.GC.Cycle.Objects.After.Full recorded 2 samples, mean = 15639.5 (flags = 0x41)
0      ... 
12127  -O                                                                        (1 = 50.0%) {0.0%}
16496  -O                                                                        (1 = 50.0%) {50.0%}
22439  ... 

Histogram: V8.GC.Cycle.Objects.After.Full.Cpp recorded 2 samples, mean = 5101.0 (flags = 0x41)
0     ... 
4818  --O                                                                       (2 = 100.0%) {0.0%}
6554  ... 

Histogram: V8.GC.Cycle.Objects.Before.Full recorded 2 samples, mean = 17316.5 (flags = 0x41)
0      ... 
12127  -O                                                                        (1 = 50.0%) {0.0%}
16496  -O                                                                        (1 = 50.0%) {50.0%}
22439  ... 

Histogram: V8.GC.Cycle.Objects.Before.Full.Cpp recorded 2 samples, mean = 6591.5 (flags = 0x41)
0     ... 
4818  -O                                                                        (1 = 50.0%) {0.0%}
6554  -O                                                                        (1 = 50.0%) {50.0%}
8915  ... 

Histogram: V8.GC.Cycle.Objects.Freed.Full recorded 2 samples, mean = 1676.0 (flags = 0x41)
0     ... 
1407  --O                                                                       (2 = 100.0%) {0.0%}
1914  ... 

Histogram: V8.GC.Cycle.Objects.Freed.Full.Cpp recorded 2 samples, mean = 1490.0 (flags = 0x41)
0     ... 
411   -O                                                                        (1 = 50.0%) {0.0%}
559   ... 
1914  -O                                                                        (1 = 50.0%) {50.0%}
2604  ... 

Histogram: V8.GC.Cycle.Reason.Full recorded 2 samples, mean = 8.5 (flags = 0x41)
0  ... 
8  -O                                                                        (1 = 50.0%) {0.0%}
9  -O                                                                        (1 = 50.0%) {50.0%}
10 ... 

Histogram: V8.GC.Cycle.Reason.Young recorded 17 samples, mean = 2.3 (flags = 0x41)
0   O                                                                         (0 = 0.0%)
1   ---------------O                                                          (15 = 88.2%) {0.0%}
2   ... 
12  --O                                                                       (2 = 11.8%) {88.2%}
13  ... 

Histogram: V8.GC.Cycle.Young recorded 17 samples, mean = 5.9 (flags = 0x41)
0   -------O                                                                  (7 = 41.2%)
1   -----O                                                                    (5 = 29.4%) {41.2%}
2   -O                                                                        (1 = 5.9%) {70.6%}
3   ... 
12  -O                                                                        (1 = 5.9%) {76.5%}
14  O                                                                         (0 = 0.0%) {82.4%}
17  -O                                                                        (1 = 5.9%) {82.4%}
20  -O                                                                        (1 = 5.9%) {88.2%}
24  ... 
40  -O                                                                        (1 = 5.9%) {94.1%}
48  ... 

Histogram: V8.GC.Event.MainThread.Full.Finalize.Incremental.ReduceMemory recorded 2 samples, mean = 7.0 (flags = 0x41)
0  ... 
7  --O                                                                       (2 = 100.0%) {0.0%}
8  ... 

Histogram: V8.GC.Event.MainThread.Full.Finalize.Incremental.ReduceMemory.Foreground recorded 2 samples, mean = 7.0 (flags = 0x41)
0  ... 
7  --O                                                                       (2 = 100.0%) {0.0%}
8  ... 

Histogram: V8.GC.Event.MainThread.Full.Finalize.Incremental.Regular recorded 1 samples, mean = 3.0 (flags = 0x41)
0  ... 
3  -O                                                                        (1 = 100.0%) {0.0%}
4  ... 

Histogram: V8.GC.Event.MainThread.Full.Finalize.Incremental.Regular.Foreground recorded 1 samples, mean = 3.0 (flags = 0x41)
0  ... 
3  -O                                                                        (1 = 100.0%) {0.0%}
4  ... 

Histogram: V8.GC.Event.MainThread.Full.Incremental.Mark recorded 62 samples, mean = 0.0 (flags = 0x41)
0  --------------------------------------------------------------O           (62 = 100.0%)
1  ... 

Histogram: V8.GC.Event.MainThread.Full.Incremental.Mark.Cpp recorded 67 samples, mean = 0.3 (flags = 0x41)
0   -----------------------------------------------------------------O        (65 = 97.0%)
1   ... 
8   -O                                                                        (1 = 1.5%) {97.0%}
10  -O                                                                        (1 = 1.5%) {98.5%}
12  ... 

Histogram: V8.GC.Event.MainThread.Full.Incremental.Sweep.Cpp recorded 21 samples, mean = 1.0 (flags = 0x41)
0   -------------------O                                                      (19 = 90.5%)
1   ... 
10  -O                                                                        (1 = 4.8%) {90.5%}
12  -O                                                                        (1 = 4.8%) {95.2%}
14  ... 

Histogram: V8.GC.TimeToSafepoint recorded 23 samples, mean = 1617.2 (flags = 0x41)
0      -----------O                                                              (11 = 47.8%)
1      ------O                                                                   (6 = 26.1%) {47.8%}
2      -O                                                                        (1 = 4.3%) {73.9%}
3      ... 
8      -O                                                                        (1 = 4.3%) {78.3%}
11     ... 
29     -O                                                                        (1 = 4.3%) {82.6%}
40     ... 
5362   -O                                                                        (1 = 4.3%) {87.0%}
7439   O                                                                         (0 = 0.0%) {91.3%}
10321  -O                                                                        (1 = 4.3%) {91.3%}
14319  -O                                                                        (1 = 4.3%) {95.7%}
19866  ... 

Histogram: V8.GCFinalizeMC.Clear recorded 1 samples, mean = 0.0 (flags = 0x41)
0  -O                                                                        (1 = 100.0%)
1  ... 

Histogram: V8.GCFinalizeMC.Epilogue recorded 1 samples, mean = 0.0 (flags = 0x41)
0  -O                                                                        (1 = 100.0%)
1  ... 

Histogram: V8.GCFinalizeMC.Evacuate recorded 1 samples, mean = 1.0 (flags = 0x41)
0  O                                                                         (0 = 0.0%)
1  -O                                                                        (1 = 100.0%) {0.0%}
2  ... 

Histogram: V8.GCFinalizeMC.Finish recorded 1 samples, mean = 0.0 (flags = 0x41)
0  -O                                                                        (1 = 100.0%)
1  ... 

Histogram: V8.GCFinalizeMC.Mark recorded 1 samples, mean = 0.0 (flags = 0x41)
0  -O                                                                        (1 = 100.0%)
1  ... 

Histogram: V8.GCFinalizeMC.Prologue recorded 1 samples, mean = 0.0 (flags = 0x41)
0  -O                                                                        (1 = 100.0%)
1  ... 

Histogram: V8.GCFinalizeMC.Sweep recorded 1 samples, mean = 0.0 (flags = 0x41)
0  -O                                                                        (1 = 100.0%)
1  ... 

Histogram: V8.GCIncrementalMarking recorded 66 samples, mean = 0.3 (flags = 0x41)
0   ---------------------------------------------------------------O          (63 = 95.5%)
1   -O                                                                        (1 = 1.5%) {95.5%}
2   ... 
8   -O                                                                        (1 = 1.5%) {97.0%}
10  -O                                                                        (1 = 1.5%) {98.5%}
12  ... 

Histogram: V8.GCIncrementalMarkingReason recorded 3 samples, mean = 15.3 (flags = 0x41)
0   ... 
12  -O                                                                        (1 = 33.3%) {0.0%}
13  ... 
17  --O                                                                       (2 = 66.7%) {33.3%}
18  ... 

Histogram: V8.GCIncrementalMarkingStart recorded 3 samples, mean = 9.7 (flags = 0x41)
0   --O                                                                       (2 = 66.7%)
1   ... 
29  -O                                                                        (1 = 33.3%) {66.7%}
34  ... 

Histogram: V8.GCIncrementalMarkingSum recorded 1 samples, mean = 0.0 (flags = 0x41)
0  -O                                                                        (1 = 100.0%)
1  ... 

Histogram: V8.GCMarkCompactReason recorded 2 samples, mean = 8.5 (flags = 0x41)
0  ... 
8  -O                                                                        (1 = 50.0%) {0.0%}
9  -O                                                                        (1 = 50.0%) {50.0%}
10 ... 

Histogram: V8.GCScavenger.ScavengeMain recorded 17 samples, mean = 0.4 (flags = 0x41)
0  ----------------O                                                         (16 = 94.1%)
1  ... 
6  -O                                                                        (1 = 5.9%) {94.1%}
7  ... 

Histogram: V8.GCScavenger.ScavengeRoots recorded 17 samples, mean = 2.2 (flags = 0x41)
0   ---------------O                                                          (15 = 88.2%)
1   ... 
14  -O                                                                        (1 = 5.9%) {88.2%}
15  ... 
23  -O                                                                        (1 = 5.9%) {94.1%}
25  ... 

Histogram: V8.JSDispatchTableEntriesCount recorded 3 samples, mean = 0.7 (flags = 0x41)
0  --O                                                                       (2 = 66.7%)
1  O                                                                         (0 = 0.0%) {66.7%}
2  -O                                                                        (1 = 33.3%) {66.7%}
3  ... 

Histogram: V8.LocalWindowProxy.CreateContextTime recorded 4 samples, mean = 61.0 (flags = 0x41)
0    --O                                                                       (2 = 50.0%)
1    -O                                                                        (1 = 25.0%) {50.0%}
2    ... 
226  -O                                                                        (1 = 25.0%) {75.0%}
268  ... 

Histogram: V8.LocalWindowProxy.InitializeTime recorded 4 samples, mean = 128.8 (flags = 0x41)
0    --O                                                                       (2 = 50.0%)
1    ... 
14   -O                                                                        (1 = 25.0%) {50.0%}
17   ... 
449  -O                                                                        (1 = 25.0%) {75.0%}
533  ... 

Histogram: V8.MaglevOptimizeExecute recorded 217 samples, mean = 1002.2 (flags = 0x41)
0      ... 
10     -O                                                                        (1 = 0.5%) {0.0%}
13     O                                                                         (0 = 0.0%) {0.5%}
16     -----O                                                                    (5 = 2.3%) {0.5%}
20     --------O                                                                 (8 = 3.7%) {2.8%}
25     -O                                                                        (1 = 0.5%) {6.5%}
31     --------O                                                                 (8 = 3.7%) {6.9%}
39     -----O                                                                    (5 = 2.3%) {10.6%}
49     -----------------O                                                        (17 = 7.8%) {12.9%}
61     -----------O                                                              (11 = 5.1%) {20.7%}
76     -------------------------O                                                (25 = 11.5%) {25.8%}
95     -------------------------O                                                (25 = 11.5%) {37.3%}
119    ----------------------------O                                             (28 = 12.9%) {48.8%}
149    -------------------O                                                      (19 = 8.8%) {61.8%}
186    ----------------O                                                         (16 = 7.4%) {70.5%}
233    -----------O                                                              (11 = 5.1%) {77.9%}
292    --------------O                                                           (14 = 6.5%) {82.9%}
365    ------O                                                                   (6 = 2.8%) {89.4%}
457    --O                                                                       (2 = 0.9%) {92.2%}
572    --O                                                                       (2 = 0.9%) {93.1%}
716    --O                                                                       (2 = 0.9%) {94.0%}
896    ---O                                                                      (3 = 1.4%) {94.9%}
1122   ---O                                                                      (3 = 1.4%) {96.3%}
1404   -O                                                                        (1 = 0.5%) {97.7%}
1757   ... 
20769  -O                                                                        (1 = 0.5%) {98.2%}
25997  O                                                                         (0 = 0.0%) {98.6%}
32541  -O                                                                        (1 = 0.5%) {98.6%}
40733  O                                                                         (0 = 0.0%) {99.1%}
50987  --O                                                                       (2 = 0.9%) {99.1%}
63822  ... 

Histogram: V8.MaglevOptimizeFinalize recorded 217 samples, mean = 19.1 (flags = 0x41)
0     ----------O                                                               (10 = 4.6%)
1     -------------------------O                                                (25 = 11.5%) {4.6%}
2     ----------------------------O                                             (28 = 12.9%) {16.1%}
3     ----------------------------------O                                       (34 = 15.7%) {29.0%}
4     --------------------------------------O                                   (38 = 17.5%) {44.7%}
5     ---------------------------O                                              (27 = 12.4%) {62.2%}
6     ----------------------O                                                   (22 = 10.1%) {74.7%}
8     ----------O                                                               (10 = 4.6%) {84.8%}
10    -------O                                                                  (7 = 3.2%) {89.4%}
13    -----O                                                                    (5 = 2.3%) {92.6%}
16    -----O                                                                    (5 = 2.3%) {94.9%}
20    ---O                                                                      (3 = 1.4%) {97.2%}
25    O                                                                         (0 = 0.0%) {98.6%}
31    --O                                                                       (2 = 0.9%) {98.6%}
39    ... 
2753  -O                                                                        (1 = 0.5%) {99.5%}
3446  ... 

Histogram: V8.MaglevOptimizePrepare recorded 217 samples, mean = 0.1 (flags = 0x41)
0  ------------------------------------------------------------------------O (199 = 91.7%)
1  -------O                                                                  (18 = 8.3%) {91.7%}
2  ... 

Histogram: V8.MaglevOptimizeTotalTime recorded 217 samples, mean = 3690.7 (flags = 0x41)
0       ... 
16      -O                                                                        (1 = 0.5%) {0.0%}
21      -O                                                                        (1 = 0.5%) {0.5%}
28      ----O                                                                     (4 = 1.8%) {0.9%}
37      -----O                                                                    (5 = 2.3%) {2.8%}
49      ------O                                                                   (6 = 2.8%) {5.1%}
65      -----------------O                                                        (17 = 7.8%) {7.8%}
86      ---------------------O                                                    (21 = 9.7%) {15.7%}
113     -----------------------------------------O                                (41 = 18.9%) {25.3%}
149     ----------------------------O                                             (28 = 12.9%) {44.2%}
196     ------------------------O                                                 (24 = 11.1%) {57.1%}
258     -----------------O                                                        (17 = 7.8%) {68.2%}
340     ------------O                                                             (12 = 5.5%) {76.0%}
448     -----O                                                                    (5 = 2.3%) {81.6%}
590     ----O                                                                     (4 = 1.8%) {83.9%}
777     -----O                                                                    (5 = 2.3%) {85.7%}
1023    -----O                                                                    (5 = 2.3%) {88.0%}
1347    ----O                                                                     (4 = 1.8%) {90.3%}
1774    ... 
4053    --O                                                                       (2 = 0.9%) {92.2%}
5338    O                                                                         (0 = 0.0%) {93.1%}
7031    -O                                                                        (1 = 0.5%) {93.1%}
9260    -------O                                                                  (7 = 3.2%) {93.5%}
12196   O                                                                         (0 = 0.0%) {96.8%}
16063   -O                                                                        (1 = 0.5%) {96.8%}
21156   -O                                                                        (1 = 0.5%) {97.2%}
27864   -O                                                                        (1 = 0.5%) {97.7%}
36699   ... 
63662   -O                                                                        (1 = 0.5%) {98.2%}
83848   O                                                                         (0 = 0.0%) {98.6%}
110434  --O                                                                       (2 = 0.9%) {98.6%}
145450  O                                                                         (0 = 0.0%) {99.5%}
191569  -O                                                                        (1 = 0.5%) {99.5%}
252312  ... 

Histogram: V8.MemoryExternalFragmentationCodeSpace recorded 20 samples, mean = 50.4 (flags = 0x41)
0   ... 
6   --O                                                                       (2 = 10.0%) {0.0%}
7   ... 
21  -O                                                                        (1 = 5.0%) {10.0%}
22  O                                                                         (0 = 0.0%) {15.0%}
23  -O                                                                        (1 = 5.0%) {15.0%}
24  ... 
30  -O                                                                        (1 = 5.0%) {20.0%}
31  ... 
34  -O                                                                        (1 = 5.0%) {25.0%}
35  -O                                                                        (1 = 5.0%) {30.0%}
36  O                                                                         (0 = 0.0%) {35.0%}
37  -O                                                                        (1 = 5.0%) {35.0%}
38  ... 
57  -O                                                                        (1 = 5.0%) {40.0%}
58  O                                                                         (0 = 0.0%) {45.0%}
59  -O                                                                        (1 = 5.0%) {45.0%}
60  --O                                                                       (2 = 10.0%) {50.0%}
61  O                                                                         (0 = 0.0%) {60.0%}
62  -O                                                                        (1 = 5.0%) {60.0%}
63  -O                                                                        (1 = 5.0%) {65.0%}
64  O                                                                         (0 = 0.0%) {70.0%}
65  -O                                                                        (1 = 5.0%) {70.0%}
66  O                                                                         (0 = 0.0%) {75.0%}
67  -O                                                                        (1 = 5.0%) {75.0%}
68  ... 
70  -O                                                                        (1 = 5.0%) {80.0%}
71  ... 
74  -O                                                                        (1 = 5.0%) {85.0%}
75  ... 
87  -O                                                                        (1 = 5.0%) {90.0%}
88  ... 
92  -O                                                                        (1 = 5.0%) {95.0%}
93  ... 

Histogram: V8.MemoryExternalFragmentationLoSpace recorded 20 samples, mean = 0.1 (flags = 0x41)
0  -------------------O                                                      (19 = 95.0%)
1  -O                                                                        (1 = 5.0%) {95.0%}
2  ... 

Histogram: V8.MemoryExternalFragmentationOldSpace recorded 20 samples, mean = 14.9 (flags = 0x41)
0   ... 
2   --O                                                                       (2 = 10.0%) {0.0%}
3   -O                                                                        (1 = 5.0%) {10.0%}
4   --O                                                                       (2 = 10.0%) {15.0%}
5   --O                                                                       (2 = 10.0%) {25.0%}
6   -O                                                                        (1 = 5.0%) {35.0%}
7   -O                                                                        (1 = 5.0%) {40.0%}
8   --O                                                                       (2 = 10.0%) {45.0%}
9   --O                                                                       (2 = 10.0%) {55.0%}
10  -O                                                                        (1 = 5.0%) {65.0%}
11  ... 
14  -O                                                                        (1 = 5.0%) {70.0%}
15  -O                                                                        (1 = 5.0%) {75.0%}
16  ... 
22  -O                                                                        (1 = 5.0%) {80.0%}
23  ... 
36  -O                                                                        (1 = 5.0%) {85.0%}
37  ... 
55  -O                                                                        (1 = 5.0%) {90.0%}
56  ... 
73  -O                                                                        (1 = 5.0%) {95.0%}
74  ... 

Histogram: V8.MemoryExternalFragmentationTotal recorded 20 samples, mean = 31.6 (flags = 0x41)
0   ... 
11  -O                                                                        (1 = 5.0%) {0.0%}
12  -O                                                                        (1 = 5.0%) {5.0%}
13  O                                                                         (0 = 0.0%) {10.0%}
14  -O                                                                        (1 = 5.0%) {10.0%}
15  ... 
17  -O                                                                        (1 = 5.0%) {15.0%}
18  ... 
21  -O                                                                        (1 = 5.0%) {20.0%}
22  ... 
25  --O                                                                       (2 = 10.0%) {25.0%}
26  -O                                                                        (1 = 5.0%) {35.0%}
27  O                                                                         (0 = 0.0%) {40.0%}
28  -O                                                                        (1 = 5.0%) {40.0%}
29  -O                                                                        (1 = 5.0%) {45.0%}
30  -O                                                                        (1 = 5.0%) {50.0%}
31  O                                                                         (0 = 0.0%) {55.0%}
32  -O                                                                        (1 = 5.0%) {55.0%}
33  O                                                                         (0 = 0.0%) {60.0%}
34  -O                                                                        (1 = 5.0%) {60.0%}
35  ... 
38  --O                                                                       (2 = 10.0%) {65.0%}
39  O                                                                         (0 = 0.0%) {75.0%}
40  -O                                                                        (1 = 5.0%) {75.0%}
41  O                                                                         (0 = 0.0%) {80.0%}
42  -O                                                                        (1 = 5.0%) {80.0%}
43  ... 
48  -O                                                                        (1 = 5.0%) {85.0%}
49  ... 
56  -O                                                                        (1 = 5.0%) {90.0%}
57  ... 
67  -O                                                                        (1 = 5.0%) {95.0%}
68  ... 

Histogram: V8.MemoryHeapSampleCodeSpaceCommitted recorded 20 samples, mean = 883.2 (flags = 0x41)
0     --------------O                                                           (14 = 70.0%)
1000  O                                                                         (0 = 0.0%) {70.0%}
1138  -O                                                                        (1 = 5.0%) {70.0%}
1295  O                                                                         (0 = 0.0%) {75.0%}
1474  --O                                                                       (2 = 10.0%) {75.0%}
1678  -O                                                                        (1 = 5.0%) {85.0%}
1910  --O                                                                       (2 = 10.0%) {90.0%}
2174  ... 

Histogram: V8.MemoryHeapSampleMaximumCommitted recorded 20 samples, mean = 15217.0 (flags = 0x41)
0      ... 
6971   --O                                                                       (2 = 10.0%) {0.0%}
7935   ------O                                                                   (6 = 30.0%) {10.0%}
9032   O                                                                         (0 = 0.0%) {40.0%}
10281  -O                                                                        (1 = 5.0%) {40.0%}
11702  --O                                                                       (2 = 10.0%) {45.0%}
13320  O                                                                         (0 = 0.0%) {55.0%}
15161  --O                                                                       (2 = 10.0%) {55.0%}
17257  -O                                                                        (1 = 5.0%) {65.0%}
19642  O                                                                         (0 = 0.0%) {70.0%}
22357  -O                                                                        (1 = 5.0%) {70.0%}
25447  -----O                                                                    (5 = 25.0%) {75.0%}
28965  ... 

Histogram: V8.MemoryHeapSampleTotalCommitted recorded 20 samples, mean = 14281.8 (flags = 0x41)
0      ... 
6971   -----O                                                                    (5 = 25.0%) {0.0%}
7935   ---O                                                                      (3 = 15.0%) {25.0%}
9032   O                                                                         (0 = 0.0%) {40.0%}
10281  -O                                                                        (1 = 5.0%) {40.0%}
11702  --O                                                                       (2 = 10.0%) {45.0%}
13320  O                                                                         (0 = 0.0%) {55.0%}
15161  --O                                                                       (2 = 10.0%) {55.0%}
17257  ---O                                                                      (3 = 15.0%) {65.0%}
19642  O                                                                         (0 = 0.0%) {80.0%}
22357  --O                                                                       (2 = 10.0%) {80.0%}
25447  --O                                                                       (2 = 10.0%) {90.0%}
28965  ... 

Histogram: V8.MemoryHeapSampleTotalUsed recorded 20 samples, mean = 9823.3 (flags = 0x41)
0      ... 
2174   -O                                                                        (1 = 5.0%) {0.0%}
2475   ... 
3206   -O                                                                        (1 = 5.0%) {5.0%}
3649   O                                                                         (0 = 0.0%) {10.0%}
4153   -O                                                                        (1 = 5.0%) {10.0%}
4727   --O                                                                       (2 = 10.0%) {15.0%}
5380   ---O                                                                      (3 = 15.0%) {25.0%}
6124   ... 
9032   ---O                                                                      (3 = 15.0%) {40.0%}
10281  -O                                                                        (1 = 5.0%) {55.0%}
11702  --O                                                                       (2 = 10.0%) {60.0%}
13320  --O                                                                       (2 = 10.0%) {70.0%}
15161  ---O                                                                      (3 = 15.0%) {80.0%}
17257  -O                                                                        (1 = 5.0%) {95.0%}
19642  ... 

Histogram: V8.ProduceCodeCacheMicroseconds recorded 21 samples, mean = 655.2 (flags = 0x41)
0     ... 
15    -O                                                                        (1 = 4.8%) {0.0%}
21    -O                                                                        (1 = 4.8%) {4.8%}
29    -O                                                                        (1 = 4.8%) {9.5%}
40    ------O                                                                   (6 = 28.6%) {14.3%}
55    --O                                                                       (2 = 9.5%) {42.9%}
76    ----O                                                                     (4 = 19.0%) {52.4%}
105   -O                                                                        (1 = 4.8%) {71.4%}
146   O                                                                         (0 = 0.0%) {76.2%}
203   -O                                                                        (1 = 4.8%) {76.2%}
282   -O                                                                        (1 = 4.8%) {81.0%}
391   O                                                                         (0 = 0.0%) {85.7%}
542   -O                                                                        (1 = 4.8%) {85.7%}
752   ... 
1447  -O                                                                        (1 = 4.8%) {90.5%}
2008  ... 
7439  -O                                                                        (1 = 4.8%) {95.2%}
10321 ... 

Histogram: V8.RegExpBacktracks recorded 271 samples, mean = 1.6 (flags = 0x41)
0    -------O                                                                  (24 = 8.9%)
1    ------------------------------------------------------------------------O (231 = 85.2%) {8.9%}
2    --O                                                                       (6 = 2.2%) {94.1%}
3    -O                                                                        (4 = 1.5%) {96.3%}
4    -O                                                                        (4 = 1.5%) {97.8%}
6    O                                                                         (0 = 0.0%) {99.3%}
9    O                                                                         (1 = 0.4%) {99.3%}
13   ... 
127  O                                                                         (1 = 0.4%) {99.6%}
185  ... 

Histogram: V8.SandboxedCodePointersCount recorded 3 samples, mean = 1130.0 (flags = 0x41)
0     ... 
977   -O                                                                        (1 = 33.3%) {0.0%}
1136  --O                                                                       (2 = 66.7%) {33.3%}
1321  ... 

Histogram: V8.SandboxedCppHeapPointersCount recorded 3 samples, mean = 8450.0 (flags = 0x41)
0     ... 
7152  --O                                                                       (2 = 66.7%) {0.0%}
8499  -O                                                                        (1 = 33.3%) {66.7%}
10100 ... 

Histogram: V8.SandboxedExternalPointersCount recorded 22 samples, mean = 1655.7 (flags = 0x41)
0      ---------O                                                                (9 = 40.9%)
1      ... 
10     -O                                                                        (1 = 4.5%) {40.9%}
12     O                                                                         (0 = 0.0%) {45.5%}
14     -O                                                                        (1 = 4.5%) {45.5%}
17     ... 
24     --O                                                                       (2 = 9.1%) {50.0%}
29     ... 
57     -O                                                                        (1 = 4.5%) {59.1%}
68     ... 
96     -O                                                                        (1 = 4.5%) {63.6%}
114    ... 
758    -O                                                                        (1 = 4.5%) {68.2%}
901    --O                                                                       (2 = 9.1%) {72.7%}
1071   ... 
2137   -O                                                                        (1 = 4.5%) {81.8%}
2540   ... 
5064   -O                                                                        (1 = 4.5%) {86.4%}
6018   ... 
12002  --O                                                                       (2 = 9.1%) {90.9%}
14263  ... 

Histogram: V8.SandboxedTrustedPointersCount recorded 3 samples, mean = 2506.7 (flags = 0x41)
0     ... 
2415  ---O                                                                      (3 = 100.0%) {0.0%}
2809  ... 

Histogram: V8.SnapshotDeserializeContextMicroSeconds recorded 6 samples, mean = 6501.2 (flags = 0x41)
0      ... 
196    -O                                                                        (1 = 16.7%) {0.0%}
258    O                                                                         (0 = 0.0%) {16.7%}
340    --O                                                                       (2 = 33.3%) {16.7%}
448    -O                                                                        (1 = 16.7%) {50.0%}
590    -O                                                                        (1 = 16.7%) {66.7%}
777    ... 
36699  -O                                                                        (1 = 16.7%) {83.3%}
48336  ... 

Histogram: V8.TurboFan1KTicks recorded 22 samples, mean = 25.7 (flags = 0x41)
0    O                                                                         (0 = 0.0%)
1    --O                                                                       (2 = 9.1%) {0.0%}
2    -O                                                                        (1 = 4.5%) {9.1%}
3    O                                                                         (0 = 0.0%) {13.6%}
4    --O                                                                       (2 = 9.1%) {13.6%}
5    ---O                                                                      (3 = 13.6%) {22.7%}
6    O                                                                         (0 = 0.0%) {36.4%}
7    -O                                                                        (1 = 4.5%) {36.4%}
8    O                                                                         (0 = 0.0%) {40.9%}
9    -O                                                                        (1 = 4.5%) {40.9%}
10   ... 
12   -O                                                                        (1 = 4.5%) {45.5%}
13   O                                                                         (0 = 0.0%) {50.0%}
14   -O                                                                        (1 = 4.5%) {50.0%}
15   --O                                                                       (2 = 9.1%) {54.5%}
16   O                                                                         (0 = 0.0%) {63.6%}
17   -O                                                                        (1 = 4.5%) {63.6%}
18   -O                                                                        (1 = 4.5%) {68.2%}
19   ... 
23   -O                                                                        (1 = 4.5%) {72.7%}
24   ... 
27   -O                                                                        (1 = 4.5%) {77.3%}
28   ... 
47   -O                                                                        (1 = 4.5%) {81.8%}
49   ... 
92   -O                                                                        (1 = 4.5%) {86.4%}
97   ... 
117  --O                                                                       (2 = 9.1%) {90.9%}
123  ... 

Histogram: V8.TurboFanOptimizeConcurrentTotalTime recorded 17 samples, mean = 22714.9 (flags = 0x41)
0       ... 
282     -O                                                                        (1 = 5.9%) {0.0%}
391     -O                                                                        (1 = 5.9%) {5.9%}
542     ---O                                                                      (3 = 17.6%) {11.8%}
752     --O                                                                       (2 = 11.8%) {29.4%}
1043    ---O                                                                      (3 = 17.6%) {41.2%}
1447    --O                                                                       (2 = 11.8%) {58.8%}
2008    ... 
19866   --O                                                                       (2 = 11.8%) {70.6%}
27562   -O                                                                        (1 = 5.9%) {82.4%}
38240   ... 
102126  -O                                                                        (1 = 5.9%) {88.2%}
141691  -O                                                                        (1 = 5.9%) {94.1%}
196583  ... 

Histogram: V8.TurboFanOptimizeExecute recorded 17 samples, mean = 17675.3 (flags = 0x41)
0       ... 
258     -O                                                                        (1 = 5.9%) {0.0%}
340     -O                                                                        (1 = 5.9%) {5.9%}
448     --O                                                                       (2 = 11.8%) {11.8%}
590     --O                                                                       (2 = 11.8%) {23.5%}
777     --O                                                                       (2 = 11.8%) {35.3%}
1023    -O                                                                        (1 = 5.9%) {47.1%}
1347    ---O                                                                      (3 = 17.6%) {52.9%}
1774    ... 
21156   ---O                                                                      (3 = 17.6%) {70.6%}
27864   ... 
63662   -O                                                                        (1 = 5.9%) {88.2%}
83848   O                                                                         (0 = 0.0%) {94.1%}
110434  -O                                                                        (1 = 5.9%) {94.1%}
145450  ... 

Histogram: V8.TurboFanOptimizeFinalize recorded 17 samples, mean = 19.5 (flags = 0x41)
0   ... 
7   ---O                                                                      (3 = 17.6%) {0.0%}
9   -O                                                                        (1 = 5.9%) {17.6%}
12  -----O                                                                    (5 = 29.4%) {23.5%}
16  --O                                                                       (2 = 11.8%) {52.9%}
21  ----O                                                                     (4 = 23.5%) {64.7%}
28  ... 
49  --O                                                                       (2 = 11.8%) {88.2%}
65  ... 

Histogram: V8.TurboFanOptimizeForOnStackReplacementExecute recorded 5 samples, mean = 14325.4 (flags = 0x41)
0      ... 
1774   --O                                                                       (2 = 40.0%) {0.0%}
2336   ... 
12196  -O                                                                        (1 = 20.0%) {40.0%}
16063  O                                                                         (0 = 0.0%) {60.0%}
21156  -O                                                                        (1 = 20.0%) {60.0%}
27864  -O                                                                        (1 = 20.0%) {80.0%}
36699  ... 

Histogram: V8.TurboFanOptimizeForOnStackReplacementFinalize recorded 5 samples, mean = 35.4 (flags = 0x41)
0   ... 
12  -O                                                                        (1 = 20.0%) {0.0%}
16  -O                                                                        (1 = 20.0%) {20.0%}
21  O                                                                         (0 = 0.0%) {40.0%}
28  -O                                                                        (1 = 20.0%) {40.0%}
37  O                                                                         (0 = 0.0%) {60.0%}
49  --O                                                                       (2 = 40.0%) {60.0%}
65  ... 

Histogram: V8.TurboFanOptimizeForOnStackReplacementPrepare recorded 5 samples, mean = 21.6 (flags = 0x41)
0   ... 
5   --O                                                                       (2 = 40.0%) {0.0%}
7   ... 
12  -O                                                                        (1 = 20.0%) {40.0%}
16  O                                                                         (0 = 0.0%) {60.0%}
21  -O                                                                        (1 = 20.0%) {60.0%}
28  ... 
49  -O                                                                        (1 = 20.0%) {80.0%}
65  ... 

Histogram: V8.TurboFanOptimizeForOnStackReplacementTotalTime recorded 5 samples, mean = 274423.4 (flags = 0x41)
0       ... 
2786    -O                                                                        (1 = 20.0%) {0.0%}
3865    ... 
10321   -O                                                                        (1 = 20.0%) {20.0%}
14319   O                                                                         (0 = 0.0%) {40.0%}
19866   -O                                                                        (1 = 20.0%) {40.0%}
27562   ... 
525000  --O                                                                       (2 = 40.0%) {60.0%}
728390  ... 

Histogram: V8.TurboFanOptimizePrepare recorded 17 samples, mean = 6.4 (flags = 0x41)
0   ... 
3   ----O                                                                     (4 = 23.5%) {0.0%}
4   -----O                                                                    (5 = 29.4%) {23.5%}
5   ----O                                                                     (4 = 23.5%) {52.9%}
7   O                                                                         (0 = 0.0%) {76.5%}
9   --O                                                                       (2 = 11.8%) {76.5%}
12  O                                                                         (0 = 0.0%) {88.2%}
16  --O                                                                       (2 = 11.8%) {88.2%}
21  ... 

Histogram: V8.TurboFanOptimizeTotalBackground recorded 17 samples, mean = 17675.3 (flags = 0x41)
0       ... 
282     --O                                                                       (2 = 11.8%) {0.0%}
391     -O                                                                        (1 = 5.9%) {11.8%}
542     ---O                                                                      (3 = 17.6%) {17.6%}
752     --O                                                                       (2 = 11.8%) {35.3%}
1043    --O                                                                       (2 = 11.8%) {47.1%}
1447    --O                                                                       (2 = 11.8%) {58.8%}
2008    ... 
19866   --O                                                                       (2 = 11.8%) {70.6%}
27562   -O                                                                        (1 = 5.9%) {82.4%}
38240   ... 
73609   -O                                                                        (1 = 5.9%) {88.2%}
102126  -O                                                                        (1 = 5.9%) {94.1%}
141691  ... 

Histogram: V8.TurboFanOptimizeTotalForeground recorded 17 samples, mean = 25.9 (flags = 0x41)
0   ... 
8   -O                                                                        (1 = 5.9%) {0.0%}
11  -O                                                                        (1 = 5.9%) {5.9%}
15  -----O                                                                    (5 = 29.4%) {11.8%}
21  ------O                                                                   (6 = 35.3%) {41.2%}
29  -O                                                                        (1 = 5.9%) {76.5%}
40  -O                                                                        (1 = 5.9%) {82.4%}
55  --O                                                                       (2 = 11.8%) {88.2%}
76  ... 

Histogram: V8.TurboFanOptimizeTotalTime recorded 17 samples, mean = 22714.9 (flags = 0x41)
0       ... 
282     -O                                                                        (1 = 5.9%) {0.0%}
391     -O                                                                        (1 = 5.9%) {5.9%}
542     ---O                                                                      (3 = 17.6%) {11.8%}
752     --O                                                                       (2 = 11.8%) {29.4%}
1043    ---O                                                                      (3 = 17.6%) {41.2%}
1447    --O                                                                       (2 = 11.8%) {58.8%}
2008    ... 
19866   --O                                                                       (2 = 11.8%) {70.6%}
27562   -O                                                                        (1 = 5.9%) {82.4%}
38240   ... 
102126  -O                                                                        (1 = 5.9%) {88.2%}
141691  -O                                                                        (1 = 5.9%) {94.1%}
196583  ... 

Histogram: Variations.ExtendedSafeMode.BeaconFileStateAtStartup recorded 1 samples, mean = 0.0 (flags = 0x41)
0  -O                                                                        (1 = 100.0%)
1  ... 

Histogram: Variations.ExtendedSafeMode.BeaconFileWrite recorded 2 samples, mean = 1.0 (flags = 0x41)
0  O                                                                         (0 = 0.0%)
1  --O                                                                       (2 = 100.0%) {0.0%}
2  O                                                                         (0 = 0.0%) {100.0%}

Histogram: Variations.ForcedFieldTrialsAtStartupForInternalsPage recorded 1 samples, mean = 0.0 (flags = 0x41)
0  -O                                                                        (1 = 100.0%)
1  ... 

Histogram: Variations.Headers.ExperimentCount recorded 88 samples, mean = 1.0 (flags = 0x41)
0  O                                                                         (0 = 0.0%)
1  ------------------------------------------------------------------------O (88 = 100.0%) {0.0%}
2  ... 

Histogram: Variations.Headers.HasLowEntropySourceValue recorded 88 samples, mean = 1.0 (flags = 0x41)
0  O                                                                         (0 = 0.0%)
1  ------------------------------------------------------------------------O (88 = 100.0%) {0.0%}
2  O                                                                         (0 = 0.0%) {100.0%}

Histogram: Variations.Headers.RequestContextCategory recorded 60 samples, mean = 3.9 (flags = 0x41)
0  --O                                                                       (2 = 3.3%)
1  ... 
4  ----------------------------------------------------------O               (58 = 96.7%) {3.3%}
5  ... 

Histogram: Variations.Headers.URLValidationResult.Append recorded 60 samples, mean = 2.0 (flags = 0x41)
0  ... 
2  -----------------------------------------------------------O              (59 = 98.3%) {0.0%}
3  -O                                                                        (1 = 1.7%) {98.3%}
4  ... 

Histogram: Variations.Headers.URLValidationResult.Remove recorded 4 samples, mean = 2.0 (flags = 0x41)
0  ... 
2  ----O                                                                     (4 = 100.0%) {0.0%}
3  ... 

Histogram: Variations.Limits.VariationKeySize.Default recorded 22 samples, mean = 0.0 (flags = 0x41)
0  ----------------------O                                                   (22 = 100.0%)
1  ... 

Histogram: Variations.LoadPermanentConsistencyCountryResult recorded 1 samples, mean = 0.0 (flags = 0x41)
0  -O                                                                        (1 = 100.0%)
1  ... 

Histogram: Variations.PolicyRestriction recorded 1 samples, mean = 0.0 (flags = 0x41)
0  -O                                                                        (1 = 100.0%)
1  ... 

Histogram: Variations.SafeMode.Streak.Crashes recorded 1 samples (flags = 0x41)
1  -O                                                                        (1 = 100.0%)

Histogram: Variations.SafeMode.Streak.FetchFailures recorded 1 samples (flags = 0x41)
0  -O                                                                        (1 = 100.0%)

Histogram: Variations.SeedLoadResult recorded 1 samples, mean = 1.0 (flags = 0x41)
0  O                                                                         (0 = 0.0%)
1  -O                                                                        (1 = 100.0%) {0.0%}
2  ... 

Histogram: Variations.SeedUsage recorded 1 samples, mean = 2.0 (flags = 0x41)
0  ... 
2  -O                                                                        (1 = 100.0%) {0.0%}
3  ... 

Histogram: Variations.UserChannel recorded 1 samples (flags = 0x41)
-1 -O                                                                        (1 = 100.0%)

Histogram: Views.Browser.NumColorProvidersInitializedDuringOnNativeThemeUpdated recorded 3 samples, mean = 0.0 (flags = 0x41)
0  ---O                                                                      (3 = 100.0%)
1  ... 

Histogram: Views.Browser.TimeSpentInitializingColorProvider recorded 3 samples, mean = 9.7 (flags = 0x41)
0   --O                                                                       (2 = 66.7%)
1   ... 
29  -O                                                                        (1 = 33.3%) {66.7%}
34  ... 

Histogram: Views.Browser.TimeSpentProcessingOnNativeThemeUpdatedEvent recorded 3 samples, mean = 3.0 (flags = 0x41)
0  --O                                                                       (2 = 66.7%)
1  ... 
8  -O                                                                        (1 = 33.3%) {66.7%}
10 ... 

Histogram: Views.ColorProviderCacheSize recorded 3 samples, mean = 2.0 (flags = 0x41)
0  O                                                                         (0 = 0.0%)
1  -O                                                                        (1 = 33.3%) {0.0%}
2  -O                                                                        (1 = 33.3%) {33.3%}
3  -O                                                                        (1 = 33.3%) {66.7%}
4  ... 

Histogram: Viz.FrameSink.GpuBusyDuration recorded 2 samples, mean = 220206.5 (flags = 0x41)
0       ... 
33729   -O                                                                        (1 = 50.0%) {0.0%}
39071   ... 
354514  -O                                                                        (1 = 50.0%) {50.0%}
410663  ... 

Histogram: Viz.FrameSinkVideoCapturer.CaptureDuration recorded 2 samples, mean = 281.0 (flags = 0x41)
0    O                                                                         (0 = 0.0%)
1    -O                                                                        (1 = 50.0%) {0.0%}
2    ... 
554  -O                                                                        (1 = 50.0%) {50.0%}
623  ... 

Histogram: Viz.FrameSinkVideoCapturer.CaptureSucceeded recorded 2 samples, mean = 1.0 (flags = 0x41)
0  O                                                                         (0 = 0.0%)
1  --O                                                                       (2 = 100.0%) {0.0%}
2  O                                                                         (0 = 0.0%) {100.0%}

Histogram: Viz.FrameSinkVideoCapturer.FrameResurrected recorded 2 samples, mean = 0.0 (flags = 0x41)
0  --O                                                                       (2 = 100.0%)
1  ... 

Histogram: Viz.FrameSinkVideoCapturer.RGBA.CaptureDuration recorded 2 samples, mean = 281.0 (flags = 0x41)
0    O                                                                         (0 = 0.0%)
1    -O                                                                        (1 = 50.0%) {0.0%}
2    ... 
554  -O                                                                        (1 = 50.0%) {50.0%}
623  ... 

Histogram: Viz.FrameSinkVideoCapturer.RGBA.CaptureSucceeded recorded 2 samples, mean = 1.0 (flags = 0x41)
0  O                                                                         (0 = 0.0%)
1  --O                                                                       (2 = 100.0%) {0.0%}
2  O                                                                         (0 = 0.0%) {100.0%}

Histogram: Viz.FrameSinkVideoCapturer.ReserveFrameDuration recorded 2 samples, mean = 15.0 (flags = 0x41)
0   -O                                                                        (1 = 50.0%)
1   ... 
30  -O                                                                        (1 = 50.0%) {50.0%}
33  ... 

Histogram: Viz.FrameSinkVideoCapturer.TotalDuration recorded 2 samples, mean = 281.0 (flags = 0x41)
0    O                                                                         (0 = 0.0%)
1    -O                                                                        (1 = 50.0%) {0.0%}
2    ... 
554  -O                                                                        (1 = 50.0%) {50.0%}
623  ... 

Histogram: WebAuthentication.Windows.KeyCredentialManagerSupported recorded 1 samples, mean = 0.0 (flags = 0x41)
0  -O                                                                        (1 = 100.0%)
1  ... 

Histogram: WebContentsObserver.DOMContentLoaded recorded 3 samples, mean = 0.0 (flags = 0x41)
0  ---O                                                                      (3 = 100.0%)
1  ... 

Histogram: WebContentsObserver.DidChangeVisibleSecurityState recorded 2 samples, mean = 0.0 (flags = 0x41)
0  --O                                                                       (2 = 100.0%)
1  ... 

Histogram: WebContentsObserver.DidFinishLoad recorded 3 samples, mean = 0.0 (flags = 0x41)
0  ---O                                                                      (3 = 100.0%)
1  ... 

Histogram: WebContentsObserver.DidFinishNavigation recorded 5 samples, mean = 36.8 (flags = 0x41)
0    ---O                                                                      (3 = 60.0%)
1    ... 
34   -O                                                                        (1 = 20.0%) {60.0%}
40   ... 
135  -O                                                                        (1 = 20.0%) {80.0%}
160  ... 

Histogram: WebContentsObserver.DidFirstVisuallyNonEmptyPaint recorded 1 samples, mean = 0.0 (flags = 0x41)
0  -O                                                                        (1 = 100.0%)
1  ... 

Histogram: WebContentsObserver.DidRedirectNavigation recorded 2 samples, mean = 0.0 (flags = 0x41)
0  --O                                                                       (2 = 100.0%)
1  ... 

Histogram: WebContentsObserver.DidStartLoading recorded 3 samples, mean = 6.0 (flags = 0x41)
0   --O                                                                       (2 = 66.7%)
1   ... 
17  -O                                                                        (1 = 33.3%) {66.7%}
20  ... 

Histogram: WebContentsObserver.DidStartNavigation recorded 5 samples, mean = 14.8 (flags = 0x41)
0   ----O                                                                     (4 = 80.0%)
1   ... 
68  -O                                                                        (1 = 20.0%) {80.0%}
81  ... 

Histogram: WebContentsObserver.DidStartNavigation.MainFrame recorded 3 samples, mean = 24.7 (flags = 0x41)
0   --O                                                                       (2 = 66.7%)
1   ... 
68  -O                                                                        (1 = 33.3%) {66.7%}
81  ... 

Histogram: WebContentsObserver.DidStartNavigation.Subframe recorded 2 samples, mean = 0.0 (flags = 0x41)
0  --O                                                                       (2 = 100.0%)
1  ... 

Histogram: WebContentsObserver.DidStopLoading recorded 3 samples, mean = 0.0 (flags = 0x41)
0  ---O                                                                      (3 = 100.0%)
1  ... 

Histogram: WebContentsObserver.DidUpdateNavigationHandleTiming recorded 6 samples, mean = 0.0 (flags = 0x41)
0  ------O                                                                   (6 = 100.0%)
1  ... 

Histogram: WebContentsObserver.LoadProgressChanged recorded 14 samples, mean = 0.4 (flags = 0x41)
0  -------------O                                                            (13 = 92.9%)
1  ... 
5  -O                                                                        (1 = 7.1%) {92.9%}
6  ... 

Histogram: WebContentsObserver.NavigationEntryChanged recorded 3 samples, mean = 0.0 (flags = 0x41)
0  ---O                                                                      (3 = 100.0%)
1  ... 

Histogram: WebContentsObserver.NavigationEntryCommitted recorded 2 samples, mean = 0.0 (flags = 0x41)
0  --O                                                                       (2 = 100.0%)
1  ... 

Histogram: WebContentsObserver.PrimaryMainDocumentElementAvailable recorded 1 samples, mean = 0.0 (flags = 0x41)
0  -O                                                                        (1 = 100.0%)
1  ... 

Histogram: WebContentsObserver.RenderFrameCreated recorded 4 samples, mean = 12.2 (flags = 0x41)
0   ---O                                                                      (3 = 75.0%)
1   ... 
48  -O                                                                        (1 = 25.0%) {75.0%}
57  ... 

Histogram: WebContentsObserver.RenderFrameDeleted recorded 4 samples, mean = 0.0 (flags = 0x41)
0  ----O                                                                     (4 = 100.0%)
1  ... 

Histogram: WebContentsObserver.RenderViewReady recorded 2 samples, mean = 0.0 (flags = 0x41)
0  --O                                                                       (2 = 100.0%)
1  ... 

Histogram: WebContentsObserver.TitleWasSet recorded 1 samples, mean = 0.0 (flags = 0x41)
0  -O                                                                        (1 = 100.0%)
1  ... 

Histogram: WebCore.Scripts.Async.StartedStreaming recorded 26 samples, mean = 1.0 (flags = 0x41)
0  O                                                                         (0 = 0.0%)
1  --------------------------O                                               (26 = 100.0%) {0.0%}
2  O                                                                         (0 = 0.0%) {100.0%}

Histogram: WebCore.Scripts.Other.NotStreamingReason recorded 26 samples, mean = 11.0 (flags = 0x41)
0   ... 
11  --------------------------O                                               (26 = 100.0%) {0.0%}
12  ... 

Histogram: WebCore.Scripts.Other.StartedStreaming recorded 26 samples, mean = 0.0 (flags = 0x41)
0  --------------------------O                                               (26 = 100.0%)
1  ... 

Histogram: WebCore.Scripts.V8CodeCacheMetadata.Get recorded 50 samples, mean = 0.8 (flags = 0x41)
0  --------O                                                                 (8 = 16.0%)
1  ------------------------------------------O                               (42 = 84.0%) {16.0%}
2  ... 

Histogram: WebCore.Scripts.V8CodeCacheMetadata.Set recorded 26 samples, mean = 2.5 (flags = 0x41)
0  ---O                                                                      (3 = 11.5%)
1  --O                                                                       (2 = 7.7%) {11.5%}
2  O                                                                         (0 = 0.0%) {19.2%}
3  ---------------------O                                                    (21 = 80.8%) {19.2%}
4  O                                                                         (0 = 0.0%) {100.0%}

Histogram: WebCore.Scripts.V8CompileHintsStatus recorded 55 samples, mean = 10.5 (flags = 0x41)
0   ... 
10  --------------------------O                                               (26 = 47.3%) {0.0%}
11  -----------------------------O                                            (29 = 52.7%) {47.3%}
12  ... 

Histogram: WebCore.Scripts.V8CrowdsourcedCompileHints.ModelQuality recorded 1 samples, mean = 0.0 (flags = 0x41)
0  -O                                                                        (1 = 100.0%)
1  ... 

Histogram: WebCore.Scripts.V8LocalCompileHintsGenerated recorded 1 samples, mean = 0.0 (flags = 0x41)
0  -O                                                                        (1 = 100.0%)
1  ... 

Histogram: WebCore.Scripts.V8LocalCompileHintsObsoletedByCodeCache recorded 2 samples, mean = 0.0 (flags = 0x41)
0  --O                                                                       (2 = 100.0%)
1  ... 

Histogram: WebDatabase.InitResult recorded 2 samples, mean = 0.0 (flags = 0x41)
0  --O                                                                       (2 = 100.0%)
1  ... 

Histogram: WebFont.CacheHit recorded 5 samples, mean = 1.4 (flags = 0x41)
0  O                                                                         (0 = 0.0%)
1  ----O                                                                     (4 = 80.0%) {0.0%}
2  O                                                                         (0 = 0.0%) {80.0%}
3  -O                                                                        (1 = 20.0%) {80.0%}
4  O                                                                         (0 = 0.0%) {100.0%}

Histogram: WebFont.Clients.RenderBlockingFonts.ExpiredFonts recorded 1 samples, mean = 1.0 (flags = 0x41)
0  O                                                                         (0 = 0.0%)
1  -O                                                                        (1 = 100.0%) {0.0%}
2  O                                                                         (0 = 0.0%) {100.0%}

Histogram: WebFont.HadBlankText recorded 1 samples, mean = 0.0 (flags = 0x41)
0  -O                                                                        (1 = 100.0%)
1  ... 

Histogram: WebFont.LocalFontUsed recorded 1 samples, mean = 1.0 (flags = 0x41)
0  O                                                                         (0 = 0.0%)
1  -O                                                                        (1 = 100.0%) {0.0%}
2  O                                                                         (0 = 0.0%) {100.0%}

Histogram: Windows.AcLayersLoaded recorded 1 samples, mean = 0.0 (flags = 0x41)
0  -O                                                                        (1 = 100.0%)
1  ... 

Histogram: Windows.CetAvailable recorded 1 samples, mean = 1.0 (flags = 0x41)
0  O                                                                         (0 = 0.0%)
1  -O                                                                        (1 = 100.0%) {0.0%}
2  O                                                                         (0 = 0.0%) {100.0%}

Histogram: Windows.CetEnabled recorded 1 samples, mean = 0.0 (flags = 0x41)
0  -O                                                                        (1 = 100.0%)
1  ... 

Histogram: Windows.DisplayIdFromDeviceId recorded 8 samples, mean = 3.0 (flags = 0x41)
0  ... 
3  --------O                                                                 (8 = 100.0%) {0.0%}
4  O                                                                         (0 = 0.0%) {100.0%}

Histogram: Windows.DisplayIdFromDeviceKey recorded 8 samples, mean = 3.0 (flags = 0x41)
0  ... 
3  --------O                                                                 (8 = 100.0%) {0.0%}
4  O                                                                         (0 = 0.0%) {100.0%}

Histogram: Windows.Enclave.SGX.Available recorded 1 samples, mean = 0.0 (flags = 0x41)
0  -O                                                                        (1 = 100.0%)
1  ... 

Histogram: Windows.Enclave.SGX2.Available recorded 1 samples, mean = 0.0 (flags = 0x41)
0  -O                                                                        (1 = 100.0%)
1  ... 

Histogram: Windows.Enclave.VBS.Available recorded 1 samples, mean = 1.0 (flags = 0x41)
0  O                                                                         (0 = 0.0%)
1  -O                                                                        (1 = 100.0%) {0.0%}
2  O                                                                         (0 = 0.0%) {100.0%}

Histogram: Windows.Enclave.VBSBasic.Available recorded 1 samples, mean = 0.0 (flags = 0x41)
0  -O                                                                        (1 = 100.0%)
1  ... 

Histogram: Windows.HasHighResolutionTimeTicks recorded 1 samples, mean = 1.0 (flags = 0x41)
0  O                                                                         (0 = 0.0%)
1  -O                                                                        (1 = 100.0%) {0.0%}
2  O                                                                         (0 = 0.0%) {100.0%}

Histogram: Windows.HasThreadTicks recorded 1 samples, mean = 1.0 (flags = 0x41)
0  O                                                                         (0 = 0.0%)
1  -O                                                                        (1 = 100.0%) {0.0%}
2  O                                                                         (0 = 0.0%) {100.0%}

Histogram: Windows.HypervPresent recorded 1 samples, mean = 1.0 (flags = 0x41)
0  O                                                                         (0 = 0.0%)
1  -O                                                                        (1 = 100.0%) {0.0%}
2  O                                                                         (0 = 0.0%) {100.0%}

Histogram: Windows.LegacyDisplayIdAlgorithm recorded 20 samples, mean = 0.0 (flags = 0x41)
0  --------------------O                                                     (20 = 100.0%)
1  ... 

Histogram: Windows.ParallelDllLoadingEnabled recorded 1 samples, mean = 1.0 (flags = 0x41)
0  O                                                                         (0 = 0.0%)
1  -O                                                                        (1 = 100.0%) {0.0%}
2  O                                                                         (0 = 0.0%) {100.0%}

Histogram: Windows.PatchLevel recorded 1 samples (flags = 0x41)
1717052657  -O                                                                        (1 = 100.0%)

Histogram: Windows.PatchLevelKernel32 recorded 1 samples (flags = 0x41)
1710499044  -O                                                                        (1 = 100.0%)

Histogram: Windows.ProcessorFamily recorded 1 samples (flags = 0x41)
107  -O                                                                        (1 = 100.0%)

Histogram: Windows.ProcessorVirtualizationFirmwareEnabled recorded 1 samples, mean = 1.0 (flags = 0x41)
0  O                                                                         (0 = 0.0%)
1  -O                                                                        (1 = 100.0%) {0.0%}
2  O                                                                         (0 = 0.0%) {100.0%}


